# Blender 4.4.1
# www.blender.org
o Snowy_Door
v 0.285315 0.836653 0.052243
v 0.285315 0.836653 -0.081417
v 0.286490 0.875880 0.052243
v 0.420089 0.871877 0.052243
v 0.418914 0.832652 0.052243
v 0.418914 0.832652 -0.081417
v 0.420089 0.871877 -0.081417
v 0.286490 0.875880 -0.081417
v 0.257219 1.107032 0.036207
v 0.256504 1.147664 0.035732
v 0.254739 1.146982 -0.020033
v 0.255454 1.106348 -0.019559
v 0.301140 1.107136 -0.021014
v 0.300425 1.147770 -0.021489
v 0.302190 1.148452 0.034276
v 0.302904 1.107817 0.034751
v 0.007221 1.514484 0.024291
v 0.028713 1.554572 0.024804
v 0.021193 1.508958 0.024292
v 0.028714 1.554591 0.021566
v 0.007226 1.514545 0.013594
v 0.032953 1.552914 0.021566
v 0.021231 1.509004 0.013594
v 0.032941 1.552901 0.024804
v -0.141280 1.257382 0.052276
v -0.138454 1.252987 -0.081332
v -0.100981 1.265427 0.053223
v -0.080863 1.121333 0.052158
v -0.108353 1.119544 0.052158
v -0.108353 1.119544 -0.081332
v -0.080863 1.121333 -0.081332
v -0.105091 1.271710 -0.083336
v 0.247252 1.127562 -0.069189
v 0.247252 1.127562 0.040015
v 0.209020 1.168120 -0.069189
v 0.175029 1.040613 0.040015
v 0.175029 1.040613 -0.069189
v 0.159138 1.055363 0.040015
v 0.159138 1.055363 -0.069189
v 0.209020 1.168120 0.040015
v -0.541951 0.230141 0.017599
v -0.542164 0.153577 0.018233
v -0.542923 0.229640 -0.043291
v -0.418004 0.153215 0.016254
v -0.417791 0.229780 0.015620
v -0.418763 0.229279 -0.045270
v -0.418976 0.152714 -0.044636
v -0.543136 0.153075 -0.042657
v -0.390074 0.933696 0.040599
v -0.390074 0.933696 -0.069773
v -0.383629 0.951975 0.040599
v -0.295554 0.915679 0.040599
v -0.308672 0.897800 0.040599
v -0.397827 0.914733 0.040599
v -0.397827 0.914733 -0.069773
v -0.317178 0.876294 -0.069773
v -0.317178 0.876294 0.040599
v -0.308671 0.897800 -0.069773
v -0.295554 0.915679 -0.069773
v -0.383629 0.951975 -0.069773
v -0.719230 0.535386 0.012784
v -0.714603 0.362487 0.008089
v -0.724236 0.536612 -0.037276
v -0.607503 0.365642 -0.002542
v -0.612130 0.538541 0.002153
v -0.617135 0.539767 -0.047906
v -0.612508 0.366868 -0.052601
v -0.719608 0.363713 -0.041971
v -0.739846 0.678541 0.020841
v -0.738480 0.642674 0.020058
v -0.745825 0.679405 -0.029119
v -0.594403 0.648535 0.002917
v -0.595769 0.684403 0.003700
v -0.601748 0.685266 -0.046260
v -0.600382 0.649398 -0.047043
v -0.744459 0.643537 -0.029902
v -0.566573 1.069721 0.019022
v -0.566573 1.069721 -0.048195
v -0.567027 1.083905 0.019022
v -0.314964 1.091993 0.019022
v -0.314509 1.077809 0.019022
v -0.314509 1.077809 -0.048195
v -0.314964 1.091993 -0.048195
v -0.567027 1.083905 -0.048195
v 0.559392 0.534019 -0.046077
v 0.561641 0.509187 -0.043896
v 0.558088 0.537965 0.019397
v 0.521068 0.545741 0.018192
v 0.522371 0.541794 -0.047282
v 0.474479 0.548584 0.017092
v 0.475783 0.544638 -0.048382
v 0.453577 0.551240 0.016516
v 0.454881 0.547293 -0.048958
v 0.390870 0.559205 0.014787
v 0.392174 0.555259 -0.050687
v 0.386533 0.522033 0.016942
v 0.387837 0.518086 -0.048532
v 0.451710 0.514718 0.018680
v 0.453014 0.510772 -0.046794
v 0.480276 0.508460 0.019626
v 0.481580 0.506841 -0.045848
v 0.518190 0.509883 -0.045055
v 0.516886 0.507404 0.020419
v 0.560337 0.502528 0.021578
v -0.341628 1.189946 0.016958
v -0.343395 1.189266 -0.038831
v -0.342359 1.236123 0.016418
v -0.223409 1.237963 0.012629
v -0.222678 1.191785 0.013169
v -0.224445 1.191105 -0.042621
v -0.225175 1.237283 -0.043160
v -0.344125 1.235443 -0.039371
v 0.556857 0.933460 0.013336
v 0.556819 0.933499 -0.042484
v 0.635949 0.929455 0.013279
v 0.511503 0.930239 -0.042455
v 0.511541 0.930201 0.013364
v 0.558997 0.895285 0.013310
v 0.517302 0.897660 0.010510
v 0.468767 0.898424 0.005804
v 0.471858 0.927345 0.013393
v 0.468730 0.898464 -0.042453
v 0.466187 0.924567 -0.042427
v 0.635908 0.898143 0.013253
v 0.650327 0.937080 -0.019457
v 0.650460 0.903027 -0.042567
v 0.643815 0.933330 -0.038567
v 0.604120 0.938033 -0.037681
v 0.554198 0.709702 -0.048807
v 0.555405 0.678392 -0.047138
v 0.558992 0.712552 0.001207
v 0.387592 0.706835 0.017964
v 0.382798 0.703985 -0.032050
v 0.388799 0.675527 0.019633
v 0.384005 0.672677 -0.030381
v 0.560200 0.681243 0.002876
v 0.915692 0.103982 0.020041
v 0.948334 0.059841 0.020679
v 0.876685 0.114046 0.018830
v 0.943916 0.097039 0.003296
v 0.945769 0.097616 -0.051606
v 0.879132 0.114808 -0.053674
v 0.875216 0.006432 0.017650
v 0.877663 0.007194 -0.054854
v 0.963531 0.005080 0.031022
v 0.964325 0.006043 -0.057906
v 0.228442 1.148883 0.029533
v 0.223353 1.148199 -0.026074
v 0.228010 1.172536 0.029282
v 0.301127 1.173799 0.022576
v 0.301559 1.150147 0.022827
v 0.296470 1.149462 -0.032781
v 0.296038 1.173116 -0.033032
v 0.222921 1.171852 -0.026325
v 0.695958 0.346664 0.009169
v 0.698598 0.293194 0.011383
v 0.680838 0.346515 0.009390
v 0.700872 0.330219 -0.000664
v 0.699828 0.346180 -0.001442
v 0.699268 0.344210 -0.041138
v 0.699822 0.291508 -0.038564
v 0.680683 0.291318 -0.038285
v 0.692378 0.294977 -0.002059
v 0.703001 0.290631 -0.030981
v 0.705861 0.292460 -0.003288
v 0.681427 0.294154 0.012059
v 0.680128 0.344019 -0.040858
v -0.353821 0.777298 0.002705
v -0.357126 0.777298 0.000797
v -0.349188 0.777298 -0.014587
v -0.368388 0.777298 0.012058
v -0.366480 0.777298 0.015364
v -0.353821 0.009805 0.002705
v -0.349188 0.009805 -0.014587
v -0.366480 0.009805 0.015364
v -0.383771 0.009805 0.019997
v -0.401064 0.777298 0.015364
v -0.383771 0.777298 0.019997
v -0.401064 0.009805 0.015364
v -0.413723 0.009805 0.002705
v -0.413723 0.777298 0.002705
v -0.418355 0.777298 -0.014587
v -0.418355 0.009805 -0.014587
v -0.413723 0.009805 -0.031879
v -0.413723 0.777298 -0.031879
v -0.401063 0.777298 -0.044538
v -0.401063 0.009805 -0.044538
v -0.383772 0.009805 -0.049171
v -0.383772 0.777298 -0.049171
v -0.366480 0.009805 -0.044538
v -0.366480 0.777298 -0.044538
v -0.353821 0.777298 -0.031879
v -0.357126 0.777298 -0.029971
v -0.368388 0.777298 -0.041232
v -0.353821 0.009805 -0.031879
v -0.383772 0.777298 -0.045354
v -0.399155 0.777298 -0.041232
v -0.410417 0.777298 -0.029971
v -0.414539 0.777298 -0.014587
v -0.410417 0.777298 0.000797
v -0.399155 0.777298 0.012058
v -0.383772 0.777298 0.016180
v -0.353004 0.777298 -0.014587
v 0.581704 0.772818 -0.041908
v 0.580849 0.736878 -0.042745
v 0.581580 0.771521 0.013897
v 0.385557 0.776189 0.013571
v 0.385680 0.777486 -0.042233
v 0.384703 0.740248 0.012734
v 0.384826 0.741545 -0.043070
v 0.580726 0.735581 0.013059
v -0.611619 0.537787 -0.060885
v -0.596105 0.538142 -0.060909
v -0.611497 0.537820 0.018354
v -0.608756 0.418621 0.018399
v -0.608877 0.418588 -0.060840
v -0.595984 0.538174 0.018330
v -0.593241 0.418977 0.018375
v -0.593363 0.418943 -0.060864
v -0.378942 1.055743 0.009260
v -0.378256 1.055156 -0.032571
v -0.378648 1.075386 0.008989
v -0.355486 1.075045 0.009374
v -0.355780 1.055403 0.009645
v -0.355094 1.054815 -0.032186
v -0.354800 1.074458 -0.032457
v -0.377962 1.074798 -0.032842
v -0.429719 0.874589 0.021195
v -0.429719 0.874589 -0.050369
v -0.429532 0.895603 0.021195
v -0.357978 0.894965 0.021195
v -0.358166 0.873951 0.021195
v -0.358166 0.873951 -0.050369
v -0.429532 0.895603 -0.050369
v -0.357979 0.894965 -0.050369
v 0.217036 1.170128 0.012156
v 0.215271 1.169444 -0.043635
v 0.216062 1.228248 0.016366
v 0.335015 1.230296 0.012576
v 0.335989 1.172176 0.008366
v 0.334224 1.171492 -0.047425
v 0.333249 1.229615 -0.043215
v 0.214296 1.227566 -0.039425
v 0.464218 0.892288 0.004853
v 0.465133 0.970522 -0.040786
v 0.463763 0.895416 -0.050877
v 0.465589 0.967393 0.014944
v 0.368914 0.893977 -0.007635
v 0.370285 0.969084 0.015817
v 0.368459 0.897105 -0.050004
v 0.369830 0.971461 -0.039913
v 0.545183 1.063832 -0.040365
v 0.542859 1.063961 0.016254
v 0.544343 1.122510 -0.040535
v 0.423562 1.062240 0.011361
v 0.425886 1.062110 -0.045258
v 0.422723 1.120919 0.011191
v 0.425047 1.120787 -0.045428
v 0.542019 1.122639 0.016084
v -0.415545 0.383734 0.004309
v -0.414751 0.414701 0.004726
v -0.416710 0.384569 -0.055588
v -0.513511 0.417208 0.006681
v -0.514306 0.386241 0.006264
v -0.515471 0.387078 -0.053632
v -0.514675 0.418044 -0.053215
v -0.415916 0.415536 -0.055171
v 0.590865 1.123464 -0.039512
v 0.588538 1.123596 0.017190
v 0.590725 1.133259 -0.039540
v 0.422151 1.121196 0.010366
v 0.424479 1.121064 -0.046336
v 0.422011 1.130988 0.010338
v 0.424339 1.130858 -0.046364
v 0.588398 1.133388 0.017162
v -0.624552 1.023034 0.014869
v -0.623253 1.021127 -0.040903
v -0.624401 1.049230 0.013976
v -0.593502 1.049076 0.014701
v -0.593654 1.022879 0.015594
v -0.592354 1.020972 -0.040178
v -0.592202 1.047169 -0.041071
v -0.623101 1.047323 -0.041796
v 0.508994 0.228975 -0.044997
v 0.509908 0.152458 -0.042345
v 0.508059 0.231072 0.015859
v 0.383906 0.229525 0.014006
v 0.384841 0.227427 -0.046850
v 0.384821 0.153008 0.016658
v 0.385755 0.150911 -0.044198
v 0.508974 0.154557 0.018511
v -0.040042 1.354151 0.024291
v -0.061533 1.314061 0.024804
v -0.054013 1.359678 0.024292
v -0.061535 1.314042 0.021566
v -0.040047 1.354090 0.013594
v -0.054051 1.359628 0.013594
v -0.065773 1.315719 0.021566
v -0.065762 1.315735 0.024804
v 0.317423 1.260526 -0.035246
v 0.313572 1.261208 0.010895
v 0.147392 1.263725 -0.017291
v 0.314076 1.230372 0.011410
v 0.317927 1.229688 -0.034833
v 0.150506 1.227410 0.009865
v 0.154357 1.226725 -0.045845
v 0.147116 1.244999 0.011258
v 0.146339 1.258709 -0.002073
v 0.195569 1.256205 0.014510
v -0.064277 1.297250 0.064053
v -0.064277 1.297250 -0.093227
v -0.018502 1.301045 0.064053
v -0.018016 1.130088 0.064053
v -0.051197 1.125699 0.064053
v -0.051197 1.125699 -0.093227
v -0.018016 1.130088 -0.093227
v -0.018502 1.301045 -0.093227
v 0.316406 0.831628 0.046905
v 0.325985 0.832984 0.030313
v 0.387411 0.831628 0.046905
v 0.300062 0.832984 -0.014587
v 0.280903 0.831628 -0.014587
v 0.316406 0.804549 0.046905
v 0.280903 0.804549 -0.014587
v 0.316406 0.804549 -0.076079
v 0.325411 0.804549 0.031307
v 0.298915 0.804549 -0.014587
v 0.325411 0.804549 -0.060481
v 0.378405 0.804549 -0.060481
v 0.387411 0.804549 -0.076079
v 0.316406 0.831628 -0.076079
v 0.387411 0.831628 -0.076079
v 0.422914 0.804549 -0.014587
v 0.387411 0.804549 0.046905
v 0.404902 0.804549 -0.014587
v 0.422914 0.831628 -0.014587
v 0.377832 0.832984 0.030313
v 0.403755 0.832984 -0.014587
v 0.383826 0.834857 -0.014587
v 0.367867 0.834857 0.013055
v 0.377832 0.832984 -0.059487
v 0.325985 0.832984 -0.059487
v 0.367867 0.834857 -0.042229
v 0.335949 0.834857 -0.042229
v 0.351908 0.836728 -0.014587
v 0.319990 0.834857 -0.014587
v 0.335949 0.834857 0.013055
v 0.378405 0.804549 0.031307
v 0.633790 1.058193 -0.039933
v 0.632130 1.058880 0.015857
v 0.633465 1.067714 -0.040060
v 0.557158 1.054671 0.013993
v 0.558817 1.053984 -0.041797
v 0.462952 1.051729 0.009278
v 0.631805 1.068401 0.015731
v 0.567546 1.064192 0.013866
v 0.462236 1.062543 0.010759
v 0.569206 1.063506 -0.041924
v 0.463895 1.061857 -0.045031
v 0.464221 1.052336 -0.044905
v -0.634163 0.806855 0.015832
v -0.635111 0.778729 0.015615
v -0.634671 0.807305 -0.039983
v -0.439157 0.772141 0.013781
v -0.438210 0.800267 0.013999
v -0.438717 0.800716 -0.041816
v -0.439664 0.772589 -0.042034
v -0.635618 0.779177 -0.040201
v 0.494573 1.232920 -0.036848
v 0.494963 1.216769 -0.036787
v 0.490143 1.233029 0.019730
v 0.335309 1.229251 0.007613
v 0.339739 1.229142 -0.048965
v 0.335698 1.213096 0.007675
v 0.340128 1.212990 -0.048904
v 0.490532 1.216875 0.019792
v -0.783670 0.292629 0.012629
v -0.796006 0.348082 0.011474
v -0.780996 0.347261 0.009807
v -0.798696 0.292108 0.014474
v -0.789109 0.292383 -0.000639
v -0.778177 0.329207 -0.000328
v -0.778198 0.346559 -0.001126
v -0.785438 0.288398 -0.037676
v -0.783707 0.289925 -0.028448
v -0.782680 0.344739 -0.040587
v -0.801681 0.345779 -0.038476
v -0.804438 0.289435 -0.035565
v 0.546652 0.341991 -0.059085
v 0.488632 0.343586 -0.056430
v 0.550259 0.341867 0.019820
v 0.552025 0.406081 0.019841
v 0.548417 0.406205 -0.059064
v 0.494005 0.407675 0.022496
v 0.490397 0.407800 -0.056409
v 0.492239 0.343461 0.022475
v -0.523210 0.613789 0.012288
v -0.522743 0.613827 -0.028123
v -0.522844 0.602627 0.012281
v -0.510260 0.603040 0.012428
v -0.510626 0.614203 0.012434
v -0.510159 0.614239 -0.027977
v -0.522376 0.602664 -0.028130
v -0.509792 0.603077 -0.027983
v -0.606349 0.367399 0.030311
v -0.586783 0.367410 0.029832
v -0.608289 0.367368 -0.048913
v -0.586817 0.419642 0.029813
v -0.606383 0.419629 0.030292
v -0.608323 0.419600 -0.048932
v -0.588758 0.419611 -0.049411
v -0.588723 0.367381 -0.049392
v 0.096705 1.325172 -0.049401
v 0.097230 1.303372 -0.049318
v 0.092275 1.325279 0.007178
v -0.062597 1.321500 -0.004942
v -0.058167 1.321391 -0.061521
v -0.062072 1.299700 -0.004859
v -0.057642 1.299591 -0.061438
v 0.092800 1.303479 0.007261
v 0.386826 0.396324 -0.027236
v 0.387646 0.412447 -0.026306
v 0.394095 0.392531 0.032101
v 0.491978 0.388258 0.019836
v 0.484709 0.392051 -0.039501
v 0.492799 0.404381 0.020766
v 0.485529 0.408174 -0.038571
v 0.394916 0.408654 0.033031
v 0.407060 0.800571 -0.013212
v 0.405985 0.804534 -0.013235
v 0.400359 0.800576 -0.040971
v 0.399438 0.796606 -0.040466
v 0.406010 0.796601 -0.013243
v 0.398065 0.804485 0.013627
v 0.398984 0.800520 0.014177
v 0.377774 0.804405 0.032929
v 0.398089 0.796552 0.013619
v 0.378295 0.800438 0.033859
v 0.350551 0.804313 0.039501
v 0.350537 0.800347 0.040559
v 0.377799 0.796472 0.032922
v 0.350576 0.796381 0.039493
v 0.323147 0.800270 0.032483
v 0.323714 0.796305 0.031573
v 0.303466 0.800227 0.011794
v 0.304411 0.796264 0.011282
v 0.297840 0.796269 -0.015941
v 0.296765 0.800232 -0.015964
v 0.297815 0.804203 -0.015934
v 0.305736 0.804251 -0.042796
v 0.304841 0.800283 -0.043354
v 0.326026 0.804333 -0.062099
v 0.325530 0.800365 -0.063035
v 0.305760 0.796319 -0.042803
v 0.326051 0.796400 -0.062106
v 0.353274 0.796490 -0.068677
v 0.353288 0.800457 -0.069736
v 0.353249 0.804423 -0.068670
v 0.380677 0.800535 -0.061660
v 0.380111 0.804498 -0.060749
v 0.399414 0.804539 -0.040459
v 0.394170 0.804519 -0.037603
v 0.376998 0.804483 -0.055654
v 0.353100 0.804416 -0.062701
v 0.328882 0.804337 -0.056855
v 0.310830 0.804265 -0.039682
v 0.303784 0.804220 -0.015785
v 0.304387 0.804198 0.011290
v 0.309630 0.804217 0.008434
v 0.326803 0.804252 0.026485
v 0.323689 0.804239 0.031580
v 0.350700 0.804320 0.033532
v 0.374919 0.804400 0.027686
v 0.392970 0.804472 0.010513
v 0.400016 0.804516 -0.013384
v 0.380136 0.796566 -0.060757
v 0.676764 0.342344 -0.027352
v 0.673074 0.258253 -0.024523
v 0.677197 0.344017 0.022943
v 0.673507 0.259926 0.025772
v 0.668054 0.335268 0.023312
v 0.605061 0.338048 0.023762
v 0.596719 0.347568 0.023517
v 0.593029 0.263477 0.026346
v 0.596287 0.345895 -0.026778
v 0.602172 0.272226 0.025976
v 0.602549 0.272581 0.025734
v 0.665165 0.269445 0.025527
v 0.664818 0.269833 0.025290
v 0.667560 0.334461 0.010002
v 0.667673 0.334898 0.023101
v 0.664705 0.269398 0.012191
v 0.602437 0.272145 0.012635
v 0.667180 0.334093 0.009791
v 0.664358 0.269784 0.011954
v 0.602813 0.272500 0.012393
v 0.605635 0.336808 0.010230
v 0.605292 0.337210 0.010446
v 0.605404 0.337646 0.023545
v 0.592597 0.261803 -0.023949
v -0.695700 0.894695 0.006276
v -0.690337 0.894036 -0.049281
v -0.697107 0.930112 0.005720
v -0.516360 0.937566 0.023079
v -0.514952 0.902148 0.023635
v -0.509589 0.901490 -0.031922
v -0.510997 0.936907 -0.032478
v -0.691744 0.929454 -0.049837
v 0.558399 0.600645 -0.032786
v 0.561533 0.549895 -0.031665
v 0.555853 0.601379 0.007578
v 0.473692 0.596194 0.002491
v 0.476237 0.595459 -0.037874
v 0.476826 0.545444 0.003612
v 0.479371 0.544709 -0.036752
v 0.558987 0.550630 0.008700
v -0.469962 1.003317 0.015776
v -0.471916 1.006005 -0.039944
v -0.471485 1.041539 0.017673
v -0.352634 1.046470 0.013742
v -0.351110 1.008249 0.011845
v -0.353065 1.010937 -0.043875
v -0.354588 1.049158 -0.041978
v -0.473439 1.044226 -0.038047
v 0.371525 0.882945 -0.068741
v 0.371525 0.882945 0.039568
v 0.369159 0.894181 -0.068741
v 0.374865 0.871331 0.039567
v 0.374865 0.871331 -0.068741
v 0.301740 0.844157 0.039567
v 0.301740 0.844157 -0.068741
v 0.298190 0.857339 0.039567
v 0.298190 0.857339 -0.068741
v 0.290226 0.868069 -0.068741
v 0.290226 0.868069 0.039567
v 0.369159 0.894181 0.039567
v 0.670393 0.543197 -0.038580
v 0.678006 0.370341 -0.038896
v 0.676569 0.543379 0.011363
v 0.569815 0.538652 0.024580
v 0.563640 0.538471 -0.025363
v 0.577428 0.365796 0.024264
v 0.571252 0.365616 -0.025679
v 0.684182 0.370522 0.011047
v -0.710002 0.260822 0.026837
v -0.709859 0.153193 0.026270
v -0.709613 0.261297 -0.063296
v -0.629303 0.153299 0.026618
v -0.629446 0.260927 0.027185
v -0.629057 0.261403 -0.062948
v -0.628914 0.153774 -0.063515
v -0.709471 0.153668 -0.063863
v -0.262237 1.142563 0.034521
v -0.262237 1.142563 -0.063695
v -0.248684 1.159665 0.034521
v -0.171149 1.066670 0.034521
v -0.181456 1.055010 0.034521
v -0.181456 1.055010 -0.063695
v -0.171149 1.066670 -0.063695
v -0.248684 1.159665 -0.063695
v -0.720299 0.472004 0.002243
v -0.721992 0.361850 0.001359
v -0.768995 0.438579 0.005733
v -0.722214 0.363319 -0.057682
v -0.724492 0.472877 -0.047899
v -0.771637 0.470742 -0.008539
v -0.779102 0.451890 -0.001690
v -0.791526 0.470432 -0.032447
v -0.791146 0.438561 -0.007617
v -0.788336 0.360771 0.005843
v -0.793392 0.355158 -0.042132
v -0.521381 0.679035 0.014093
v -0.520754 0.615877 0.017843
v -0.525309 0.676022 -0.035988
v -0.418459 0.616414 0.009786
v -0.419086 0.679570 0.006035
v -0.423015 0.676558 -0.044045
v -0.422388 0.613400 -0.040294
v -0.524683 0.612865 -0.032237
v -0.222274 1.398716 0.018896
v -0.224042 1.398034 -0.036948
v -0.224158 1.517782 0.017505
v -0.050047 1.520472 0.011958
v -0.048163 1.401406 0.013349
v -0.049931 1.400726 -0.042495
v -0.051815 1.519792 -0.043886
v -0.225926 1.517102 -0.038339
v -0.338543 1.037291 0.038016
v -0.338543 1.037291 -0.067190
v -0.321864 1.059082 0.038016
v -0.249264 0.992927 0.038016
v -0.260661 0.976497 0.038016
v -0.260661 0.976497 -0.067190
v -0.249264 0.992927 -0.067190
v -0.321864 1.059082 -0.067190
v -0.305429 1.159178 0.027193
v -0.300732 1.158355 -0.040140
v -0.305873 1.189691 0.026790
v -0.253905 1.190497 0.030405
v -0.253461 1.159982 0.030809
v -0.248764 1.159159 -0.036524
v -0.249208 1.189675 -0.036928
v -0.301176 1.188870 -0.040543
v -0.613566 0.148215 -0.042628
v -0.539342 0.150837 -0.045282
v -0.616980 0.150711 0.018235
v -0.618050 0.089896 0.018245
v -0.610255 0.093688 -0.042618
v -0.544470 0.142283 0.015581
v -0.541541 0.094424 0.015591
v -0.538889 0.092690 -0.045272
v -0.419274 0.831628 0.046905
v -0.409695 0.832984 0.030313
v -0.348269 0.831628 0.046905
v -0.435618 0.832984 -0.014587
v -0.454777 0.831628 -0.014587
v -0.419274 0.804549 0.046905
v -0.454777 0.804549 -0.014587
v -0.419274 0.804549 -0.076079
v -0.410268 0.804549 0.031307
v -0.436765 0.804549 -0.014587
v -0.410268 0.804549 -0.060481
v -0.348269 0.804549 -0.076079
v -0.357275 0.804549 -0.060481
v -0.330778 0.804549 -0.014587
v -0.312766 0.804549 -0.014587
v -0.348269 0.831628 -0.076079
v -0.312766 0.831628 -0.014587
v -0.348269 0.804549 0.046905
v -0.357275 0.804549 0.031307
v -0.357848 0.832984 0.030313
v -0.331925 0.832984 -0.014587
v -0.351853 0.834857 -0.014587
v -0.367812 0.834857 0.013055
v -0.357848 0.832984 -0.059487
v -0.367812 0.834857 -0.042229
v -0.419274 0.831628 -0.076079
v -0.409695 0.832984 -0.059487
v -0.399731 0.834857 -0.042229
v -0.415690 0.834857 -0.014587
v -0.383771 0.836728 -0.014587
v -0.399731 0.834857 0.013055
v 0.626537 0.100050 0.027085
v 0.675575 0.082917 0.028276
v 0.427637 0.104670 0.020357
v 0.676355 0.099265 0.016430
v 0.678476 0.101064 -0.045051
v 0.382713 0.107933 -0.055055
v 0.380575 0.106118 0.006905
v 0.379825 0.090408 0.018290
v 0.673804 0.003176 0.025881
v 0.380588 0.012203 -0.057930
v 0.378041 0.010045 0.015877
v 0.676350 0.005336 -0.047926
v -0.104520 1.279043 0.056573
v -0.104520 1.279043 -0.085747
v -0.063478 1.285603 0.056573
v -0.051321 1.131385 0.056573
v -0.080958 1.125150 0.056573
v -0.080958 1.125150 -0.085747
v -0.051321 1.131385 -0.085747
v -0.063478 1.285603 -0.085747
v 0.056986 1.474294 0.024291
v 0.100530 1.487445 0.024804
v 0.062957 1.460507 0.024292
v 0.100544 1.487457 0.021566
v 0.057033 1.474334 0.013594
v 0.063017 1.460513 0.013594
v 0.102356 1.483273 0.021566
v 0.102337 1.483270 0.024804
v -0.687361 0.805695 0.015647
v -0.686250 0.738581 0.012055
v -0.685371 0.808710 -0.040055
v -0.636985 0.739300 0.013853
v -0.638096 0.806413 0.017446
v -0.636106 0.809428 -0.038256
v -0.634995 0.742315 -0.041849
v -0.684261 0.741596 -0.043648
v -0.200581 1.040984 0.048172
v -0.200581 1.040984 -0.077346
v -0.221025 1.026716 0.048172
v -0.290187 1.113002 0.052578
v -0.285763 1.120006 0.052578
v -0.285763 1.120006 -0.081751
v -0.290187 1.113002 -0.081751
v -0.221025 1.026716 -0.077346
v 0.610798 0.940481 -0.046303
v 0.613220 0.937776 0.009398
v 0.608761 0.976508 -0.044465
v 0.468187 0.929273 0.015291
v 0.465766 0.931979 -0.040410
v 0.463728 0.968005 -0.038572
v 0.466150 0.965300 0.017129
v 0.611182 0.973803 0.011237
v 0.872890 0.094209 -0.044395
v 0.796453 0.089747 -0.044566
v 0.872747 0.094338 0.016504
v 0.865508 0.218303 0.016227
v 0.865652 0.218174 -0.044672
v 0.789071 0.213840 0.016056
v 0.789215 0.213712 -0.044843
v 0.796309 0.089874 0.016333
v -0.525422 0.389339 -0.060421
v -0.420684 0.386499 -0.067957
v -0.519771 0.388701 0.018361
v -0.520181 0.228081 0.014635
v -0.525832 0.228720 -0.064147
v -0.415444 0.225241 0.007099
v -0.415033 0.385860 0.010825
v -0.421095 0.225881 -0.071683
v -0.059779 1.437280 0.042106
v -0.059492 1.419318 0.040794
v -0.092549 1.436756 0.029930
v -0.087220 1.465987 0.029930
v -0.060067 1.455244 0.040793
v -0.038042 1.437629 0.048818
v -0.038185 1.446588 0.048375
v -0.031951 1.453027 0.048818
v -0.016411 1.437976 0.051715
v 0.005076 1.447283 0.048374
v -0.025024 1.416201 0.048375
v -0.025717 1.459462 0.048374
v -0.031461 1.422436 0.048818
v -0.016064 1.416344 0.048818
v 0.005220 1.438322 0.048818
v 0.005363 1.429363 0.048375
v -0.016757 1.459606 0.048818
v -0.000870 1.422926 0.048818
v -0.037898 1.428670 0.048375
v -0.007798 1.459749 0.048374
v -0.007104 1.416488 0.048375
v -0.001361 1.453517 0.048818
v 0.000858 1.481633 0.040793
v 0.013764 1.469134 0.042105
v 0.053466 1.468241 0.029929
v 0.026670 1.456634 0.040793
v 0.036565 1.492678 0.029929
v 0.011600 1.508787 0.029929
v 0.046183 1.502610 0.029963
v 0.016685 1.521642 0.029963
v -0.017857 1.528250 0.029588
v -0.017852 1.527940 0.029963
v 0.016799 1.521931 0.029588
v -0.017857 1.528250 0.014389
v 0.016799 1.521931 0.014389
v 0.046399 1.502833 0.029588
v 0.066152 1.473737 0.029964
v 0.046399 1.502833 0.014389
v 0.066437 1.473860 0.029589
v 0.066437 1.473860 0.014389
v 0.073862 1.439423 0.029589
v 0.073552 1.439420 0.029964
v 0.067255 1.404883 0.029964
v 0.054400 1.409968 0.029930
v 0.059729 1.439197 0.029929
v 0.026958 1.438670 0.042105
v 0.027246 1.420707 0.040793
v 0.014747 1.407800 0.042106
v 0.038291 1.385001 0.029930
v 0.013854 1.368100 0.029930
v 0.048222 1.375385 0.029964
v 0.067544 1.404769 0.029589
v 0.048445 1.375169 0.029589
v 0.019349 1.355416 0.029964
v -0.015190 1.361839 0.029930
v 0.019472 1.355130 0.029590
v -0.014969 1.348016 0.029965
v -0.049505 1.354312 0.029965
v -0.014964 1.347706 0.029590
v 0.019472 1.355130 0.014390
v -0.014964 1.347706 0.014390
v -0.049619 1.354024 0.029590
v -0.079219 1.373122 0.029590
v -0.079003 1.373346 0.029965
v -0.049619 1.354024 0.014391
v -0.079219 1.373122 0.014390
v -0.099257 1.402096 0.029590
v -0.099257 1.402096 0.014390
v -0.106682 1.436530 0.029589
v -0.106682 1.436530 0.014390
v -0.100364 1.471186 0.029589
v -0.100364 1.471186 0.014390
v -0.081265 1.500787 0.029589
v -0.081265 1.500787 0.014389
v -0.052292 1.520825 0.014389
v -0.052292 1.520825 0.029589
v -0.052169 1.520540 0.029964
v -0.017630 1.514117 0.029929
v -0.046675 1.507853 0.029929
v -0.081042 1.500571 0.029964
v -0.071111 1.490953 0.029929
v -0.100076 1.471072 0.029964
v -0.106372 1.436536 0.029964
v -0.098972 1.402219 0.029964
v -0.086287 1.407713 0.029930
v -0.046586 1.406819 0.042106
v -0.069386 1.383277 0.029930
v -0.033680 1.394319 0.040794
v -0.044420 1.367166 0.029930
v -0.015716 1.394607 0.042106
v 0.002248 1.394895 0.040794
v -0.047568 1.468150 0.042105
v -0.035070 1.481056 0.040793
v -0.017106 1.481344 0.042105
v 0.048445 1.375169 0.014390
v 0.067544 1.404769 0.014390
v 0.073862 1.439423 0.014389
v -0.144425 1.279805 -0.026771
v -0.150370 1.281109 0.022253
v -0.185547 1.279170 -0.026413
v -0.143422 1.246584 0.029459
v -0.143898 1.245904 -0.026362
v -0.178692 1.230153 0.026524
v -0.171946 1.282029 0.032670
v -0.181620 1.274676 0.035445
v -0.181781 1.281758 0.024211
v -0.185020 1.245269 -0.026004
v 0.089029 1.380760 0.003752
v 0.095487 1.380720 -0.035445
v 0.097702 1.416367 0.019957
v 0.152395 1.421552 0.017960
v 0.150103 1.384085 0.001290
v 0.151058 1.381580 -0.037215
v 0.150462 1.419256 -0.037656
v 0.094891 1.418398 -0.035885
v -0.754272 0.876725 0.010643
v -0.753798 0.808168 0.014657
v -0.752663 0.873475 -0.045059
v -0.605821 0.809437 0.018857
v -0.606294 0.877993 0.014842
v -0.604685 0.874742 -0.040859
v -0.604212 0.806186 -0.036845
v -0.752190 0.804919 -0.041044
v 0.603415 1.066139 0.013756
v 0.544295 1.063360 0.008240
v 0.585403 1.092149 0.008946
v 0.607485 1.109052 -0.028300
v 0.618058 1.065582 -0.032478
v 0.601111 1.093339 0.001047
v 0.591569 1.097469 0.003619
v 0.586423 1.104731 -0.003335
v 0.546935 1.104676 -0.001081
v 0.557114 1.107205 -0.037944
v 0.181001 1.261264 0.017149
v 0.185398 1.263382 -0.037579
v 0.180950 1.304578 0.018822
v 0.213894 1.304514 0.021466
v 0.213945 1.261200 0.019793
v 0.218341 1.263318 -0.034935
v 0.218290 1.306632 -0.033263
v 0.185347 1.306696 -0.035907
v 0.446095 1.245086 -0.045670
v 0.446386 1.233134 -0.045660
v 0.448496 1.245194 0.011009
v 0.319378 1.242049 0.016486
v 0.316976 1.241941 -0.040193
v 0.319669 1.230097 0.016497
v 0.317268 1.229988 -0.040183
v 0.448788 1.233240 0.011020
v 0.121985 1.254544 -0.081450
v 0.119598 1.249996 0.052158
v 0.085862 1.259203 -0.082397
v 0.092468 1.105816 0.052158
v 0.092468 1.105816 -0.081332
v 0.067936 1.106422 0.052158
v 0.067936 1.106422 -0.081332
v 0.089336 1.265706 0.054162
v -0.409798 0.968033 0.026969
v -0.409648 0.969929 -0.054323
v -0.394420 0.966965 0.026973
v -0.399815 0.889186 0.025149
v -0.415194 0.890252 0.025145
v -0.415044 0.892149 -0.056147
v -0.399665 0.891082 -0.056143
v -0.394269 0.968860 -0.054319
v 0.614222 1.007129 -0.040349
v 0.613005 1.010498 0.015355
v 0.614138 1.016640 -0.040926
v 0.443309 1.008775 0.011752
v 0.444526 1.005407 -0.043952
v 0.444442 1.014916 -0.044529
v 0.443225 1.018285 0.011175
v 0.612921 1.020008 0.014778
v -0.591042 0.710587 0.002445
v -0.590715 0.679256 0.004121
v -0.585974 0.707964 -0.047555
v -0.419288 0.681968 0.021353
v -0.419615 0.713296 0.019677
v -0.414547 0.710676 -0.030322
v -0.414220 0.679346 -0.028647
v -0.585647 0.676635 -0.045879
v -0.509420 0.897119 0.018644
v -0.512304 0.895001 -0.037061
v -0.507382 0.972269 0.015680
v -0.412222 0.969498 0.010859
v -0.414260 0.894348 0.013823
v -0.417144 0.892229 -0.041882
v -0.415105 0.967379 -0.044846
v -0.510266 0.970151 -0.040025
v 0.391754 0.410224 -0.048572
v 0.392704 0.441546 -0.050152
v 0.390084 0.412808 0.001658
v 0.562222 0.407892 0.007635
v 0.563893 0.405307 -0.042595
v 0.563172 0.439214 0.006055
v 0.564842 0.436629 -0.044175
v 0.391034 0.444130 0.000078
v -0.618032 0.235724 0.038522
v -0.522232 0.234891 0.036887
v -0.626642 0.238786 -0.040452
v -0.521947 0.334522 0.036621
v -0.627403 0.328964 0.038256
v -0.615851 0.344505 -0.040718
v -0.523356 0.334222 -0.042353
v -0.528922 0.235071 -0.042087
v -0.286575 1.121846 0.043169
v -0.286575 1.121846 -0.072343
v -0.264929 1.145266 0.043169
v -0.184462 1.058004 0.043169
v -0.199383 1.040190 0.043169
v -0.199383 1.040190 -0.072343
v -0.184462 1.058004 -0.072343
v -0.264929 1.145266 -0.072343
v -0.960396 0.104857 0.001400
v -0.929944 0.059953 0.009803
v -0.998047 0.115856 -0.007855
v -0.929644 0.096631 -0.009172
v -0.916909 0.095269 -0.062595
v -0.981230 0.114059 -0.078406
v -1.002657 0.008338 -0.006215
v -0.985840 0.006541 -0.076766
v -0.918843 0.005214 0.024536
v -0.900378 0.003095 -0.062436
v 0.211015 1.317447 -0.039925
v 0.211307 1.305496 -0.039935
v 0.217395 1.317556 0.016443
v 0.100538 1.314695 0.029674
v 0.094158 1.314586 -0.026693
v 0.094450 1.302635 -0.026703
v 0.100829 1.302743 0.029664
v 0.217687 1.305604 0.016433
v 0.381859 0.777298 0.002705
v 0.378554 0.777298 0.000797
v 0.386492 0.777298 -0.014587
v 0.367292 0.777298 0.012058
v 0.369200 0.777298 0.015364
v 0.381859 0.009805 0.002705
v 0.386492 0.009805 -0.014587
v 0.369200 0.009805 0.015364
v 0.351908 0.009805 0.019997
v 0.351908 0.777298 0.019997
v 0.334616 0.009805 0.015364
v 0.334616 0.777298 0.015364
v 0.321958 0.777298 0.002705
v 0.325263 0.777298 0.000797
v 0.336525 0.777298 0.012058
v 0.321958 0.009805 0.002705
v 0.317324 0.009805 -0.014587
v 0.317324 0.777298 -0.014587
v 0.321958 0.777298 -0.031879
v 0.325263 0.777298 -0.029971
v 0.321141 0.777298 -0.014587
v 0.321958 0.009805 -0.031879
v 0.334616 0.009805 -0.044538
v 0.334616 0.777298 -0.044538
v 0.351908 0.777298 -0.049171
v 0.351908 0.777298 -0.045354
v 0.336525 0.777298 -0.041232
v 0.351908 0.009805 -0.049171
v 0.369200 0.777298 -0.044538
v 0.369200 0.009805 -0.044538
v 0.381859 0.009805 -0.031879
v 0.381859 0.777298 -0.031879
v 0.378554 0.777298 -0.029971
v 0.382676 0.777298 -0.014587
v 0.367292 0.777298 -0.041232
v 0.351908 0.777298 0.016180
v 0.674912 0.710313 -0.047146
v 0.675518 0.687485 -0.047315
v 0.675539 0.709955 0.003173
v 0.558789 0.706849 0.004606
v 0.558162 0.707206 -0.045713
v 0.559395 0.684021 0.004437
v 0.558768 0.684377 -0.045882
v 0.676145 0.687128 0.003004
v -0.740643 0.877415 0.004155
v -0.736804 0.877425 -0.051532
v -0.740583 0.894208 0.004163
v -0.433590 0.893102 0.025330
v -0.433650 0.876310 0.025323
v -0.429811 0.876320 -0.030364
v -0.429751 0.893112 -0.030357
v -0.736744 0.894219 -0.051525
v -0.719535 0.344577 -0.039133
v -0.722832 0.288616 -0.036520
v -0.721735 0.347153 0.011077
v -0.725022 0.290831 0.013823
v -0.740829 0.348223 0.010185
v -0.744116 0.291902 0.012931
v -0.739091 0.346189 -0.029481
v -0.740972 0.328939 -0.028678
v -0.734619 0.345423 -0.039837
v -0.737807 0.290811 -0.037174
v -0.734488 0.291471 -0.023238
v -0.734487 0.291471 -0.023238
v -0.744254 0.292583 0.003445
v 0.676359 0.201713 0.046922
v 0.763209 0.165250 0.038667
v 0.684737 0.007000 0.053821
v 0.667683 0.198594 -0.030579
v 0.759427 0.204289 0.018758
v 0.782433 0.203069 -0.043605
v 0.790749 0.165659 0.016806
v 0.773887 0.182236 0.026008
v 0.790811 0.008358 -0.036706
v 0.799486 0.011477 0.040796
v 0.676062 0.003881 -0.023680
v -0.023600 1.380752 0.005553
v -0.025368 1.380072 -0.050260
v -0.025484 1.499802 0.012586
v 0.093546 1.501642 0.008794
v 0.095430 1.382592 0.001761
v 0.093662 1.381912 -0.054052
v 0.091778 1.500963 -0.047019
v -0.027252 1.499122 -0.043227
v -0.219227 1.516233 -0.002304
v -0.183815 1.516659 -0.034038
v -0.206992 1.608060 0.044292
v -0.039344 1.610062 0.011581
v -0.037957 1.522424 0.012605
v -0.039726 1.521743 -0.043256
v -0.041113 1.609382 -0.044279
v -0.192631 1.633388 -0.032512
v -0.628318 0.345992 -0.052260
v -0.626738 0.261786 -0.051947
v -0.628624 0.346173 -0.001937
v -0.629694 0.259623 -0.002434
v -0.637202 0.336860 -0.001956
v -0.700245 0.335676 -0.002335
v -0.709166 0.344660 -0.002422
v -0.707586 0.260456 -0.002109
v -0.708860 0.344479 -0.052745
v -0.699009 0.269767 -0.002091
v -0.636333 0.271323 -0.001941
v -0.698653 0.270152 -0.002316
v -0.635965 0.270951 -0.001711
v -0.637556 0.336474 -0.002183
v -0.637476 0.336427 -0.015290
v -0.699795 0.335257 -0.015665
v -0.699874 0.335305 -0.002558
v -0.698573 0.270104 -0.015423
v -0.636254 0.271275 -0.015048
v -0.636622 0.271647 -0.015278
v -0.698216 0.270489 -0.015649
v -0.699424 0.334883 -0.015888
v -0.637830 0.336041 -0.015517
v -0.707280 0.260273 -0.052432
v 0.702352 0.683156 -0.045037
v 0.701236 0.647283 -0.045969
v 0.706361 0.681729 0.005107
v 0.561682 0.685925 0.016794
v 0.557672 0.687352 -0.033350
v 0.560566 0.650052 0.015863
v 0.556557 0.651479 -0.034281
v 0.705245 0.645855 0.004175
v 0.166406 1.220434 -0.066400
v 0.163990 1.216028 0.023347
v 0.121364 1.242913 -0.074705
v 0.131245 1.151059 0.034521
v 0.131245 1.151059 -0.063695
v 0.107584 1.098054 -0.063695
v 0.107584 1.098054 0.034521
v 0.087167 1.082858 -0.008425
v 0.091187 1.102142 0.034521
v 0.105368 1.159077 0.039067
v 0.099823 1.081889 -0.016805
v 0.092303 1.079644 -0.020804
v 0.093395 1.081160 -0.035942
v 0.091187 1.102142 -0.063695
v 0.106024 1.164267 -0.063695
v 0.119151 1.243394 0.036255
v -0.712802 0.705610 0.011580
v -0.712227 0.682781 0.011690
v -0.706756 0.705519 -0.038380
v -0.596311 0.685766 0.025714
v -0.596885 0.708596 0.025603
v -0.590839 0.708505 -0.024357
v -0.590264 0.685677 -0.024246
v -0.706182 0.682689 -0.038269
v 0.576843 0.277488 -0.035380
v 0.587440 0.245980 -0.036915
v 0.593598 0.280294 0.025695
v 0.546098 0.271730 0.021272
v 0.533206 0.276258 -0.040213
v 0.493969 0.271826 -0.045045
v 0.488196 0.267967 0.016849
v 0.490966 0.235931 0.015294
v 0.391596 0.258840 0.008003
v 0.547849 0.235156 0.019795
v 0.595931 0.238780 0.024296
v 0.537996 0.241035 -0.041421
v 0.488552 0.236089 -0.045927
v 0.389665 0.226198 -0.054938
v 0.392692 0.264564 -0.054709
v 0.384801 0.229083 0.006291
v 0.596007 0.971393 -0.040457
v 0.594664 0.967977 0.015241
v 0.596144 1.007469 -0.038242
v 0.335086 0.969349 0.009068
v 0.336429 0.972765 -0.046631
v 0.336566 1.008840 -0.044415
v 0.335224 1.005425 0.011283
v 0.594802 1.004054 0.017457
v -0.096577 1.457948 0.024291
v -0.136666 1.479440 0.024804
v -0.091050 1.471919 0.024292
v -0.136685 1.479441 0.021566
v -0.096638 1.457954 0.013594
v -0.091098 1.471957 0.013594
v -0.135008 1.483681 0.021566
v -0.134994 1.483669 0.024804
v 0.088766 1.265149 0.023395
v 0.088697 1.264550 -0.026568
v 0.090261 1.283659 0.023171
v 0.116036 1.281578 0.023160
v 0.114541 1.263068 0.023385
v 0.114471 1.262469 -0.026579
v 0.090191 1.283058 -0.026793
v 0.115966 1.280978 -0.026803
v 0.466964 1.198816 0.009155
v 0.466103 1.198481 -0.018045
v 0.466615 1.218634 0.008924
v 0.488899 1.219019 0.008214
v 0.489247 1.199199 0.008445
v 0.488387 1.198866 -0.018755
v 0.488038 1.218684 -0.018986
v 0.465754 1.218302 -0.018276
v -0.035256 1.555270 0.018500
v -0.037025 1.554591 -0.037354
v -0.018992 1.642071 0.011083
v 0.115210 1.646877 0.015268
v 0.125220 1.557751 0.013388
v 0.123451 1.557071 -0.042466
v 0.123053 1.653957 -0.045741
v -0.048510 1.659984 -0.038236
v -0.621263 0.149492 -0.035840
v -0.619236 0.112149 -0.036271
v -0.619444 0.148963 0.024537
v -0.824436 0.155317 -0.003969
v -0.907339 0.154419 -0.041954
v -0.906172 0.141027 -0.057887
v -0.910559 0.101391 0.004615
v -0.906151 0.100018 -0.057072
v -0.616089 0.102034 0.025643
v -0.909611 0.140796 -0.009732
v -0.824334 0.141108 0.009992
v -0.860479 0.147031 -0.000417
v -0.620399 0.099612 -0.029792
v 0.350833 0.939830 -0.058054
v 0.350833 0.939830 0.028880
v 0.341840 0.959307 -0.058054
v 0.275227 0.904924 0.028880
v 0.275227 0.904924 -0.058054
v 0.262468 0.921748 0.028880
v 0.262468 0.921748 -0.058054
v 0.341840 0.959307 0.028880
v 0.227065 1.435343 -0.043314
v 0.227355 1.423386 -0.043279
v 0.224736 1.435449 0.013410
v 0.096506 1.432328 0.008150
v 0.098835 1.432219 -0.048574
v 0.096796 1.420371 0.008185
v 0.099125 1.420265 -0.048539
v 0.225026 1.423495 0.013445
v -0.592374 0.600257 0.005616
v -0.590703 0.549470 0.007755
v -0.591906 0.598571 -0.034798
v -0.508271 0.552218 0.008596
v -0.509942 0.603004 0.006456
v -0.509474 0.601317 -0.033957
v -0.507803 0.550531 -0.031818
v -0.590235 0.547784 -0.032658
v 0.678116 0.217228 -0.048832
v 0.793923 0.218246 -0.040242
v 0.673612 0.217201 0.011901
v 0.673737 0.202943 0.011904
v 0.678241 0.202971 -0.048829
v 0.789544 0.203960 0.020493
v 0.794048 0.203989 -0.040240
v 0.789418 0.218219 0.020490
v 0.876881 0.007823 0.006766
v 0.793630 0.008742 0.011308
v 0.877795 0.090740 0.006731
v 0.873564 0.007834 -0.054043
v 0.874478 0.090750 -0.054078
v 0.791227 0.091669 -0.049537
v 0.794544 0.091659 0.011272
v 0.790313 0.008753 -0.049501
v -0.588635 1.023472 0.021741
v -0.594316 1.019831 -0.033669
v -0.588519 1.057001 0.019526
v -0.470123 1.055793 0.007467
v -0.470240 1.022262 0.009682
v -0.475921 1.018623 -0.045728
v -0.475804 1.052152 -0.047943
v -0.594200 1.053362 -0.035884
v -0.601712 0.872209 0.020463
v -0.601335 0.803577 0.018051
v -0.605131 0.874148 -0.035218
v -0.453572 0.804706 0.009016
v -0.453949 0.873338 0.011428
v -0.457368 0.875276 -0.044253
v -0.456992 0.806644 -0.046665
v -0.604754 0.805515 -0.037630
v 0.333000 0.976193 -0.064139
v 0.333000 0.976193 0.034965
v 0.319336 0.998040 -0.064139
v 0.259952 0.929038 0.034965
v 0.259952 0.929038 -0.064139
v 0.250703 0.945380 0.034965
v 0.250703 0.945380 -0.064139
v 0.319336 0.998040 0.034965
v -0.251866 1.163757 0.040015
v -0.251866 1.163757 -0.069189
v -0.210843 1.207174 0.040015
v -0.158554 1.087629 0.040015
v -0.175589 1.071822 0.040015
v -0.175589 1.071822 -0.069189
v -0.158554 1.087629 -0.069189
v -0.210843 1.207174 -0.069189
v 0.677367 0.872714 -0.022762
v 0.670474 0.874833 0.032590
v 0.678097 0.889483 -0.023313
v 0.365398 0.886846 -0.005861
v 0.372291 0.884728 -0.061213
v 0.366128 0.903614 -0.006412
v 0.373021 0.901496 -0.061764
v 0.671204 0.891601 0.032039
v -0.637154 0.978303 0.015005
v -0.637126 0.977124 -0.040802
v -0.635678 1.014408 0.014244
v -0.376240 1.003807 0.014600
v -0.377716 0.967701 0.015361
v -0.377688 0.966523 -0.040446
v -0.376211 1.002630 -0.041207
v -0.635650 1.013232 -0.041563
v -0.668435 0.101545 0.026161
v -0.619091 0.085274 0.025917
v -0.867496 0.102686 0.024859
v -0.618920 0.101698 0.014154
v -0.618505 0.103882 -0.047350
v -0.914506 0.105580 -0.049285
v -0.914924 0.103380 0.012698
v -0.915033 0.009846 -0.052686
v -0.915088 0.087594 0.024003
v -0.915531 0.007226 0.021148
v -0.619530 0.005528 0.023084
v -0.619032 0.008148 -0.050750
v 0.620996 0.869942 -0.041861
v 0.624527 0.814289 -0.044129
v 0.622333 0.867756 0.013900
v 0.573144 0.864591 0.014955
v 0.571807 0.866780 -0.040805
v 0.576675 0.808938 0.012687
v 0.575338 0.811125 -0.043074
v 0.625864 0.812100 0.011631
v -0.491151 0.447470 0.024768
v -0.490647 0.514483 0.021817
v -0.484022 0.446104 -0.024501
v -0.591981 0.509918 0.001466
v -0.592104 0.448813 0.004417
v -0.584594 0.445349 -0.044852
v -0.584471 0.508552 -0.047803
v -0.483899 0.509306 -0.027452
v -0.384211 0.953028 0.042326
v -0.384211 0.953028 -0.071500
v -0.367743 0.999035 0.042326
v -0.274266 0.953779 0.042326
v -0.292588 0.915116 0.042326
v -0.292588 0.915116 -0.071500
v -0.274266 0.953779 -0.071500
v -0.367743 0.999035 -0.071500
v -0.299751 1.159664 0.050461
v -0.301075 1.157892 -0.040823
v -0.279437 1.157638 0.050206
v -0.282887 1.122950 0.050929
v -0.303201 1.124976 0.051185
v -0.304525 1.123204 -0.040099
v -0.284210 1.121177 -0.040354
v -0.280760 1.155865 -0.041078
v 0.615754 1.203528 -0.038328
v 0.616001 1.193323 -0.038298
v 0.613422 1.203635 0.018456
v 0.385937 1.198096 0.009124
v 0.388269 1.197987 -0.047659
v 0.386184 1.187893 0.009154
v 0.388516 1.187784 -0.047630
v 0.613669 1.193433 0.018485
v 0.104086 1.092336 -0.074540
v 0.104086 1.092336 0.045366
v 0.155311 1.058723 -0.074540
v 0.166499 1.221007 0.045366
v 0.166498 1.221007 -0.074540
v 0.187347 1.209511 0.045366
v 0.187347 1.209511 -0.074540
v 0.155311 1.058723 0.045366
v 0.564722 1.020538 -0.036894
v 0.559306 1.019518 0.018653
v 0.564687 1.054136 -0.036280
v 0.440854 1.019607 0.007106
v 0.446269 1.020629 -0.048441
v 0.440820 1.053206 0.007720
v 0.446235 1.054227 -0.047826
v 0.559272 1.053115 0.019267
v 0.063756 1.410685 0.024291
v 0.103845 1.389193 0.024804
v 0.058230 1.396714 0.024292
v 0.103864 1.389192 0.021566
v 0.063817 1.410681 0.013594
v 0.102187 1.384954 0.021566
v 0.058277 1.396676 0.013594
v 0.102173 1.384966 0.024804
v 0.119692 1.244161 0.004319
v 0.123535 1.243607 -0.041745
v 0.113665 1.280116 0.003384
v 0.140990 1.284755 0.005607
v 0.147017 1.248801 0.006543
v 0.150860 1.248246 -0.039522
v 0.144832 1.284200 -0.040457
v 0.117507 1.279563 -0.042680
v -0.089807 1.394340 0.024291
v -0.133351 1.381191 0.024804
v -0.095778 1.408129 0.024292
v -0.133365 1.381179 0.021566
v -0.089853 1.394302 0.013594
v -0.135176 1.385361 0.021566
v -0.095840 1.408120 0.013594
v -0.135158 1.385362 0.024804
v -0.361307 0.995906 0.034336
v -0.361307 0.995906 -0.063510
v -0.350558 1.011328 0.034336
v -0.273511 0.962784 0.037771
v -0.276627 0.955516 0.037771
v -0.276627 0.955516 -0.066945
v -0.273511 0.962784 -0.066945
v -0.350558 1.011328 -0.063510
v 0.596228 1.019665 -0.042438
v 0.596238 1.019925 0.013381
v 0.596231 1.045877 -0.042560
v 0.596241 1.046138 0.013258
v 0.565323 1.045880 -0.042555
v 0.565333 1.046140 0.013264
v 0.565320 1.019667 -0.042432
v 0.565331 1.019929 0.013386
v 0.395194 0.443602 -0.058355
v 0.394081 0.512100 -0.055707
v 0.388847 0.441571 -0.008474
v 0.456812 0.442339 0.000206
v 0.463160 0.444371 -0.049675
v 0.455699 0.510837 0.002855
v 0.462047 0.512868 -0.047026
v 0.387734 0.510068 -0.005826
v 0.067887 1.480660 -0.015523
v 0.058572 1.634041 -0.015523
v 0.088797 1.480660 -0.015523
v 0.097444 1.352721 -0.015523
v 0.067887 1.352721 -0.015523
v -0.016410 1.480660 -0.015523
v 0.018987 1.624725 -0.015523
v -0.100708 1.552068 -0.015523
v -0.100708 1.480660 -0.015523
v -0.176064 1.553000 -0.015523
v -0.176064 1.480660 -0.015523
v -0.100708 1.352721 -0.015523
v -0.176064 1.352721 -0.015523
v -0.100708 1.282353 -0.015523
v -0.215873 1.230995 -0.015523
v -0.176064 1.095415 -0.015523
v -0.279468 1.230995 -0.015523
v -0.100708 1.134252 -0.015523
v -0.016410 1.152248 -0.015523
v -0.016410 1.299248 -0.015523
v 0.067887 1.134252 -0.015523
v 0.143243 1.095415 -0.015523
v 0.067887 1.282353 -0.015523
v 0.183052 1.230995 -0.015523
v -0.016410 1.352721 -0.015523
v 0.246647 1.230995 -0.015523
v 0.295474 1.090126 -0.015523
v 0.384777 1.037699 -0.015523
v 0.222858 1.026234 -0.015523
v 0.345408 0.824343 -0.015523
v 0.384777 0.931053 -0.015523
v 0.291888 0.933563 -0.015523
v 0.529950 1.095187 -0.015523
v 0.525926 1.018043 -0.015523
v 0.525926 0.858390 -0.015523
v 0.525926 0.698736 -0.015523
v 0.350998 0.698736 -0.015523
v 0.525926 0.448798 -0.015523
v 0.525926 0.289144 -0.015523
v 0.350998 0.448798 -0.015523
v 0.350998 0.289144 -0.015523
v 0.525926 0.009794 -0.015523
v 0.350998 0.009794 -0.015523
v 0.497758 1.154894 -0.015523
v 0.359291 1.230995 -0.015523
v 0.477161 1.225719 -0.015523
v -0.328295 1.090126 -0.015523
v -0.396135 1.170635 -0.015523
v -0.417597 1.037699 -0.015523
v -0.447414 1.129051 -0.015523
v -0.554723 1.050267 -0.015523
v -0.417597 0.931053 -0.015523
v -0.558747 0.994584 -0.015523
v -0.558747 1.018043 -0.015523
v -0.378230 0.824343 -0.015523
v -0.558747 0.858390 -0.015523
v -0.558747 0.698736 -0.015523
v -0.383818 0.698736 -0.015523
v -0.383818 0.448798 -0.015523
v -0.383818 0.289144 -0.015523
v -0.558747 0.448798 -0.015523
v -0.558747 0.289144 -0.015523
v -0.383818 0.009794 -0.015523
v -0.558747 0.009794 -0.015523
v -0.324709 0.933563 -0.015523
v -0.255680 1.026234 -0.015523
v 0.085598 1.622863 -0.015523
v 0.568129 0.360523 -0.057638
v 0.555557 0.358643 -0.057919
v 0.566455 0.359884 0.021558
v 0.560066 0.402587 0.021767
v 0.561740 0.403227 -0.057428
v 0.549168 0.401347 -0.057709
v 0.547494 0.400708 0.021486
v 0.553882 0.358004 0.021277
v -0.035671 1.501765 0.018410
v -0.037440 1.501084 -0.037428
v -0.036489 1.553459 0.017806
v 0.132011 1.556063 0.012438
v 0.132829 1.504369 0.013042
v 0.131060 1.503688 -0.042796
v 0.130241 1.555383 -0.043400
v -0.038258 1.552779 -0.038032
v 0.255491 1.105804 -0.063695
v 0.255491 1.105804 0.034521
v 0.242622 1.122018 -0.063695
v 0.180472 1.024143 0.034521
v 0.180472 1.024143 -0.063695
v 0.170698 1.035207 0.034521
v 0.170698 1.035207 -0.063695
v 0.242622 1.122018 0.034521
v -0.187833 1.222602 0.037226
v -0.185065 1.218171 -0.052520
v -0.140320 1.250129 0.045531
v -0.120781 1.168682 0.034521
v -0.147360 1.152613 0.034521
v -0.147360 1.152613 -0.063695
v -0.125579 1.113560 -0.063695
v -0.125579 1.113560 0.034521
v -0.103054 1.099325 -0.020749
v -0.108123 1.119273 -0.063695
v -0.116612 1.097216 -0.012369
v -0.109678 1.097001 0.006768
v -0.108446 1.095499 -0.008370
v -0.108123 1.119273 0.034521
v -0.119874 1.163277 -0.068241
v -0.137961 1.250827 -0.065429
v -0.538919 0.150003 0.009154
v -0.452990 0.110549 0.009763
v -0.538493 0.008837 0.001153
v -0.536891 0.153214 -0.068802
v -0.452715 0.151127 -0.007210
v -0.421359 0.153697 -0.065776
v -0.422695 0.111440 -0.008064
v -0.440119 0.127978 0.000098
v -0.422960 0.009321 0.004178
v -0.420932 0.012532 -0.073777
v -0.536465 0.012049 -0.076802
v 0.589702 0.237492 -0.055348
v 0.593432 0.154207 -0.053959
v 0.593908 0.238693 0.005394
v 0.511269 0.235087 0.011189
v 0.507062 0.233886 -0.049553
v 0.514999 0.151803 0.012577
v 0.510793 0.150601 -0.048165
v 0.597639 0.155407 0.006783
v -0.227725 1.018808 0.045115
v -0.227725 1.018808 -0.074289
v -0.247035 0.992097 0.045115
v -0.325342 1.062134 0.045115
v -0.312093 1.082167 0.045115
v -0.312093 1.082167 -0.074289
v -0.325342 1.062134 -0.074289
v -0.247035 0.992097 -0.074289
v 0.407073 0.779835 -0.014587
v 0.406011 0.783801 -0.014587
v 0.399682 0.779835 -0.042169
v 0.405686 0.775868 -0.014581
v 0.399682 0.779835 0.012995
v 0.398762 0.783801 0.012464
v 0.398525 0.775868 -0.041310
v 0.378631 0.775868 -0.061204
v 0.398532 0.775868 0.012124
v 0.379844 0.775868 -0.015471
v 0.351024 0.775868 0.013348
v 0.378619 0.775868 0.032036
v 0.352793 0.775868 -0.042523
v 0.325198 0.775868 -0.061210
v 0.323973 0.775868 -0.013703
v 0.351902 0.775868 -0.068364
v 0.379491 0.779835 -0.062361
v 0.351908 0.779835 -0.069752
v 0.351908 0.783801 -0.068689
v 0.324326 0.779835 -0.062361
v 0.378959 0.783801 -0.061441
v 0.398762 0.783801 -0.041638
v 0.393591 0.783801 -0.038653
v 0.375974 0.783801 -0.056270
v 0.351908 0.783801 -0.062718
v 0.324857 0.783801 -0.061441
v 0.327843 0.783801 -0.056270
v 0.305054 0.783801 -0.041638
v 0.310225 0.783801 -0.038653
v 0.297806 0.783801 -0.014587
v 0.303777 0.783801 -0.014587
v 0.310225 0.783801 0.009479
v 0.305054 0.783801 0.012464
v 0.324326 0.779835 0.033187
v 0.324857 0.783801 0.032267
v 0.304134 0.779835 0.012995
v 0.296744 0.779835 -0.014587
v 0.325185 0.775868 0.032030
v 0.305292 0.775868 0.012136
v 0.305285 0.775868 -0.041298
v 0.298131 0.775868 -0.014593
v 0.304134 0.779835 -0.042169
v 0.351915 0.775868 0.039190
v 0.351908 0.779835 0.040578
v 0.351908 0.783801 0.039515
v 0.379491 0.779835 0.033187
v 0.378959 0.783801 0.032267
v 0.351908 0.783801 0.033544
v 0.375974 0.783801 0.027096
v 0.393591 0.783801 0.009479
v 0.400040 0.783801 -0.014587
v 0.327843 0.783801 0.027096
v -0.328607 0.800401 -0.014587
v -0.329669 0.804369 -0.014587
v -0.335997 0.800401 -0.042169
v -0.336918 0.796436 -0.041638
v -0.329669 0.796436 -0.014587
v -0.336918 0.804369 0.012464
v -0.335997 0.800401 0.012995
v -0.356189 0.800401 0.033187
v -0.356720 0.804369 0.032267
v -0.336918 0.796436 0.012464
v -0.356720 0.796436 0.032267
v -0.383772 0.796436 0.039515
v -0.383771 0.800401 0.040578
v -0.411355 0.800401 0.033187
v -0.410823 0.804369 0.032267
v -0.383772 0.804369 0.039515
v -0.383771 0.804369 0.033544
v -0.407837 0.804369 0.027096
v -0.425455 0.804369 0.009479
v -0.431903 0.804369 -0.014587
v -0.430625 0.804369 0.012464
v -0.431546 0.800401 0.012995
v -0.437874 0.804369 -0.014587
v -0.438936 0.800401 -0.014587
v -0.425455 0.804369 -0.038653
v -0.430625 0.804369 -0.041638
v -0.431546 0.800401 -0.042169
v -0.410823 0.804369 -0.061441
v -0.407837 0.804369 -0.056270
v -0.383772 0.804369 -0.062718
v -0.383771 0.804369 -0.068689
v -0.359706 0.804369 -0.056270
v -0.356720 0.804369 -0.061441
v -0.342088 0.804369 -0.038653
v -0.335640 0.804369 -0.014587
v -0.336918 0.804369 -0.041638
v -0.342088 0.804369 0.009479
v -0.359706 0.804369 0.027096
v -0.383772 0.800401 -0.069752
v -0.356189 0.800401 -0.062361
v -0.383771 0.796436 -0.068689
v -0.356720 0.796436 -0.061441
v -0.410823 0.796436 -0.061441
v -0.430625 0.796436 -0.041638
v -0.411355 0.800401 -0.062361
v -0.437874 0.796436 -0.014587
v -0.430625 0.796436 0.012464
v -0.410823 0.796436 0.032267
v 0.474415 0.610425 -0.035009
v 0.473915 0.548053 -0.038169
v 0.476249 0.608172 0.005338
v 0.388096 0.608722 0.009375
v 0.386263 0.610976 -0.030972
v 0.387596 0.546350 0.006215
v 0.385762 0.548601 -0.034132
v 0.475749 0.545800 0.002178
v 0.239843 1.330711 -0.037092
v 0.240134 1.318756 -0.037074
v 0.240722 1.330818 0.019652
v 0.096507 1.327308 0.021893
v 0.095628 1.327202 -0.034852
v 0.096798 1.315356 0.021911
v 0.095919 1.315247 -0.034833
v 0.241013 1.318865 0.019670
v -0.640830 1.017319 0.021120
v -0.645041 1.015754 -0.034518
v -0.640265 1.026826 0.020810
v -0.471305 1.016382 0.008316
v -0.471869 1.006878 0.008626
v -0.476080 1.005310 -0.047012
v -0.475516 1.014817 -0.047322
v -0.644476 1.025258 -0.034828
v -0.619758 0.090523 -0.036835
v -0.536389 0.091888 -0.036659
v -0.619886 0.090513 0.024065
v -0.618528 0.007602 0.024054
v -0.618400 0.007613 -0.036846
v -0.536518 0.091878 0.024241
v -0.535159 0.008969 0.024230
v -0.535031 0.008979 -0.036670
v 0.466249 0.442528 -0.055967
v 0.463961 0.505640 -0.052108
v 0.462997 0.439344 -0.005849
v 0.565328 0.442637 0.001002
v 0.568581 0.445820 -0.049116
v 0.563039 0.505750 0.004860
v 0.566292 0.508931 -0.045258
v 0.460708 0.502458 -0.001990
v 0.322040 1.000953 -0.067190
v 0.322040 1.000953 0.038016
v 0.306065 1.021881 -0.067190
v 0.250532 0.944927 0.038016
v 0.250532 0.944927 -0.067190
v 0.239587 0.960686 0.038016
v 0.239587 0.960686 -0.067190
v 0.306065 1.021881 0.038016
v 0.232321 1.345683 -0.049072
v 0.232556 1.329867 -0.049056
v 0.224339 1.339640 0.008126
v -0.055299 1.332835 -0.001107
v -0.061791 1.332375 -0.046102
v -0.058485 1.321257 -0.004172
v -0.061555 1.322709 -0.046086
v 0.233131 1.329974 0.008142
v 0.637258 0.742009 -0.045066
v 0.639177 0.711520 -0.044110
v 0.642434 0.744462 0.022682
v 0.526204 0.737432 0.031815
v 0.521028 0.734981 -0.035933
v 0.528123 0.706943 0.032772
v 0.522947 0.704492 -0.034976
v 0.644353 0.713973 0.023638
v -0.183158 1.285547 0.017951
v -0.184926 1.284867 -0.037861
v -0.184903 1.395820 0.016663
v -0.065875 1.397661 0.012871
v -0.064130 1.287386 0.014159
v -0.065898 1.286706 -0.041653
v -0.067643 1.396981 -0.042941
v -0.186671 1.395140 -0.039149
v -0.351553 1.012504 0.034965
v -0.351553 1.012504 -0.064139
v -0.337416 1.035008 0.034965
v -0.261500 0.977698 0.034965
v -0.271023 0.960837 0.034965
v -0.271023 0.960837 -0.064139
v -0.261500 0.977698 -0.064139
v -0.337416 1.035008 -0.064139
v -0.595136 0.677880 0.017813
v -0.592251 0.601494 0.019814
v -0.596265 0.676519 -0.032484
v -0.523785 0.604037 0.018208
v -0.526669 0.680424 0.016207
v -0.527798 0.679064 -0.034090
v -0.524914 0.602676 -0.032089
v -0.593381 0.600133 -0.030483
v 0.304562 1.045216 -0.075113
v 0.304562 1.045216 0.045939
v 0.284565 1.062334 -0.075113
v 0.221357 0.981406 0.050189
v 0.221357 0.981406 -0.079363
v 0.217027 0.988933 0.050189
v 0.217027 0.988933 -0.079363
v 0.284565 1.062334 0.045939
v 0.023566 1.360922 0.024291
v 0.036717 1.317376 0.024804
v 0.009779 1.354950 0.024292
v 0.036727 1.317363 0.021566
v 0.023605 1.360873 0.013594
v 0.032546 1.315552 0.021566
v 0.009786 1.354889 0.013594
v 0.032544 1.315570 0.024804
v 0.196750 1.009406 -0.071460
v 0.196750 1.009406 0.042286
v 0.216302 0.988236 -0.071460
v 0.273982 1.081884 0.042286
v 0.273982 1.081884 -0.071460
v 0.287475 1.065792 0.042286
v 0.287475 1.065792 -0.071460
v 0.216302 0.988236 0.042286
v 0.677240 0.257839 -0.055560
v 0.672812 0.150323 -0.053329
v 0.677402 0.259702 0.034555
v 0.596912 0.263020 0.034631
v 0.596751 0.261156 -0.055485
v 0.592485 0.155504 0.036862
v 0.592323 0.153640 -0.053253
v 0.672974 0.152188 0.036787
v 0.034419 1.333957 0.006469
v 0.032651 1.333284 -0.049320
v 0.033811 1.380138 0.005929
v 0.152764 1.381661 0.002140
v 0.153374 1.335481 0.002679
v 0.151605 1.334807 -0.053110
v 0.150996 1.380986 -0.053649
v 0.032042 1.379462 -0.049860
v 0.559208 0.674485 -0.043503
v 0.561009 0.605658 -0.040866
v 0.554183 0.676271 0.006537
v 0.486027 0.674228 -0.000234
v 0.491053 0.672442 -0.050275
v 0.487828 0.605402 0.002404
v 0.492854 0.603615 -0.047637
v 0.555984 0.607445 0.009175
v -0.336918 0.796572 0.012464
v -0.342088 0.796572 0.009479
v -0.329669 0.796572 -0.014587
v -0.359706 0.796572 0.027096
v -0.356720 0.796572 0.032267
v -0.336918 0.782924 0.012464
v -0.329669 0.782924 -0.014587
v -0.356720 0.782924 0.032267
v -0.383772 0.782924 0.039515
v -0.410823 0.782924 0.032267
v -0.410823 0.796572 0.032267
v -0.383772 0.796572 0.039515
v -0.383771 0.796572 0.033544
v -0.407837 0.796572 0.027096
v -0.425455 0.796572 0.009479
v -0.430625 0.796572 0.012464
v -0.431903 0.796572 -0.014587
v -0.437874 0.796572 -0.014587
v -0.425455 0.796572 -0.038653
v -0.430625 0.796572 -0.041638
v -0.407837 0.796572 -0.056270
v -0.410823 0.796572 -0.061441
v -0.383772 0.796572 -0.062718
v -0.383771 0.796572 -0.068689
v -0.359706 0.796572 -0.056270
v -0.356720 0.796572 -0.061441
v -0.342088 0.796572 -0.038653
v -0.335640 0.796572 -0.014587
v -0.336918 0.796572 -0.041638
v -0.336918 0.782924 -0.041638
v -0.356720 0.782924 -0.061441
v -0.383771 0.782924 -0.068689
v -0.410823 0.782924 -0.061441
v -0.430625 0.782924 -0.041638
v -0.437874 0.782924 -0.014587
v -0.430625 0.782924 0.012464
v -0.418148 0.446862 0.025040
v -0.418666 0.515418 0.025292
v -0.418224 0.447047 -0.025284
v -0.487186 0.514900 0.025393
v -0.486668 0.446345 0.025142
v -0.486744 0.446528 -0.025182
v -0.487262 0.515084 -0.024931
v -0.418742 0.515601 -0.025032
v 0.014061 1.113511 0.072701
v 0.027075 1.123464 -0.101875
v -0.018073 1.113547 0.072701
v -0.017840 1.141321 0.066947
v 0.014968 1.149782 0.066947
v 0.020327 1.149782 -0.096121
v 0.016119 1.172911 -0.093227
v 0.016119 1.172911 0.064053
v 0.012442 1.218746 -0.093227
v 0.012442 1.218746 0.064053
v 0.005085 1.310412 -0.093227
v 0.005085 1.310412 0.064053
v -0.018624 1.304621 -0.093227
v -0.018624 1.304621 0.064053
v -0.018342 1.211692 -0.093227
v -0.018342 1.211692 0.064053
v -0.018201 1.165227 -0.093227
v -0.018201 1.165227 0.064053
v -0.017840 1.141321 -0.096121
v -0.018073 1.113547 -0.101875
v 0.062257 1.283805 0.020141
v 0.052254 1.283129 -0.034769
v 0.062003 1.300971 0.019976
v 0.179080 1.302494 -0.001369
v 0.179333 1.285329 -0.001204
v 0.169331 1.284653 -0.056114
v 0.169077 1.301821 -0.056279
v 0.052001 1.300297 -0.034934
v 0.223078 0.982026 -0.074289
v 0.223078 0.982026 0.045115
v 0.239377 0.960727 -0.074289
v 0.298962 1.041271 0.045115
v 0.298963 1.041271 -0.074289
v 0.310101 1.025213 0.045115
v 0.310101 1.025213 -0.074289
v 0.239377 0.960727 0.045115
v -0.619920 0.776069 0.013397
v -0.616274 0.742594 0.012436
v -0.612008 0.775651 -0.042392
v -0.565345 0.743052 0.013375
v -0.567071 0.776527 0.014336
v -0.566018 0.778029 -0.041454
v -0.541513 0.774828 -0.040984
v -0.517008 0.774921 -0.040515
v -0.542567 0.772504 0.014805
v -0.518063 0.773418 0.015274
v -0.516606 0.735554 0.014313
v -0.536452 0.736011 0.013844
v -0.541981 0.735044 -0.041945
v -0.565663 0.742085 -0.042415
v -0.615494 0.740254 -0.043353
v -0.517247 0.735230 -0.041128
v -0.449021 0.736626 -0.000731
v -0.418637 0.739892 -0.039598
v -0.418991 0.775836 -0.038638
v -0.420045 0.774334 0.017151
v -0.419749 0.747968 -0.000377
v -0.436202 0.742608 0.006177
v -0.449755 0.746393 0.015499
v -0.587486 0.545814 0.024805
v -0.592356 0.510587 0.023832
v -0.591206 0.548135 -0.040654
v -0.548721 0.512372 0.021416
v -0.550039 0.550950 0.022859
v -0.553759 0.553271 -0.042600
v -0.507150 0.552805 -0.045266
v -0.503430 0.550484 0.020194
v -0.486136 0.553973 -0.046418
v -0.423093 0.557475 -0.049877
v -0.482416 0.551651 0.019041
v -0.483267 0.515049 0.017791
v -0.419373 0.555154 0.015583
v -0.421533 0.520047 -0.051292
v -0.417813 0.517726 0.014167
v -0.486987 0.517370 -0.047668
v -0.515902 0.513148 -0.046174
v -0.512182 0.510827 0.019285
v -0.552440 0.514693 -0.044043
v -0.596076 0.512908 -0.041627
v -0.453800 0.836653 0.052243
v -0.453800 0.836653 -0.081417
v -0.452625 0.875880 0.052243
v -0.319026 0.871877 0.052243
v -0.320201 0.832652 0.052243
v -0.320201 0.832652 -0.081417
v -0.452625 0.875880 -0.081417
v -0.319026 0.871877 -0.081417
v 0.643186 0.651262 -0.030061
v 0.636832 0.543855 -0.032881
v 0.644067 0.649889 0.020237
v 0.563662 0.654604 0.021773
v 0.562781 0.655978 -0.028524
v 0.557308 0.547200 0.018954
v 0.556428 0.548572 -0.031344
v 0.637713 0.542484 0.017417
v -0.219391 1.386902 -0.048631
v -0.220088 1.388663 0.007184
v -0.221243 1.211091 -0.013681
v -0.189256 1.389453 0.007544
v -0.188559 1.387692 -0.048270
v -0.184977 1.217211 0.013024
v -0.184278 1.215450 -0.042790
v -0.214137 1.270703 0.013117
v -0.202539 1.213836 0.014751
v -0.216231 1.211613 0.001565
v 0.089540 1.274546 -0.085747
v 0.089540 1.274546 0.056573
v 0.053126 1.278035 -0.085747
v 0.074394 1.120292 0.056573
v 0.074394 1.120292 -0.085747
v 0.048045 1.124295 -0.085747
v 0.048045 1.124295 0.056573
v 0.053126 1.278035 0.056573
v 0.566761 0.363271 0.032869
v 0.616182 0.366849 -0.035463
v 0.724389 0.367058 0.033655
v 0.556104 0.342541 0.049538
v 0.548426 0.351419 -0.029071
v 0.548680 0.342815 -0.029100
v 0.717172 0.346935 -0.045013
v 0.716961 0.367099 -0.044983
v 0.724939 0.347439 0.033593
v 0.572660 0.875911 -0.038868
v 0.571599 0.807251 -0.046238
v 0.570341 0.875064 0.016897
v 0.422443 0.877446 0.010781
v 0.424763 0.878293 -0.044984
v 0.421381 0.808788 0.003411
v 0.423701 0.809634 -0.052354
v 0.569279 0.806403 0.009527
v 0.523105 0.736195 -0.040966
v 0.523489 0.713363 -0.041277
v 0.524101 0.735526 0.009344
v 0.383095 0.733120 0.012103
v 0.382099 0.733789 -0.038206
v 0.383478 0.710289 0.011792
v 0.382482 0.710959 -0.038518
v 0.524485 0.712693 0.009032
v 0.379077 0.154350 0.010497
v 0.378633 0.110389 0.010760
v 0.382764 0.153943 -0.051252
v 0.673625 0.138444 0.028192
v 0.674727 0.151371 0.011874
v 0.677444 0.151072 -0.033634
v 0.676944 0.101511 -0.033338
v 0.673256 0.101917 0.028411
v 0.411875 0.104464 0.012784
v 0.382264 0.104382 -0.050955
v 0.378993 0.104743 0.003816
v -0.625633 0.235018 0.027728
v -0.625438 0.151650 0.026234
v -0.629916 0.236095 -0.033011
v -0.542723 0.151948 0.020406
v -0.542917 0.235315 0.021900
v -0.547202 0.236393 -0.038840
v -0.547006 0.153027 -0.040333
v -0.629722 0.152729 -0.034505
v -0.598665 1.057295 0.016864
v -0.597750 1.053492 -0.038819
v -0.598273 1.083442 0.015085
v -0.567373 1.083017 0.015622
v -0.567765 1.056868 0.017401
v -0.566850 1.053067 -0.038282
v -0.566458 1.079215 -0.040060
v -0.597358 1.079642 -0.040597
v 0.358826 0.917845 -0.066727
v 0.358826 0.917845 0.037554
v 0.351148 0.939515 -0.066727
v 0.282727 0.885780 0.037554
v 0.282727 0.885780 -0.066727
v 0.272762 0.903386 0.037554
v 0.272762 0.903386 -0.066727
v 0.351148 0.939515 0.037554
v -0.328607 0.780003 -0.014587
v -0.329669 0.783969 -0.014587
v -0.335997 0.780003 -0.042169
v -0.329994 0.776037 -0.014581
v -0.335997 0.780003 0.012995
v -0.336918 0.783969 0.012464
v -0.337155 0.776037 -0.041310
v -0.357049 0.776037 -0.061204
v -0.337149 0.776037 0.012124
v -0.355836 0.776037 -0.015471
v -0.384656 0.776037 0.013348
v -0.357061 0.776037 0.032036
v -0.382887 0.776037 -0.042523
v -0.410482 0.776037 -0.061210
v -0.411707 0.776037 -0.013703
v -0.383778 0.776037 -0.068364
v -0.356189 0.780003 -0.062361
v -0.383772 0.780003 -0.069752
v -0.411355 0.780003 -0.062361
v -0.356720 0.783969 -0.061441
v -0.383771 0.783969 -0.068689
v -0.383772 0.783969 -0.062718
v -0.410823 0.783969 -0.061441
v -0.359706 0.783969 -0.056270
v -0.342088 0.783969 -0.038653
v -0.335640 0.783969 -0.014587
v -0.336918 0.783969 -0.041638
v -0.342088 0.783969 0.009479
v -0.359706 0.783969 0.027096
v -0.383771 0.783969 0.033544
v -0.356720 0.783969 0.032267
v -0.356189 0.780003 0.033187
v -0.383772 0.783969 0.039515
v -0.383771 0.780003 0.040578
v -0.410823 0.783969 0.032267
v -0.407837 0.783969 0.027096
v -0.425455 0.783969 0.009479
v -0.431903 0.783969 -0.014587
v -0.430625 0.783969 0.012464
v -0.411355 0.780003 0.033187
v -0.431546 0.780003 0.012995
v -0.437874 0.783969 -0.014587
v -0.438936 0.780003 -0.014587
v -0.425455 0.783969 -0.038653
v -0.430625 0.783969 -0.041638
v -0.431546 0.780003 -0.042169
v -0.407837 0.783969 -0.056270
v -0.437549 0.776037 -0.014593
v -0.430395 0.776037 -0.041298
v -0.430388 0.776037 0.012136
v -0.410494 0.776037 0.032030
v -0.383765 0.776037 0.039190
v 0.598033 0.280489 0.011018
v 0.500346 0.275497 0.008947
v 0.594756 0.344534 0.011170
v 0.599694 0.280762 -0.067953
v 0.596417 0.344806 -0.067802
v 0.498731 0.339814 -0.069874
v 0.497070 0.339542 0.009098
v 0.502007 0.275769 -0.070025
v 0.155317 1.337989 0.021776
v 0.153550 1.337310 -0.034021
v 0.154013 1.420370 0.020814
v 0.209589 1.421230 0.019043
v 0.210894 1.338847 0.020006
v 0.209127 1.338167 -0.035792
v 0.207823 1.420550 -0.036754
v 0.152246 1.419690 -0.034984
v -0.811297 0.292799 0.013229
v -0.808476 0.150467 0.012755
v -0.805670 0.293114 -0.047890
v -0.711556 0.152359 0.021688
v -0.714377 0.294691 0.022162
v -0.708750 0.295006 -0.038957
v -0.705929 0.152674 -0.039430
v -0.802849 0.150783 -0.048364
v -0.077095 1.422598 -0.052620
v -0.079185 1.421322 0.019543
v -0.059681 1.335327 -0.053659
v 0.008500 1.439203 0.022732
v 0.010590 1.440480 -0.049430
v 0.019977 1.389618 0.024566
v 0.029092 1.350750 0.007225
v 0.032549 1.336369 -0.012582
v -0.000266 1.355079 0.023420
v -0.058182 1.332668 0.009728
v -0.635586 0.776763 0.014551
v -0.636071 0.739841 0.014321
v -0.633334 0.778716 -0.041144
v -0.618039 0.739512 0.014942
v -0.622715 0.774054 0.015173
v -0.619800 0.776932 -0.040523
v -0.615786 0.740539 -0.040753
v -0.634082 0.740206 -0.041374
v 0.365457 0.893070 -0.062957
v 0.365457 0.893070 0.033784
v 0.359741 0.918032 -0.062957
v 0.289132 0.868572 0.033784
v 0.289132 0.868572 -0.062957
v 0.284623 0.885876 0.033784
v 0.284623 0.885876 -0.062957
v 0.359741 0.918032 0.033784
v -0.559992 0.734468 0.015299
v -0.559555 0.711636 0.015133
v -0.562269 0.734788 -0.034973
v -0.418672 0.714381 0.008771
v -0.419109 0.737212 0.008936
v -0.421385 0.737535 -0.041335
v -0.420948 0.714703 -0.041501
v -0.561831 0.711957 -0.035138
v 0.051173 1.290690 -0.093227
v 0.053470 1.290691 0.064053
v 0.010895 1.291475 -0.093227
v 0.047350 1.118985 0.064053
v 0.047349 1.118985 -0.093227
v 0.023441 1.113528 0.064053
v 0.018082 1.121185 -0.093227
v 0.007067 1.296068 0.064053
v 0.773967 0.286827 -0.042257
v 0.771012 0.214610 -0.037720
v 0.774396 0.289964 0.007967
v 0.677373 0.293971 0.008546
v 0.676944 0.290833 -0.041679
v 0.674418 0.221755 0.013083
v 0.673989 0.218617 -0.037142
v 0.771441 0.217747 0.012504
v -0.508630 0.615282 0.006594
v -0.507301 0.551829 0.006139
v -0.507874 0.615588 -0.033849
v -0.419084 0.553665 0.007804
v -0.420414 0.617119 0.008259
v -0.419657 0.617425 -0.032184
v -0.418327 0.553972 -0.032640
v -0.506544 0.552135 -0.034305
v 0.339255 1.173360 0.010925
v 0.337490 1.172676 -0.040019
v 0.338540 1.213992 0.015272
v 0.384226 1.214780 0.013816
v 0.384941 1.174145 0.014291
v 0.383176 1.173464 -0.041474
v 0.382461 1.214096 -0.041949
v 0.336775 1.213310 -0.040493
v -0.675695 0.645088 0.001386
v -0.671231 0.537571 0.003506
v -0.674937 0.644129 -0.048923
v -0.590752 0.540936 0.004654
v -0.595216 0.648453 0.002535
v -0.594458 0.647492 -0.047775
v -0.589994 0.539975 -0.045655
v -0.670473 0.536612 -0.046803
v -0.316215 1.085644 0.045940
v -0.316215 1.085644 -0.075113
v -0.288217 1.109052 0.045939
v -0.220521 1.026080 0.050189
v -0.227366 1.016293 0.050189
v -0.227366 1.016293 -0.079362
v -0.220521 1.026080 -0.079362
v -0.288217 1.109052 -0.075113
v -0.424000 1.090650 0.020847
v -0.423378 1.089830 -0.046651
v -0.425501 1.188542 0.019641
v -0.305957 1.190388 0.020720
v -0.304456 1.092498 0.021926
v -0.303834 1.091676 -0.045572
v -0.305336 1.189565 -0.046778
v -0.424879 1.187720 -0.047858
v -0.679873 0.738039 0.011483
v -0.678858 0.707493 0.011709
v -0.678863 0.737570 -0.056498
v -0.562135 0.711384 0.013416
v -0.563150 0.741931 0.013190
v -0.562140 0.741461 -0.054790
v -0.561125 0.710915 -0.054564
v -0.677848 0.707022 -0.056272
v 0.482614 0.678592 -0.044190
v 0.486480 0.615464 -0.046018
v 0.488100 0.677479 0.005822
v 0.386291 0.670924 0.016844
v 0.380805 0.672036 -0.033168
v 0.390157 0.607798 0.015016
v 0.384671 0.608910 -0.034996
v 0.491966 0.614352 0.003994
v 0.212890 1.173838 0.042936
v 0.160099 1.053315 0.042680
v 0.199876 1.209696 0.034636
v 0.224437 1.181621 -0.068596
v 0.155745 1.050011 -0.063695
v 0.193635 1.220041 0.015997
v 0.189320 1.214883 -0.064502
v 0.154182 1.052650 -0.063695
v 0.190161 1.219474 -0.029115
v 0.188659 1.213301 0.016008
v 0.182889 1.186685 0.034671
v 0.191323 1.216409 0.023953
v 0.191505 1.210437 0.034680
v 0.151985 1.056299 0.049063
v 0.426482 1.047665 -0.040263
v 0.424157 1.047774 0.016356
v 0.423369 1.176142 -0.040635
v 0.304847 1.044867 0.011462
v 0.307172 1.044760 -0.045158
v 0.304058 1.173236 -0.045530
v 0.301733 1.173343 0.011090
v 0.421043 1.176248 0.015984
v -0.815723 0.360040 0.007325
v -0.739712 0.364718 -0.058653
v -0.586764 0.367274 0.015498
v -0.832424 0.339062 0.023478
v -0.835387 0.347982 -0.055445
v -0.835079 0.339380 -0.055464
v -0.589248 0.347189 -0.063472
v -0.586105 0.347657 0.015455
v -0.589426 0.367358 -0.063445
v -0.659964 0.940583 0.007514
v -0.654385 0.939591 -0.048017
v -0.657322 0.976616 0.007136
v -0.513040 0.966193 0.021815
v -0.515681 0.930159 0.022193
v -0.510105 0.929168 -0.033338
v -0.507462 0.965200 -0.033716
v -0.651744 0.975622 -0.048395
v 0.604614 0.806104 -0.042023
v 0.604382 0.777971 -0.042721
v 0.604537 0.804722 0.013779
v 0.408470 0.806343 0.013547
v 0.408548 0.807725 -0.042256
v 0.408238 0.778209 0.012849
v 0.408316 0.779592 -0.042953
v 0.604305 0.776588 0.013082
v 0.277361 1.085254 -0.072343
v 0.277361 1.085254 0.043169
v 0.256843 1.107484 -0.072343
v 0.196275 1.009199 0.043169
v 0.196275 1.009199 -0.072343
v 0.182116 1.026094 -0.072343
v 0.182116 1.026094 0.043169
v 0.256843 1.107484 0.043169
v -0.418760 0.415270 0.013690
v -0.418532 0.446640 0.013134
v -0.421845 0.414401 -0.036532
v -0.590515 0.448081 0.023672
v -0.590744 0.416709 0.024229
v -0.593830 0.415840 -0.025993
v -0.593600 0.447212 -0.026550
v -0.421617 0.445771 -0.037089
v 0.492978 0.277493 -0.047841
v 0.389036 0.266628 -0.037244
v 0.500986 0.277530 0.030739
v 0.488954 0.393774 0.031910
v 0.480947 0.393737 -0.046671
v 0.385012 0.382909 0.042507
v 0.377004 0.382871 -0.036073
v 0.397043 0.266665 0.041337
v 0.441864 1.007911 -0.039009
v 0.439574 1.010955 0.016680
v 0.440936 1.046141 -0.041136
v 0.320691 1.007808 0.011963
v 0.322981 1.004763 -0.043727
v 0.319763 1.046037 0.009835
v 0.322053 1.042993 -0.045854
v 0.438646 1.049185 0.014553
v -0.118567 1.100026 0.052276
v -0.122483 1.103485 -0.081332
v -0.155151 1.081310 0.053223
v -0.213753 1.214476 0.052158
v -0.187789 1.223686 0.052158
v -0.187789 1.223686 -0.081332
v -0.213754 1.214476 -0.081332
v -0.149486 1.076383 -0.083336
v 0.398573 0.796423 0.010533
v 0.393423 0.796428 0.007761
v 0.404880 0.796436 -0.016163
v 0.376690 0.796431 0.025523
v 0.379763 0.796426 0.030498
v 0.398562 0.783056 0.010524
v 0.404869 0.783068 -0.016172
v 0.379752 0.783057 0.030489
v 0.353480 0.783075 0.038375
v 0.326795 0.796469 0.032077
v 0.353491 0.796442 0.038384
v 0.326784 0.783102 0.032068
v 0.306819 0.783130 0.013258
v 0.298944 0.796521 -0.013005
v 0.298933 0.783155 -0.013014
v 0.306830 0.796498 0.013267
v 0.304790 0.796516 -0.013179
v 0.311805 0.796495 0.010194
v 0.329567 0.796469 0.026927
v 0.353317 0.796446 0.032538
v 0.310401 0.796529 -0.036929
v 0.327135 0.796526 -0.054691
v 0.305251 0.796535 -0.039701
v 0.324061 0.796531 -0.059666
v 0.305240 0.783168 -0.039710
v 0.324050 0.783165 -0.059675
v 0.350322 0.783149 -0.067561
v 0.377029 0.796489 -0.061245
v 0.350333 0.796516 -0.067552
v 0.377018 0.783123 -0.061254
v 0.396983 0.783093 -0.042444
v 0.396994 0.796459 -0.042435
v 0.392019 0.796462 -0.039362
v 0.399034 0.796441 -0.015989
v 0.374257 0.796488 -0.056095
v 0.350507 0.796511 -0.061706
v -0.523843 1.060887 0.018211
v -0.526077 1.061302 -0.037562
v -0.522923 1.070370 0.018245
v -0.354110 1.053997 0.011360
v -0.355031 1.044514 0.011326
v -0.357265 1.044932 -0.044447
v -0.356344 1.054415 -0.044413
v -0.525156 1.070785 -0.037528
v 0.513999 1.131627 -0.044024
v 0.511676 1.131758 0.012573
v 0.513160 1.190304 -0.041158
v 0.510837 1.190434 0.015440
v 0.424750 1.189028 -0.044784
v 0.422427 1.189158 0.011814
v 0.425589 1.130351 -0.047650
v 0.423266 1.130482 0.008947
v -0.056387 1.507714 0.024291
v -0.069538 1.551257 0.024804
v -0.042600 1.513685 0.024292
v -0.069550 1.551272 0.021566
v -0.056426 1.507760 0.013594
v -0.065367 1.553084 0.021566
v -0.042607 1.513746 0.013594
v -0.065365 1.553065 0.024804
vn -0.0299 -0.9996 -0.0000
vn -0.9996 0.0299 -0.0000
vn -0.0000 -0.0000 1.0000
vn -0.0000 -0.0000 -1.0000
vn 0.9996 -0.0299 -0.0000
vn 0.0299 0.9996 -0.0000
vn -0.9993 -0.0172 0.0318
vn 0.9993 0.0172 -0.0318
vn 0.0316 0.0122 0.9994
vn 0.0176 -0.9998 0.0117
vn -0.0176 0.9998 -0.0117
vn -0.8813 0.4725 0.0025
vn -0.0042 -0.0105 0.9999
vn -0.8813 0.4725 0.0023
vn 0.0640 0.1617 -0.9848
vn 0.9661 -0.2583 0.0023
vn 0.9660 -0.2584 0.0026
vn 0.3677 0.9299 0.0054
vn 0.3675 0.9300 0.0056
vn 0.3677 0.9299 0.0053
vn 0.3678 0.9299 0.0057
vn -0.9740 -0.2263 -0.0066
vn -0.3413 0.9399 0.0082
vn -0.0130 -0.0066 0.9999
vn 0.0649 -0.9979 -0.0000
vn 0.9888 0.1489 -0.0116
vn -0.3415 0.9399 0.0082
vn 0.7692 -0.6390 -0.0000
vn 0.7277 0.6859 -0.0000
vn -0.6803 -0.7329 -0.0000
vn -0.9145 0.4046 -0.0000
vn 0.0160 0.0082 0.9998
vn -0.9999 0.0029 0.0159
vn 0.0028 1.0000 -0.0083
vn 0.9999 -0.0029 -0.0159
vn -0.0028 -1.0000 0.0083
vn -0.9256 0.3784 -0.0000
vn -0.9431 0.3325 -0.0000
vn -0.4303 -0.9027 -0.0000
vn -0.4302 -0.9027 -0.0000
vn 0.9299 -0.3678 -0.0000
vn 0.8063 -0.5915 -0.0000
vn 0.3810 0.9246 -0.0000
vn 0.8063 -0.5916 -0.0000
vn 0.0995 -0.0244 0.9947
vn -0.9947 -0.0293 0.0988
vn -0.0267 0.9993 0.0271
vn 0.9947 0.0293 -0.0987
vn -0.9947 -0.0293 0.0987
vn 0.1188 -0.0171 0.9928
vn -0.9922 -0.0404 0.1180
vn -0.0381 0.9990 0.0218
vn -0.0380 0.9990 0.0218
vn 0.9922 0.0404 -0.1180
vn 0.0380 -0.9990 -0.0218
vn 0.0321 -0.9995 -0.0000
vn -0.9995 -0.0320 -0.0000
vn 0.9995 0.0321 -0.0000
vn -0.0321 0.9995 -0.0000
vn 0.9969 0.0760 0.0214
vn 0.2070 0.9768 -0.0548
vn 0.2070 0.9768 -0.0547
vn 0.2069 0.9768 -0.0548
vn 0.0622 0.9963 -0.0588
vn 0.1274 0.9902 -0.0572
vn 0.1274 0.9902 -0.0571
vn -0.9931 0.1143 -0.0267
vn -0.1129 -0.9919 0.0575
vn -0.1129 -0.9919 0.0576
vn -0.1128 -0.9919 0.0575
vn -0.1767 -0.9835 0.0383
vn 0.0273 -0.9996 -0.0060
vn -0.0199 0.0601 0.9980
vn -0.0199 0.0602 0.9980
vn -0.0620 -0.9956 -0.0707
vn -0.0198 0.0602 0.9980
vn 0.0158 -0.9998 0.0117
vn -0.9994 -0.0154 0.0318
vn 0.9994 0.0154 -0.0318
vn -0.0158 0.9998 -0.0117
vn -0.0718 0.9974 0.0007
vn -0.0184 0.9940 0.1082
vn -0.0184 0.9940 0.1081
vn 0.0007 -0.0008 1.0000
vn 0.0007 -0.0006 1.0000
vn 0.0007 -0.0007 1.0000
vn -0.0717 0.9974 0.0007
vn -0.0314 -0.0442 0.9985
vn -0.0482 -0.1693 0.9844
vn -0.9985 0.0024 0.0547
vn -0.9985 0.0025 0.0547
vn -0.0482 -0.1694 0.9844
vn -0.9985 0.0023 0.0547
vn -0.0999 0.9948 -0.0193
vn 0.0008 -0.0008 1.0000
vn 0.9497 -0.1033 0.2956
vn 0.9497 -0.1032 0.2957
vn 0.9021 0.2447 -0.3554
vn 0.1096 0.9677 -0.2272
vn -0.0185 0.9940 0.1083
vn -0.0184 0.9940 0.1083
vn 0.9947 0.0332 -0.0972
vn -0.0385 0.9978 -0.0532
vn -0.9947 -0.0332 0.0972
vn 0.0385 -0.9978 0.0532
vn 0.0953 0.0567 0.9938
vn 0.9947 0.0332 -0.0973
vn 0.5380 0.4085 0.7374
vn -0.0337 -0.0105 0.9994
vn 0.2492 0.9683 0.0186
vn -0.9993 0.0140 -0.0336
vn -0.1460 0.1443 0.9787
vn 0.9763 0.2124 0.0423
vn 0.0182 -0.9998 0.0106
vn -0.9957 -0.0172 0.0913
vn 0.0911 0.0122 0.9958
vn 0.0183 -0.9998 0.0106
vn 0.9957 0.0172 -0.0913
vn -0.0183 0.9998 -0.0106
vn -0.0182 0.9998 -0.0106
vn 0.9318 0.0648 0.3572
vn 0.0289 0.0470 0.9985
vn 0.9960 0.0559 -0.0690
vn 0.9960 0.0560 -0.0690
vn 0.0113 -0.9952 0.0969
vn -0.2228 -0.9727 0.0644
vn -0.2229 -0.9727 0.0644
vn 0.9960 0.0559 -0.0691
vn 0.9877 0.1239 0.0952
vn 0.9877 0.1239 0.0951
vn -0.1872 -0.9814 -0.0436
vn 0.9877 0.1239 0.0953
vn 0.1433 -0.9882 0.0536
vn -0.0596 -0.9928 -0.1041
vn -0.9998 -0.0102 0.0150
vn -0.9998 -0.0098 0.0153
vn -0.9998 -0.0101 0.0150
vn -0.9998 -0.0105 0.0146
vn 0.8580 0.1359 0.4953
vn -0.0000 1.0000 -0.0000
vn 0.9907 0.1359 -0.0000
vn 0.8660 -0.0000 0.5000
vn 0.4954 0.1359 0.8580
vn 1.0000 -0.0000 -0.0000
vn 0.5000 -0.0000 0.8660
vn 0.0001 0.1359 0.9907
vn -0.4954 0.1359 0.8580
vn -0.5000 -0.0000 0.8660
vn -0.8660 -0.0000 0.5000
vn -0.8580 0.1359 0.4954
vn -0.9907 0.1359 -0.0000
vn -1.0000 -0.0000 -0.0000
vn -0.8660 -0.0000 -0.5000
vn -0.8580 0.1359 -0.4954
vn -0.4954 0.1359 -0.8580
vn -0.5000 -0.0000 -0.8660
vn -0.0001 0.1359 -0.9907
vn 0.4954 0.1359 -0.8580
vn 0.5000 -0.0000 -0.8660
vn 0.8580 0.1359 -0.4954
vn 0.8660 -0.0000 -0.5000
vn 0.9997 -0.0238 0.0017
vn 0.0238 0.9994 0.0233
vn -0.9997 0.0238 -0.0017
vn -0.0238 -0.9994 -0.0233
vn -0.0022 -0.0233 0.9997
vn -0.0022 -0.0232 0.9997
vn 0.9997 -0.0238 0.0016
vn -0.0229 0.9997 -0.0004
vn -0.0228 0.9997 -0.0004
vn -0.9997 -0.0230 0.0015
vn 0.0015 0.0004 1.0000
vn 0.9997 0.0230 -0.0015
vn -0.0149 -0.9998 0.0138
vn -0.9998 0.0147 -0.0166
vn -0.0164 0.0140 0.9998
vn 0.9998 -0.0147 0.0166
vn 0.0149 0.9998 -0.0138
vn 0.0150 0.9998 -0.0138
vn -0.0089 -1.0000 -0.0000
vn -1.0000 0.0089 -0.0000
vn 1.0000 -0.0089 -0.0000
vn 0.0089 1.0000 -0.0000
vn -0.9993 -0.0191 0.0319
vn -0.9993 -0.0191 0.0318
vn 0.0330 -0.0717 0.9969
vn 0.9993 0.0191 -0.0318
vn 0.9993 0.0191 -0.0319
vn -0.0176 0.9998 -0.0116
vn 0.9998 -0.0170 -0.0091
vn -0.0632 -0.2164 0.9743
vn -0.0632 -0.2163 0.9743
vn -0.0631 -0.2165 0.9742
vn -0.9998 0.0158 0.0104
vn -0.9998 0.0159 0.0103
vn -0.9998 0.0161 0.0101
vn -0.9998 0.0160 0.0102
vn 0.0182 0.9983 0.0559
vn 0.0143 -0.9999 0.0029
vn 0.9991 0.0144 0.0410
vn -0.9991 -0.0144 -0.0410
vn -0.0143 0.9999 -0.0029
vn -0.0410 0.0023 0.9992
vn 0.0194 -0.0140 0.9997
vn 0.9995 -0.0254 -0.0198
vn -0.0256 -0.9996 -0.0135
vn -0.0257 -0.9996 -0.0134
vn -0.9995 0.0254 0.0198
vn 0.0256 0.9996 0.0134
vn 0.0257 0.9996 0.0135
vn -0.0058 -0.9994 0.0340
vn -0.9997 0.0050 -0.0235
vn -0.0233 0.0342 0.9991
vn 0.9997 -0.0050 0.0235
vn 0.0058 0.9994 -0.0340
vn 0.9998 0.0125 0.0149
vn -0.0119 0.9993 -0.0346
vn -0.9998 -0.0125 -0.0149
vn 0.0119 -0.9993 0.0346
vn 0.0119 -0.9993 0.0347
vn 0.0120 -0.9993 0.0346
vn -0.0153 0.0345 0.9993
vn 0.8814 -0.4724 0.0023
vn 0.0042 0.0105 0.9999
vn -0.0640 -0.1617 -0.9848
vn -0.9661 0.2583 0.0020
vn -0.3680 -0.9298 0.0058
vn -0.3679 -0.9298 0.0058
vn -0.9661 0.2583 0.0022
vn -0.3678 -0.9299 0.0055
vn 0.9964 0.0174 0.0827
vn 0.0174 0.9998 -0.0133
vn 0.0175 -0.9997 0.0147
vn -0.9889 -0.1063 -0.1035
vn -0.9845 -0.1593 -0.0739
vn -0.9845 -0.1592 -0.0739
vn -0.2040 0.6765 0.7076
vn -0.0362 0.9589 0.2815
vn -0.0361 0.9589 0.2814
vn 0.0040 -0.0774 0.9970
vn 0.0040 -0.0773 0.9970
vn -0.9971 -0.0760 -0.0000
vn -0.0826 0.9966 -0.0000
vn 0.1311 -0.9914 -0.0000
vn 1.0000 0.0028 -0.0000
vn -0.0705 0.9967 0.0407
vn -0.0000 0.9967 0.0815
vn -0.0000 0.9967 0.0814
vn -0.0000 -1.0000 -0.0000
vn 0.0705 0.9967 -0.0407
vn 0.0705 0.9967 0.0407
vn 0.0934 0.9942 0.0539
vn 0.0934 0.9942 -0.0539
vn -0.0000 0.9967 -0.0814
vn -0.0000 0.9967 -0.0815
vn -0.0000 0.9942 -0.1079
vn 0.0585 0.9977 -0.0338
vn -0.0000 0.9977 -0.0675
vn 0.0585 0.9977 0.0338
vn -0.0585 0.9977 -0.0338
vn -0.0585 0.9977 0.0338
vn -0.0000 0.9977 0.0675
vn -0.0000 0.9942 0.1079
vn -0.0934 0.9942 0.0539
vn -0.0934 0.9942 -0.0539
vn -0.0705 0.9967 -0.0407
vn 0.0557 -0.9984 0.0140
vn 0.9990 0.0345 0.0293
vn -0.0380 -0.0484 0.9981
vn -0.0380 -0.0483 0.9981
vn -0.0285 0.0283 0.9992
vn -0.0649 0.9978 -0.0142
vn -0.0380 -0.0485 0.9981
vn -0.0153 0.9998 -0.0128
vn -0.9984 -0.0493 -0.0265
vn 0.0091 -0.0080 0.9999
vn 0.0091 -0.0081 0.9999
vn -0.9994 0.0336 0.0094
vn 0.0337 0.9994 0.0077
vn 0.0337 0.9994 0.0078
vn 0.9994 -0.0336 -0.0093
vn -0.0337 -0.9994 -0.0077
vn -0.9994 0.0336 0.0093
vn 0.9967 0.0243 0.0780
vn 0.9967 0.0244 0.0780
vn -0.0241 0.9997 -0.0038
vn -0.9967 -0.0243 -0.0780
vn 0.0241 -0.9997 0.0038
vn -0.0781 0.0019 0.9969
vn 0.1165 0.0466 0.9921
vn 0.9535 -0.0200 0.3008
vn 0.0352 -0.9994 0.0041
vn 0.9585 -0.2847 0.0179
vn 0.9585 -0.2847 0.0178
vn 0.9903 -0.0396 -0.1331
vn 0.9585 -0.2847 0.0180
vn 0.1964 -0.9726 0.1241
vn -0.9925 0.0536 0.1103
vn -0.9923 0.0543 0.1110
vn -0.0275 -0.9996 -0.0003
vn 0.9986 -0.0274 -0.0457
vn 0.0275 0.9996 0.0003
vn -0.9986 0.0274 0.0457
vn 0.0457 -0.0016 0.9990
vn 0.0329 -0.9995 -0.0005
vn 0.0327 -0.9995 -0.0006
vn 0.0328 -0.9995 -0.0006
vn 0.9994 0.0328 0.0116
vn 0.0116 0.0010 -0.9999
vn 0.0116 0.0009 -0.9999
vn -0.9994 -0.0328 -0.0116
vn -0.9994 -0.0329 -0.0116
vn -0.0116 -0.0010 0.9999
vn -0.0117 -0.0009 0.9999
vn -0.0328 0.9995 0.0005
vn 0.9994 0.0329 0.0116
vn 0.0245 0.0004 0.9997
vn 0.0006 -1.0000 0.0004
vn 0.0007 -1.0000 0.0004
vn -0.9997 -0.0006 0.0245
vn -0.0006 1.0000 -0.0004
vn -0.0007 1.0000 -0.0004
vn 0.9997 0.0007 -0.0245
vn 0.9997 0.0006 -0.0245
vn 0.0007 -1.0000 0.0003
vn -0.9913 0.0433 0.1242
vn -0.0507 -0.9971 -0.0575
vn 0.9913 -0.0433 -0.1242
vn 0.9913 -0.0432 -0.1242
vn 0.0507 0.9971 0.0575
vn 0.1214 -0.0633 0.9906
vn 0.9997 0.0008 0.0249
vn 0.8931 0.4492 0.0228
vn 0.7616 0.4480 0.4683
vn 0.8782 0.0010 -0.4783
vn 0.8491 -0.2558 -0.4622
vn 0.9664 -0.2558 0.0238
vn 0.8533 0.0006 0.5215
vn 0.4268 0.4461 0.7867
vn 0.4782 0.0007 0.8782
vn 0.8258 -0.2567 0.5022
vn -0.0255 0.4439 0.8957
vn -0.0249 -0.0005 0.9997
vn 0.4644 -0.2581 0.8472
vn -0.0215 -0.2597 0.9654
vn -0.5214 -0.0007 0.8533
vn -0.5019 -0.2611 0.8246
vn -0.8782 -0.0008 0.4782
vn -0.8473 -0.2618 0.4621
vn -0.9997 -0.0009 -0.0249
vn -0.9648 -0.2617 -0.0248
vn -0.8972 0.4412 -0.0219
vn -0.7666 0.4424 -0.4655
vn -0.8533 -0.0007 -0.5215
vn -0.4313 0.4444 -0.7852
vn -0.4783 -0.0008 -0.8782
vn -0.8227 -0.2608 -0.5052
vn -0.4594 -0.2594 -0.8495
vn 0.0249 0.0004 -0.9997
vn 0.0267 -0.2578 -0.9658
vn 0.0210 0.4465 -0.8945
vn 0.4641 0.4484 -0.7639
vn 0.5214 0.0006 -0.8533
vn -0.0031 1.0000 0.0010
vn 0.7844 0.4494 -0.4275
vn -0.0033 1.0000 0.0010
vn -0.0031 1.0000 0.0011
vn -0.0031 1.0000 0.0009
vn -0.0032 1.0000 0.0008
vn -0.0029 1.0000 0.0010
vn -0.7885 0.4411 0.4287
vn -0.4685 0.4421 0.7649
vn -0.0029 1.0000 0.0008
vn 0.5055 -0.2564 -0.8239
vn 0.9990 -0.0441 -0.0071
vn 0.0086 0.0333 0.9994
vn 0.0086 0.0332 0.9994
vn -0.9990 0.0441 0.0071
vn 0.5366 0.0048 0.8438
vn 0.5370 0.0048 0.8436
vn 0.0299 0.5404 0.8409
vn 0.0299 0.5411 0.8404
vn 0.0299 0.5407 0.8407
vn 0.0438 0.9985 -0.0336
vn 0.0438 0.9985 -0.0335
vn -0.9990 0.0441 0.0072
vn -0.5217 0.0515 0.8516
vn -0.5220 0.0515 0.8514
vn 0.0299 0.5408 0.8406
vn -0.5221 0.0515 0.8513
vn -0.0151 -0.4836 0.8752
vn -0.0151 -0.4837 0.8751
vn -0.0151 -0.4835 0.8752
vn 0.5367 0.0048 0.8438
vn 0.5369 0.0048 0.8436
vn -0.0438 -0.9985 0.0337
vn -0.0438 -0.9985 0.0336
vn -0.0151 -0.4836 0.8751
vn 0.0397 -0.9991 0.0157
vn -0.9946 -0.0410 -0.0955
vn -0.0961 0.0118 0.9953
vn 0.9946 0.0410 0.0955
vn -0.0397 0.9991 -0.0157
vn 0.9961 0.0629 0.0617
vn -0.0616 0.9979 -0.0220
vn -0.0616 0.9979 -0.0221
vn -0.9961 -0.0629 -0.0617
vn 0.0616 -0.9979 0.0221
vn -0.0629 0.0182 0.9979
vn 0.0398 -0.9980 -0.0495
vn -0.9986 -0.0414 0.0330
vn 0.0350 -0.0481 0.9982
vn 0.9986 0.0414 -0.0330
vn -0.0398 0.9980 0.0495
vn 0.9986 0.0415 -0.0330
vn 0.9610 0.2764 -0.0000
vn 0.9785 0.2061 -0.0000
vn 0.3483 -0.9374 -0.0000
vn -0.9656 -0.2600 -0.0000
vn -0.8030 -0.5960 -0.0000
vn -0.3141 0.9494 -0.0000
vn -0.0000 0.0001 1.0000
vn -0.0000 -0.0001 1.0000
vn 0.9915 0.0439 -0.1228
vn -0.0440 0.9990 0.0018
vn -0.9915 -0.0439 0.1228
vn -0.9915 -0.0439 0.1227
vn 0.0440 -0.9990 -0.0018
vn 0.1227 0.0036 0.9924
vn -0.0043 -0.0053 1.0000
vn -1.0000 -0.0013 -0.0043
vn -0.0013 1.0000 0.0053
vn 1.0000 0.0013 0.0043
vn 0.0013 -1.0000 -0.0053
vn -0.7350 -0.6781 -0.0000
vn -0.7837 0.6211 -0.0000
vn 0.7492 -0.6623 -0.0000
vn 0.7681 0.6404 -0.0000
vn 0.9992 0.0046 -0.0403
vn 0.0728 -0.0123 0.9973
vn -0.1920 0.3848 0.9028
vn -0.0307 0.9994 0.0174
vn -0.0305 0.9994 0.0176
vn -0.7057 0.4436 0.5525
vn -0.7057 0.4436 0.5524
vn -0.0307 0.9994 0.0175
vn -0.5124 0.1222 0.8500
vn -0.9973 -0.0034 0.0732
vn 0.0781 0.0599 0.9951
vn -0.9969 -0.0052 0.0785
vn -0.0099 0.9982 -0.0593
vn 0.9969 0.0052 -0.0785
vn 0.0099 -0.9982 0.0593
vn 0.0317 0.0122 0.9994
vn -0.6153 -0.7883 -0.0000
vn -0.7941 0.6078 -0.0000
vn 0.8217 -0.5700 -0.0000
vn 0.6735 0.7392 -0.0000
vn 0.0145 -0.9998 0.0132
vn -0.9975 -0.0154 -0.0694
vn -0.0696 0.0122 0.9975
vn 0.9975 0.0154 0.0694
vn -0.0146 0.9998 -0.0132
vn 0.0414 0.9978 0.0526
vn 0.0414 0.9978 0.0525
vn -0.9956 -0.0193 -0.0919
vn 0.0354 0.0011 0.9994
vn 0.0357 0.0007 0.9994
vn 0.0358 0.0006 0.9994
vn 0.0356 0.0008 0.9994
vn 0.9973 0.0318 0.0655
vn 0.9973 0.0317 0.0656
vn 0.0414 0.9978 0.0527
vn 0.1802 0.5715 0.8006
vn -0.0345 -0.0292 0.9990
vn 0.0222 0.9993 0.0300
vn 0.0222 0.9993 0.0299
vn -0.2072 0.5805 0.7874
vn -0.9992 0.0232 -0.0338
vn 0.9992 -0.0232 0.0338
vn -0.9885 -0.1513 -0.0000
vn -0.1578 0.9875 -0.0000
vn 0.2059 -0.9786 -0.0000
vn 0.9969 0.0786 -0.0000
vn -0.2891 0.9573 0.0022
vn -0.0104 -0.0044 0.9999
vn -0.2891 0.9573 0.0023
vn 0.1596 0.0691 -0.9848
vn 0.5005 -0.8658 0.0021
vn 0.9177 0.3973 0.0056
vn 0.9176 0.3974 0.0057
vn 0.5004 -0.8658 0.0023
vn -0.0104 -0.0045 0.9999
vn 0.9175 0.3976 0.0056
vn -0.0356 -0.0540 0.9979
vn -0.9992 -0.0146 -0.0365
vn -0.0165 0.9984 0.0535
vn -0.0357 -0.0540 0.9979
vn 0.9992 0.0146 0.0365
vn 0.0165 -0.9984 -0.0535
vn 0.6801 0.7331 -0.0000
vn 0.5723 -0.8200 -0.0000
vn 0.0253 -0.0296 0.9992
vn -0.8455 0.5340 -0.0000
vn -0.7803 -0.6254 -0.0000
vn 0.0564 -0.9971 -0.0509
vn 0.9975 0.0585 -0.0405
vn -0.9975 -0.0585 0.0405
vn -0.0564 0.9971 0.0509
vn 0.0434 -0.0485 0.9979
vn 0.0583 -0.9983 0.0022
vn 0.0583 -0.9983 0.0023
vn 0.9983 0.0583 0.0022
vn -0.0583 0.9983 -0.0022
vn -0.0583 0.9983 -0.0023
vn -0.9983 -0.0583 -0.0022
vn -0.0024 0.0021 1.0000
vn 0.0276 0.9996 0.0061
vn 0.0275 0.9996 0.0061
vn -0.9974 0.0009 0.0716
vn 0.0711 -0.0233 0.9972
vn 0.9974 -0.0009 -0.0716
vn -0.2129 -0.0033 0.9771
vn -0.3224 -0.0046 0.9466
vn -0.3101 -0.1227 0.9428
vn -0.0751 -0.0003 0.9972
vn -0.1389 0.0319 0.9898
vn -0.3154 0.1131 0.9422
vn -0.2363 0.0952 0.9670
vn -0.1469 0.1279 0.9808
vn 0.2129 0.0033 0.9771
vn 0.2272 0.1018 0.9685
vn 0.1427 0.1322 0.9809
vn -0.1427 -0.1322 0.9809
vn -0.0694 -0.1963 0.9781
vn 0.0040 -0.1952 0.9808
vn -0.0040 0.1952 0.9808
vn -0.0754 0.1943 0.9780
vn -0.2272 -0.1018 0.9685
vn 0.0754 -0.1943 0.9780
vn 0.2363 -0.0952 0.9670
vn 0.1469 -0.1279 0.9808
vn 0.0694 0.1963 0.9781
vn 0.1230 0.3006 0.9458
vn 0.2296 0.2234 0.9473
vn 0.1393 0.0365 0.9896
vn 0.1005 0.0775 0.9919
vn 0.3101 0.1227 0.9428
vn 0.1217 0.1338 0.9835
vn 0.0499 0.0953 0.9942
vn 0.0540 0.1366 0.9892
vn 0.3678 0.8477 0.3823
vn -0.0161 0.9246 0.3806
vn -0.0022 0.1388 0.9903
vn -0.0160 0.9999 -0.0000
vn 0.3819 0.9242 -0.0000
vn 0.6834 0.6194 0.3865
vn 0.2727 0.1177 0.9549
vn 0.8815 0.2811 0.3795
vn 0.7213 0.6926 -0.0000
vn 0.5776 0.0059 0.8163
vn 0.9450 0.3270 -0.0000
vn 0.9555 0.0057 0.2948
vn 0.2959 -0.1146 0.9483
vn 0.1389 -0.0319 0.9898
vn 0.0750 0.0003 0.9972
vn 0.3224 0.0046 0.9466
vn 0.3154 -0.1131 0.9422
vn 0.2368 -0.2157 0.9473
vn 0.1047 -0.0752 0.9917
vn 0.0540 -0.0944 0.9941
vn 0.1293 -0.1331 0.9826
vn 0.8922 -0.2509 0.3755
vn 0.7044 -0.5952 0.3868
vn 0.0591 -0.1361 0.9889
vn 0.0022 -0.1005 0.9949
vn 0.0023 -0.1388 0.9903
vn 0.3970 -0.8343 0.3826
vn -0.0509 -0.1379 0.9891
vn 0.0161 -0.9246 0.3806
vn 0.4126 -0.9109 -0.0000
vn -0.3679 -0.8477 0.3823
vn 0.0160 -0.9999 -0.0000
vn -0.1216 -0.1337 0.9835
vn -0.6834 -0.6194 0.3864
vn -0.3819 -0.9242 -0.0000
vn -0.7213 -0.6926 -0.0000
vn -0.8815 -0.2811 0.3794
vn -0.9450 -0.3270 -0.0000
vn -0.9555 -0.0057 0.2948
vn -1.0000 -0.0065 -0.0000
vn -0.8922 0.2508 0.3756
vn -0.9563 0.2925 -0.0000
vn -0.7044 0.5952 0.3868
vn -0.7447 0.6674 -0.0000
vn -0.3970 0.8343 0.3826
vn -0.4126 0.9109 -0.0000
vn -0.0555 0.1377 0.9889
vn -0.0022 0.1005 0.9949
vn -0.0539 0.0944 0.9941
vn -0.1293 0.1331 0.9826
vn -0.1047 0.0752 0.9917
vn -0.2959 0.1147 0.9483
vn -0.5776 -0.0059 0.8163
vn -0.2727 -0.1177 0.9549
vn -0.1393 -0.0365 0.9896
vn -0.2296 -0.2234 0.9473
vn -0.1005 -0.0775 0.9919
vn -0.1230 -0.3006 0.9458
vn -0.0498 -0.0953 0.9942
vn 0.0056 -0.3223 0.9466
vn 0.1328 -0.2963 0.9458
vn -0.2368 0.2157 0.9473
vn -0.1328 0.2963 0.9458
vn -0.0056 0.3223 0.9466
vn 0.7447 -0.6674 -0.0000
vn 0.9563 -0.2925 -0.0000
vn 1.0000 0.0065 -0.0000
vn 0.9922 0.1140 0.0496
vn -0.0157 0.9995 -0.0285
vn 0.9923 0.1138 0.0496
vn 0.0629 -0.1255 0.9901
vn 0.0630 -0.1255 0.9901
vn 0.4283 0.2664 0.8635
vn -0.4372 0.7579 0.4841
vn 0.0174 0.9985 -0.0523
vn 0.0175 0.9985 -0.0523
vn 0.0173 0.9985 -0.0523
vn -0.9980 0.0013 0.0635
vn -0.9919 -0.0843 0.0952
vn 0.0371 -0.9987 0.0362
vn -0.9925 0.1171 -0.0356
vn -0.9925 0.1171 -0.0357
vn 0.0656 -0.4176 0.9063
vn 0.9997 -0.0206 -0.0093
vn -0.0547 0.9985 -0.0001
vn -0.9925 0.1169 -0.0356
vn -0.0288 0.0582 0.9979
vn -0.9996 -0.0086 -0.0284
vn -0.0069 0.9983 -0.0585
vn -0.0069 0.9983 -0.0584
vn 0.9996 0.0086 0.0284
vn 0.0069 -0.9983 0.0584
vn 0.0069 -0.9983 0.0585
vn -0.1380 0.1732 0.9752
vn -0.1378 0.1733 0.9752
vn 0.3841 0.4125 0.8260
vn 0.9313 0.2060 0.3003
vn 0.4375 0.7530 0.4915
vn 0.0370 0.6964 0.7167
vn 0.0371 0.6964 0.7167
vn -0.0290 0.9950 0.0956
vn 0.0012 -0.9993 -0.0386
vn -0.9968 0.0019 -0.0800
vn -0.0800 -0.0386 0.9960
vn 0.9968 -0.0019 0.0800
vn -0.0012 0.9993 0.0386
vn 0.9988 0.0243 -0.0424
vn 0.9988 0.0244 -0.0424
vn -0.0244 0.9997 -0.0009
vn -0.9988 -0.0243 0.0424
vn -0.9988 -0.0244 0.0424
vn 0.0244 -0.9997 0.0009
vn 0.0244 -0.9997 0.0008
vn 0.0423 0.0020 0.9991
vn 0.9818 -0.1899 0.0055
vn 0.2931 0.9560 -0.0081
vn -0.0247 -0.9997 -0.0000
vn -0.9921 0.1250 0.0098
vn 0.2933 0.9560 -0.0081
vn 0.0330 -0.0119 0.9994
vn -0.9976 0.0692 -0.0002
vn 0.0693 0.9973 0.0234
vn -0.0019 -0.0233 0.9997
vn -0.0692 -0.9973 -0.0234
vn 0.9976 -0.0692 0.0002
vn -0.0691 -0.9973 -0.0234
vn 0.0088 -0.9981 0.0606
vn 0.9997 0.0101 0.0212
vn 0.0088 -0.9981 0.0605
vn -0.9997 -0.0101 -0.0212
vn -0.0088 0.9981 -0.0606
vn -0.0218 0.0604 0.9979
vn -0.0089 0.9981 -0.0605
vn -0.1007 0.0521 0.9936
vn -0.9949 -0.0157 -0.1000
vn -0.0104 0.9985 -0.0534
vn 0.9949 0.0157 0.1000
vn 0.0104 -0.9985 0.0534
vn -0.0271 -0.9989 0.0394
vn -0.9983 0.0291 0.0506
vn 0.0517 0.0380 0.9979
vn 0.9983 -0.0291 -0.0506
vn 0.0271 0.9989 -0.0394
vn -0.9990 0.0285 -0.0347
vn -0.0303 -0.9983 0.0504
vn -0.0303 -0.9983 0.0503
vn 0.9990 -0.0285 0.0347
vn 0.0303 0.9983 -0.0504
vn 0.0303 0.9983 -0.0503
vn -0.0332 0.0514 0.9981
vn 0.0161 0.0035 0.9999
vn 0.0162 0.0035 0.9999
vn -0.0238 -0.9996 -0.0182
vn -0.9998 0.0071 -0.0178
vn -0.9998 0.0071 -0.0177
vn -0.9998 0.0071 -0.0179
vn 0.0254 0.9949 0.0976
vn 0.0254 0.9949 0.0977
vn 0.0253 0.9949 0.0975
vn 0.9983 -0.0295 -0.0512
vn -0.6836 -0.7299 -0.0000
vn -0.7344 0.6787 -0.0000
vn 0.7666 -0.6421 -0.0000
vn 0.7352 0.6779 -0.0000
vn 0.3935 0.4199 0.8178
vn -0.2318 0.0248 0.9724
vn 0.2711 0.9617 0.0401
vn 0.2710 0.9617 0.0401
vn -0.9718 0.0381 -0.2326
vn -0.3327 0.1816 0.9254
vn 0.9546 0.1890 0.2301
vn 0.9546 0.1891 0.2301
vn 0.9934 0.0244 -0.1125
vn -0.0244 0.9997 0.0008
vn -0.9934 -0.0244 0.1125
vn -0.9934 -0.0243 0.1125
vn 0.0244 -0.9997 -0.0008
vn 0.1125 0.0019 0.9937
vn 0.8661 0.0046 0.4999
vn 1.0000 0.0046 -0.0001
vn 0.5000 0.0046 0.8660
vn 0.0001 0.0046 1.0000
vn -0.4999 0.0046 0.8661
vn -0.8660 0.0046 0.5000
vn -1.0000 0.0046 -0.0000
vn -0.8660 0.0046 -0.5000
vn -0.5000 0.0046 -0.8660
vn -0.0000 0.0046 -1.0000
vn 0.4999 0.0046 -0.8661
vn 0.8660 0.0046 -0.5001
vn 0.9996 0.0266 -0.0123
vn -0.0265 0.9996 0.0074
vn -0.9996 -0.0266 0.0123
vn 0.0265 -0.9996 -0.0074
vn 0.0125 -0.0071 0.9999
vn -0.0036 -1.0000 -0.0004
vn -0.9976 0.0036 -0.0688
vn -0.0688 -0.0002 0.9976
vn 0.9976 -0.0036 0.0688
vn 0.0036 1.0000 0.0004
vn 0.9973 -0.0566 0.0466
vn 0.9974 -0.0562 0.0461
vn 0.9974 -0.0560 0.0459
vn -0.0437 0.0512 0.9977
vn -0.9970 0.0727 -0.0251
vn -0.8934 0.0414 -0.4474
vn -0.9710 -0.1892 -0.1459
vn -0.9711 -0.1892 -0.1458
vn -0.1480 -0.9856 0.0819
vn -0.2477 -0.9554 0.1608
vn -0.0559 -0.9984 -0.0030
vn -0.2007 -0.9791 0.0343
vn -0.2850 -0.9564 -0.0645
vn -0.2851 -0.9563 -0.0645
vn -0.2850 -0.9563 -0.0645
vn -0.9710 -0.1892 -0.1460
vn 0.2731 0.4579 0.8460
vn 0.2727 0.4579 0.8461
vn 0.2732 0.4579 0.8460
vn 0.1112 0.0400 0.9930
vn -0.9929 -0.0387 0.1127
vn -0.0430 0.9985 -0.0354
vn 0.7542 0.5979 0.2715
vn 0.2729 0.4579 0.8461
vn 0.6124 0.1589 0.7744
vn 0.9929 0.0387 -0.1127
vn -0.9993 -0.0177 0.0319
vn 0.0327 -0.0584 0.9978
vn 0.9993 0.0177 -0.0319
vn -0.9131 0.1059 -0.3937
vn -0.9132 0.1058 -0.3936
vn 0.0552 -0.2488 0.9670
vn 0.0553 -0.2490 0.9669
vn 0.0552 -0.2490 0.9669
vn 0.0551 -0.2488 0.9670
vn 0.0940 0.9772 0.1904
vn 0.0939 0.9772 0.1904
vn 0.0939 0.9772 0.1906
vn -0.9132 0.1057 -0.3936
vn 0.9995 0.0030 0.0327
vn 0.0472 -0.0016 0.9989
vn -0.0061 0.0036 1.0000
vn -0.0060 0.0036 1.0000
vn -0.9998 -0.0188 -0.0060
vn -0.0148 0.5159 0.8565
vn -0.0148 0.5158 0.8566
vn -0.0003 -0.0359 0.9994
vn 0.5246 0.0130 0.8512
vn 0.5244 0.0130 0.8514
vn -0.5350 -0.0069 0.8448
vn -0.5345 -0.0069 0.8452
vn -0.5347 -0.0069 0.8450
vn 0.0187 -0.9998 0.0038
vn 0.0187 -0.9998 0.0037
vn 0.0044 -0.5098 0.8603
vn 0.0044 -0.5099 0.8602
vn 0.9998 0.0188 0.0060
vn -0.0188 0.9998 -0.0038
vn 0.5248 0.0130 0.8512
vn 0.5248 0.0130 0.8511
vn -0.0149 0.5160 0.8565
vn -0.0149 0.5158 0.8566
vn -0.0149 0.5159 0.8565
vn 0.0044 -0.5096 0.8604
vn -0.5349 -0.0069 0.8449
vn 0.9963 -0.0289 -0.0805
vn 0.0311 0.9992 0.0259
vn -0.9963 0.0289 0.0805
vn -0.0311 -0.9992 -0.0260
vn 0.0797 -0.0284 0.9964
vn 0.0797 -0.0283 0.9964
vn 0.8925 -0.4510 0.0009
vn 0.4859 0.8736 0.0283
vn 0.8925 -0.4511 0.0008
vn 0.8925 -0.4511 0.0009
vn 0.9132 -0.4076 -0.0000
vn 0.1156 -0.9516 0.2847
vn 0.1156 -0.9516 0.2848
vn -0.9767 -0.1460 0.1570
vn -0.9767 -0.1462 0.1571
vn 0.0866 -0.0709 0.9937
vn 0.0865 -0.0709 0.9937
vn 0.9015 -0.4328 -0.0000
vn 0.5528 -0.8188 -0.1545
vn 0.5528 -0.8189 -0.1545
vn -0.9034 -0.3889 -0.1805
vn -0.9035 -0.3888 -0.1805
vn -0.9716 0.2367 0.0029
vn -0.9716 0.2366 0.0029
vn -0.9845 0.1751 -0.0094
vn 0.2462 0.0141 0.9691
vn -0.1202 0.0018 0.9928
vn -0.1201 0.0018 0.9928
vn -0.9924 -0.0256 -0.1201
vn -0.9924 -0.0255 -0.1200
vn -0.0252 0.9997 -0.0049
vn 0.9924 0.0256 0.1201
vn 0.0252 -0.9997 0.0049
vn 0.0252 -0.9997 0.0048
vn 0.9924 0.0255 0.1201
vn 0.9648 0.1786 -0.1928
vn 0.9648 0.1787 -0.1928
vn -0.1109 0.9930 0.0408
vn -0.0907 0.9932 0.0727
vn -0.0896 0.9934 0.0719
vn -0.0901 0.9933 0.0724
vn -0.0782 -0.0475 0.9958
vn -0.0812 -0.0468 0.9956
vn -0.0757 -0.0472 0.9960
vn -0.0839 -0.0472 0.9954
vn -0.0890 0.9935 0.0715
vn -0.0877 -0.0453 0.9951
vn 0.0437 -0.9976 -0.0536
vn -0.0874 -0.0409 0.9953
vn 0.0978 -0.9879 -0.1202
vn 0.0979 -0.9879 -0.1202
vn 0.0980 -0.9879 -0.1203
vn 0.0793 -0.9966 0.0238
vn -0.9886 0.1438 -0.0442
vn -0.9886 0.1439 -0.0442
vn -0.0877 -0.0411 0.9953
vn 0.9649 0.1785 -0.1928
vn -0.0038 -0.9981 -0.0613
vn 0.9997 -0.0053 0.0238
vn -0.9997 0.0053 -0.0238
vn 0.0038 0.9981 0.0613
vn -0.0241 -0.0612 0.9978
vn -0.4725 -0.8813 0.0025
vn 0.0105 -0.0042 0.9999
vn -0.4724 -0.8814 0.0022
vn -0.1617 0.0640 -0.9848
vn 0.2584 0.9660 0.0025
vn -0.9299 0.3677 0.0054
vn -0.9299 0.3678 0.0054
vn -0.9299 0.3677 0.0055
vn 0.2583 0.9661 0.0023
vn -0.9299 0.3677 0.0056
vn -0.0805 -0.9967 0.0121
vn -0.9968 0.0805 0.0004
vn 0.0014 0.0120 0.9999
vn -0.0014 -0.0120 -0.9999
vn 0.9968 -0.0805 -0.0004
vn 0.0805 0.9967 -0.0121
vn 0.0804 0.9967 -0.0121
vn 0.0176 -0.9998 0.0118
vn -0.0175 0.9998 -0.0118
vn -0.9562 0.0363 0.2904
vn -0.9562 0.0363 0.2903
vn 0.0024 0.0314 0.9995
vn 0.9969 0.0562 0.0550
vn 0.9969 0.0562 0.0549
vn 0.9969 0.0562 0.0548
vn 0.0063 0.9755 0.2197
vn 0.0063 0.9755 0.2199
vn -0.9562 0.0363 0.2905
vn 0.9981 0.0545 -0.0296
vn 0.0247 0.9994 -0.0250
vn 0.0269 0.7662 -0.6420
vn -0.9975 -0.0019 -0.0712
vn -0.9975 -0.0020 -0.0712
vn -0.9975 -0.0020 -0.0713
vn -0.9975 -0.0021 -0.0713
vn -0.0714 0.0192 0.9973
vn -0.9975 -0.0019 -0.0711
vn -0.2135 0.3354 0.9176
vn -0.0792 0.6984 0.7114
vn -0.0791 0.6984 0.7114
vn -0.0714 0.0190 0.9973
vn -0.1804 0.9130 0.3659
vn 0.9985 0.0309 -0.0457
vn 0.9985 0.0310 -0.0457
vn 0.4192 -0.9079 -0.0000
vn 0.9079 0.4192 -0.0000
vn -0.7968 -0.6043 -0.0000
vn -0.4277 0.9039 -0.0000
vn 0.9989 0.0243 0.0410
vn 0.9989 0.0244 0.0410
vn -0.0242 0.9997 -0.0029
vn -0.9989 -0.0243 -0.0410
vn -0.9989 -0.0244 -0.0410
vn 0.0242 -0.9997 0.0029
vn -0.0410 0.0019 0.9992
vn -0.0116 0.0417 0.9991
vn -0.9994 -0.0333 -0.0102
vn -0.0328 0.9986 -0.0421
vn -0.0328 0.9986 -0.0420
vn 0.9994 0.0333 0.0102
vn 0.0329 -0.9986 0.0420
vn 0.0328 -0.9986 0.0421
vn 0.0329 -0.9986 0.0421
vn -0.0088 1.0000 -0.0002
vn -0.9972 -0.0088 -0.0740
vn 0.0088 -1.0000 0.0002
vn 0.9972 0.0088 0.0740
vn -0.0740 -0.0004 0.9973
vn 0.0545 -0.0002 0.9985
vn 0.9985 -0.0110 -0.0545
vn 0.0110 0.9999 -0.0004
vn -0.9985 0.0110 0.0545
vn -0.0035 -0.9978 0.0659
vn -0.9948 0.0101 0.1013
vn 0.1018 0.0652 0.9927
vn 0.9948 -0.0102 -0.1013
vn 0.0035 0.9978 -0.0659
vn 0.0613 -0.0347 0.9975
vn -0.9981 -0.0076 0.0610
vn -0.0055 0.9994 0.0351
vn 0.9981 0.0076 -0.0610
vn 0.0055 -0.9994 -0.0351
vn 0.5423 -0.8402 -0.0000
vn 0.8478 0.5303 -0.0000
vn -0.8703 -0.4926 -0.0000
vn -0.6087 0.7934 -0.0000
vn -0.7696 -0.6385 -0.0000
vn -0.7269 0.6868 -0.0000
vn 0.6802 -0.7330 -0.0000
vn 0.9162 0.4007 -0.0000
vn -0.0435 -0.9985 0.0328
vn 0.9914 -0.0391 0.1250
vn -0.9914 0.0391 -0.1250
vn 0.0435 0.9985 -0.0328
vn -0.1235 0.0380 0.9916
vn -0.0408 -0.9989 0.0211
vn -0.9992 0.0408 -0.0014
vn -0.0005 0.0211 0.9998
vn -0.0409 -0.9989 0.0211
vn 0.9992 -0.0408 0.0014
vn 0.0409 0.9989 -0.0210
vn 0.0408 0.9989 -0.0210
vn 0.1919 0.5701 0.7988
vn -0.0067 -0.0355 0.9993
vn -0.0067 -0.0354 0.9993
vn 0.0055 0.9994 0.0355
vn 0.0055 0.9994 0.0356
vn -0.1958 0.5723 0.7963
vn -1.0000 0.0057 -0.0065
vn 1.0000 -0.0057 0.0065
vn 0.9977 0.0642 -0.0214
vn -0.0633 0.9972 0.0406
vn -0.0632 0.9972 0.0407
vn -0.9977 -0.0642 0.0214
vn 0.0632 -0.9972 -0.0406
vn 0.0633 -0.9972 -0.0406
vn 0.0633 -0.9972 -0.0407
vn 0.0240 -0.0392 0.9989
vn 0.0239 -0.0392 0.9989
vn -0.1980 0.0457 0.9791
vn -0.1978 0.0460 0.9792
vn -0.1977 0.0462 0.9792
vn 0.9902 0.0015 0.1394
vn 0.9902 0.0011 0.1400
vn -0.0124 -0.9988 0.0471
vn -0.1978 0.0461 0.9792
vn -0.9886 -0.0052 -0.1505
vn -0.9886 -0.0055 -0.1506
vn -0.9886 -0.0052 -0.1504
vn -0.9886 -0.0053 -0.1505
vn -0.0126 0.9976 -0.0681
vn -0.3823 -0.9240 -0.0000
vn -0.9415 0.3370 -0.0000
vn 0.9037 -0.4282 -0.0000
vn 0.4358 0.9001 -0.0000
vn -0.9950 0.0992 0.0125
vn 0.0990 0.9949 -0.0208
vn 0.0145 0.0194 0.9997
vn -0.0990 -0.9949 0.0207
vn 0.9950 -0.0992 -0.0125
vn -0.0990 -0.9949 0.0208
vn -0.0410 0.0018 0.9992
vn -0.8997 0.4364 -0.0000
vn -0.5486 -0.8361 -0.0000
vn 0.4829 0.8757 -0.0000
vn 0.9782 -0.2078 -0.0000
vn 0.0010 -0.9998 -0.0183
vn 0.9953 -0.0007 0.0970
vn -0.9953 0.0008 -0.0970
vn -0.0010 0.9998 0.0183
vn 0.9953 -0.0008 0.0970
vn -0.0970 -0.0183 0.9951
vn 0.4725 0.8813 0.0024
vn -0.0105 0.0042 0.9999
vn 0.4725 0.8814 0.0024
vn 0.1617 -0.0640 -0.9848
vn -0.2583 -0.9661 0.0023
vn -0.2583 -0.9661 0.0025
vn 0.9299 -0.3679 0.0055
vn 0.9299 -0.3678 0.0056
vn 0.9299 -0.3679 0.0054
vn 0.9298 -0.3679 0.0054
vn 0.1653 -0.9859 0.0256
vn -0.9827 -0.1668 -0.0800
vn -0.0831 0.0120 0.9965
vn 0.1653 -0.9859 0.0257
vn 0.9827 0.1668 0.0800
vn -0.1652 0.9859 -0.0257
vn -0.1653 0.9859 -0.0256
vn 0.2891 -0.9573 0.0023
vn 0.0104 0.0044 0.9999
vn 0.2891 -0.9573 0.0021
vn -0.1596 -0.0691 -0.9848
vn -0.5005 0.8657 0.0022
vn -0.5004 0.8658 0.0025
vn 0.0104 0.0045 0.9999
vn -0.9176 -0.3975 0.0053
vn -0.9176 -0.3975 0.0054
vn -0.9176 -0.3974 0.0053
vn -0.9176 -0.3974 0.0052
vn -0.4305 -0.9026 -0.0000
vn -0.8204 0.5718 -0.0000
vn -0.0318 0.0194 0.9993
vn -0.0318 0.0195 0.9993
vn 0.9191 -0.3940 -0.0000
vn 0.5331 0.8461 -0.0000
vn 1.0000 -0.0001 -0.0002
vn 0.0001 1.0000 -0.0047
vn -1.0000 0.0001 0.0002
vn 0.0002 0.0047 1.0000
vn -0.9919 -0.0112 -0.1267
vn 0.0162 -0.9991 -0.0386
vn 0.9919 0.0112 0.1267
vn -0.0162 0.9991 0.0386
vn -0.1261 -0.0404 0.9912
vn 0.1480 -0.9890 -0.0049
vn 0.1480 -0.9890 -0.0048
vn 0.9888 0.1478 0.0221
vn -0.1480 0.9890 0.0049
vn -0.1479 0.9890 0.0049
vn -0.9888 -0.1478 -0.0221
vn -0.0211 -0.0081 0.9997
vn 0.9994 0.0155 -0.0318
vn 0.9994 0.0154 -0.0319
vn 0.7364 -0.6765 -0.0000
vn 0.7833 0.6217 -0.0000
vn -0.7494 -0.6621 -0.0000
vn -0.7700 0.6380 -0.0000
vn -0.8663 -0.4995 -0.0010
vn -0.5375 0.8428 -0.0294
vn -0.0473 -0.1087 0.9930
vn -0.0473 -0.1087 0.9929
vn -0.0473 -0.1086 0.9930
vn -0.8663 -0.4996 -0.0010
vn -0.8734 -0.4871 -0.0000
vn -0.8765 -0.4813 -0.0000
vn -0.8767 -0.4810 -0.0000
vn -0.8760 -0.4823 -0.0000
vn -0.0370 -0.9533 -0.2997
vn -0.0370 -0.9533 -0.2996
vn 0.9795 -0.1120 -0.1676
vn -0.4867 -0.8575 0.1667
vn -0.4866 -0.8576 0.1667
vn 0.9150 -0.3557 0.1902
vn 0.9150 -0.3558 0.1902
vn 0.2494 -0.7620 0.5976
vn 0.9675 0.2527 -0.0024
vn 0.9795 -0.1118 -0.1675
vn 0.9762 0.2165 0.0101
vn 0.1682 0.3794 0.9098
vn 0.1678 0.3794 0.9099
vn 0.1683 0.3794 0.9098
vn -0.0300 -0.0593 0.9978
vn -0.0295 -0.0596 0.9978
vn -0.0293 -0.0598 0.9978
vn -0.9997 -0.0015 -0.0261
vn -0.0052 0.9991 0.0410
vn 0.1680 0.3794 0.9098
vn -0.0053 0.9991 0.0410
vn 0.7284 0.5420 0.4191
vn 0.7284 0.5420 0.4190
vn 0.5023 0.1024 0.8586
vn 0.5023 0.1022 0.8586
vn 0.5023 0.1023 0.8586
vn 0.5023 0.1021 0.8587
vn 0.9997 0.0013 0.0249
vn 0.9997 0.0010 0.0253
vn 0.9997 0.0011 0.0252
vn 0.9997 0.0011 0.0250
vn 0.9966 0.0435 -0.0699
vn -0.0448 0.9989 -0.0167
vn -0.9966 -0.0435 0.0699
vn 0.0447 -0.9989 0.0167
vn 0.0448 -0.9989 0.0166
vn 0.0447 -0.9989 0.0166
vn 0.0691 0.0197 0.9974
vn 0.6005 0.7996 -0.0000
vn 0.8104 -0.5859 -0.0000
vn -0.8341 0.5516 -0.0000
vn -0.6667 -0.7454 -0.0000
vn 1.0000 -0.0000 -0.0001
vn 0.8954 0.4452 -0.0000
vn 0.7755 0.4452 0.4477
vn 0.0348 -0.9993 -0.0161
vn 0.0419 -0.9991 0.0002
vn 0.0161 -0.9993 -0.0348
vn 0.0352 -0.9993 0.0161
vn 0.0160 -0.9993 0.0352
vn -0.0002 -0.9991 -0.0418
vn -0.0160 -0.9993 -0.0352
vn -0.0000 0.4452 -0.8954
vn 0.4477 0.4452 -0.7755
vn 0.7755 0.4452 -0.4477
vn -0.4477 0.4452 -0.7755
vn -0.7755 0.4452 -0.4476
vn -0.8954 0.4452 0.0001
vn -0.7755 0.4452 0.4477
vn -0.4477 0.4452 0.7755
vn -0.0161 -0.9993 0.0348
vn -0.0348 -0.9993 0.0162
vn -0.0419 -0.9991 -0.0002
vn -0.0352 -0.9992 -0.0161
vn 0.0002 -0.9991 0.0418
vn -0.0000 0.4452 0.8954
vn 0.4478 0.4452 0.7754
vn 1.0000 -0.0001 -0.0000
vn 0.8660 -0.0001 -0.5000
vn 0.8365 -0.2590 -0.4829
vn 0.9659 -0.2588 -0.0000
vn 0.8660 -0.0001 0.5000
vn 0.8365 -0.2590 0.4830
vn 0.5000 -0.0001 0.8660
vn 0.4477 0.4452 0.7755
vn 0.4830 -0.2588 0.8365
vn -0.0001 -0.2590 0.9659
vn 0.0001 0.4452 0.8954
vn -0.5000 -0.0001 0.8660
vn -0.4478 0.4452 0.7754
vn -0.8660 -0.0001 0.5000
vn -0.8955 0.4452 -0.0000
vn -1.0000 -0.0001 -0.0000
vn -0.7755 0.4452 -0.4477
vn -0.8660 -0.0001 -0.5000
vn -0.0001 0.4452 -0.8954
vn -0.0000 -0.0001 -1.0000
vn 0.5000 -0.0001 -0.8660
vn 0.0001 -0.2589 -0.9659
vn 0.4830 -0.2588 -0.8365
vn -0.4829 -0.2589 -0.8365
vn -0.5000 -0.0001 -0.8660
vn -0.8365 -0.2590 -0.4830
vn -0.9660 -0.2587 -0.0000
vn -0.8365 -0.2590 0.4829
vn -0.4829 -0.2589 0.8365
vn 0.9989 -0.0057 -0.0457
vn 0.0088 0.9984 0.0554
vn -0.9989 0.0057 0.0457
vn 0.0454 -0.0509 0.9977
vn 0.9996 0.0243 -0.0155
vn -0.0243 0.9997 -0.0015
vn -0.0244 0.9997 -0.0015
vn -0.9996 -0.0243 0.0155
vn 0.0243 -0.9997 0.0015
vn 0.0155 0.0019 0.9999
vn -0.0593 -0.9977 0.0325
vn -0.9954 0.0616 0.0736
vn 0.0754 0.0280 0.9968
vn -0.0592 -0.9977 0.0326
vn 0.9954 -0.0615 -0.0736
vn 0.0592 0.9977 -0.0325
vn 0.0593 0.9977 -0.0326
vn -0.0164 0.9999 0.0001
vn -0.9999 -0.0164 -0.0021
vn -0.0021 -0.0002 1.0000
vn 0.9999 0.0164 0.0021
vn -0.9973 -0.0321 -0.0668
vn -0.9973 -0.0321 -0.0667
vn 0.0362 -0.9975 -0.0610
vn 0.9973 0.0321 0.0668
vn -0.0362 0.9975 0.0610
vn -0.0646 -0.0632 0.9959
vn 0.6167 -0.7872 -0.0000
vn 0.7949 0.6068 -0.0000
vn -0.8213 -0.5704 -0.0000
vn -0.6773 0.7357 -0.0000
vn 0.9397 0.3329 0.0781
vn 0.9397 0.3331 0.0781
vn -0.0356 0.9979 0.0540
vn -0.9865 0.1213 0.1099
vn -0.9865 0.1211 0.1099
vn -0.0332 -0.1507 0.9880
vn -0.0332 -0.1505 0.9881
vn 0.9951 0.0602 -0.0782
vn -0.0628 0.9975 -0.0313
vn -0.9951 -0.0602 0.0782
vn 0.0628 -0.9975 0.0313
vn 0.0761 0.0360 0.9964
vn 0.0761 0.0361 0.9964
vn -0.5400 -0.8417 -0.0000
vn -0.8468 0.5319 -0.0000
vn 0.8707 -0.4918 -0.0000
vn 0.6025 0.7981 -0.0000
vn 0.0224 0.0270 0.9994
vn -0.9990 -0.0371 0.0234
vn -0.0377 0.9989 -0.0262
vn 0.9990 0.0371 -0.0234
vn 0.0377 -0.9989 0.0262
vn 0.6085 -0.7935 -0.0000
vn 0.6503 0.7597 -0.0000
vn -0.8668 -0.4986 -0.0000
vn -0.7359 0.6771 -0.0000
vn 0.0297 0.0293 0.9991
vn 0.9573 0.2891 0.0021
vn 0.9573 0.2891 0.0023
vn -0.0044 0.0104 0.9999
vn 0.9573 0.2891 0.0022
vn 0.0691 -0.1596 -0.9848
vn -0.8658 -0.5005 0.0023
vn -0.8658 -0.5005 0.0022
vn -0.0045 0.0104 0.9999
vn 0.3974 -0.9176 0.0055
vn 0.3974 -0.9176 0.0054
vn 0.3974 -0.9177 0.0052
vn 0.3975 -0.9176 0.0053
vn -0.6843 0.7292 -0.0000
vn -0.7346 -0.6785 -0.0000
vn 0.7663 0.6425 -0.0000
vn 0.7368 -0.6761 -0.0000
vn 0.9992 -0.0412 -0.0009
vn 0.0412 0.9989 -0.0207
vn 0.0411 0.9989 -0.0207
vn -0.9992 0.0412 0.0009
vn -0.0411 -0.9989 0.0207
vn 0.0018 0.0207 0.9998
vn -0.9994 -0.0128 0.0318
vn 0.0317 0.0121 0.9994
vn 0.9994 0.0128 -0.0318
vn -0.0132 0.9998 -0.0117
vn 0.9947 0.0298 0.0988
vn -0.0261 0.9989 -0.0383
vn -0.9947 -0.0298 -0.0988
vn 0.0261 -0.9989 0.0383
vn -0.0999 0.0355 0.9944
vn 0.8581 0.1359 0.4952
vn 0.9907 0.1359 -0.0001
vn -0.0000 0.1359 0.9907
vn -0.8579 0.1359 0.4956
vn -0.8580 0.1359 -0.4953
vn 0.0001 0.1359 -0.9907
vn 0.0015 -0.0037 1.0000
vn 1.0000 0.0076 -0.0015
vn 0.0076 -1.0000 -0.0037
vn 0.0015 -0.0036 1.0000
vn 0.0075 -1.0000 -0.0036
vn -1.0000 -0.0076 0.0015
vn -0.0075 1.0000 0.0037
vn -0.0076 1.0000 0.0036
vn 0.9941 0.0929 0.0568
vn 0.1267 -0.9917 -0.0235
vn -0.0230 0.1772 0.9839
vn 0.9941 0.0927 0.0568
vn 0.9977 0.0660 0.0167
vn 0.9977 0.0658 0.0167
vn 0.9968 0.0800 -0.0000
vn -0.2373 0.9714 -0.0000
vn -1.0000 -0.0030 -0.0000
vn -1.0000 -0.0031 -0.0000
vn -0.9999 -0.0119 -0.0000
vn -0.9999 -0.0151 -0.0000
vn -1.0000 0.0084 -0.0000
vn 0.1268 -0.9916 -0.0235
vn -0.0295 0.1227 0.9920
vn -0.0295 0.1226 0.9920
vn 0.0148 -0.9998 0.0096
vn -0.9837 -0.0128 0.1794
vn 0.1792 0.0121 0.9837
vn 0.9837 0.0128 -0.1793
vn -0.0148 0.9998 -0.0096
vn 0.9837 0.0128 -0.1794
vn -0.9837 -0.0128 0.1793
vn -0.6154 0.7882 -0.0000
vn -0.7942 -0.6077 -0.0000
vn 0.8217 0.5699 -0.0000
vn 0.8217 0.5700 -0.0000
vn 0.6738 -0.7389 -0.0000
vn -0.0179 -0.0303 0.9994
vn -0.0180 -0.0304 0.9994
vn -0.9970 -0.0001 -0.0777
vn -0.9970 -0.0002 -0.0778
vn -0.0289 0.9996 0.0073
vn -0.0288 0.9996 0.0074
vn -0.0234 -0.0304 0.9993
vn 0.1450 0.9887 0.0367
vn 0.1450 0.9888 0.0367
vn -0.0202 0.9993 0.0312
vn -0.0212 0.9992 0.0339
vn -0.0119 0.9995 0.0295
vn -0.0201 -0.0307 0.9993
vn -0.0181 -0.0322 0.9993
vn -0.0210 -0.0281 0.9994
vn -0.0222 -0.0290 0.9993
vn -0.2591 -0.9654 0.0303
vn -0.0064 -0.9999 0.0120
vn 0.0221 -0.9993 0.0297
vn 0.0222 -0.9993 0.0296
vn -0.9970 -0.0000 -0.0777
vn 0.0328 -0.9992 -0.0208
vn 0.9997 0.0037 0.0225
vn 0.3527 -0.9163 0.1897
vn 0.4293 -0.4827 0.7634
vn 0.4293 -0.4826 0.7634
vn -0.0162 -0.0327 0.9993
vn 0.1264 -0.8474 0.5157
vn 0.1265 -0.8474 0.5157
vn -0.0099 0.9996 0.0267
vn -0.0098 0.9996 0.0267
vn 0.0567 -0.0354 0.9978
vn -0.9890 0.1350 0.0610
vn -0.1336 0.9901 0.0427
vn 0.0120 0.9993 0.0348
vn -0.0533 0.9978 0.0384
vn -0.0534 0.9978 0.0384
vn 0.9975 0.0437 -0.0551
vn 0.0388 -0.9985 -0.0376
vn 0.1422 -0.9889 -0.0431
vn -0.0441 -0.9985 -0.0329
vn 0.9981 -0.0585 -0.0191
vn 0.0590 0.9979 0.0262
vn -0.9981 0.0585 0.0191
vn -0.0590 -0.9979 -0.0262
vn 0.0175 -0.0273 0.9995
vn -0.0252 0.9992 -0.0318
vn -0.9999 0.0080 -0.0127
vn 0.9996 0.0252 0.0117
vn 0.0374 0.0411 0.9985
vn -0.6789 -0.1176 0.7248
vn -0.9471 -0.0308 0.3196
vn -0.9470 -0.0308 0.3196
vn -0.9470 -0.0309 0.3197
vn 0.9952 -0.0977 -0.0000
vn 0.0954 0.9954 -0.0000
vn -0.1502 -0.9887 -0.0000
vn -0.9995 0.0330 -0.0000
vn -0.2310 0.9660 -0.1165
vn -0.0149 0.9997 0.0204
vn 0.0331 0.3732 0.9271
vn 0.0331 0.3734 0.9271
vn -0.9077 0.3978 0.1336
vn -0.9077 0.3977 0.1337
vn -0.9077 0.3977 0.1336
vn 0.0239 -0.9997 -0.0057
vn 0.9952 0.0192 -0.0962
vn 0.0293 -0.9996 0.0035
vn 0.0331 0.3733 0.9271
vn 0.9990 -0.0199 0.0412
vn 0.0154 0.9998 0.0158
vn -0.9990 0.0199 -0.0413
vn -0.0428 -0.1060 0.9934
vn 0.9990 -0.0199 0.0413
vn 0.9997 0.0171 -0.0196
vn -0.0168 0.9998 0.0136
vn -0.9997 -0.0170 0.0196
vn 0.0168 -0.9998 -0.0136
vn 0.0198 -0.0133 0.9997
vn -0.0596 0.0066 0.9982
vn -0.9982 0.0097 -0.0597
vn 0.0101 0.9999 -0.0060
vn 0.0050 0.7837 0.6212
vn 0.9982 -0.0097 0.0597
vn -0.0101 -0.9999 0.0060
vn -0.1744 -0.7684 0.6157
vn 0.0703 -0.0177 0.9974
vn -0.9975 -0.0036 0.0703
vn -0.0023 0.9998 0.0179
vn 0.9975 0.0036 -0.0703
vn 0.0023 -0.9998 -0.0179
vn -0.0149 -0.9976 0.0679
vn -0.9998 0.0138 -0.0174
vn -0.0164 0.0681 0.9975
vn -0.0150 -0.9976 0.0678
vn 0.9998 -0.0138 0.0174
vn 0.0150 0.9976 -0.0679
vn 0.0149 0.9976 -0.0678
vn 0.3883 -0.9215 -0.0000
vn 0.9426 0.3340 -0.0000
vn -0.4186 0.9082 -0.0000
vn 0.0350 -0.9993 -0.0160
vn 0.0352 -0.9993 0.0160
vn 0.0161 -0.9992 0.0352
vn -0.0002 -0.9991 -0.0419
vn -0.0161 -0.9992 -0.0353
vn 0.7754 0.4452 -0.4478
vn 0.4476 0.4452 0.7755
vn -0.8954 0.4452 -0.0000
vn -1.0000 -0.0000 0.0001
vn -0.0352 -0.9993 -0.0160
vn -0.0349 -0.9993 0.0161
vn 0.0002 -0.9991 0.0419
vn -0.0210 -0.0034 0.9998
vn 0.9985 0.0510 0.0212
vn -0.0511 0.9987 0.0024
vn -0.9985 -0.0510 -0.0212
vn -0.0917 -0.0051 0.9958
vn -0.9956 -0.0194 -0.0918
vn -0.0198 0.9998 0.0033
vn 0.9956 0.0194 0.0918
vn 0.0198 -0.9998 -0.0033
vn -0.2002 0.9797 0.0115
vn -0.9771 -0.2127 -0.0104
vn 0.9747 0.2218 0.0288
vn 0.9747 0.2219 0.0288
vn 0.9771 0.2120 0.0166
vn 0.1814 -0.7952 0.5786
vn -0.0974 -0.0520 0.9939
vn -0.0975 -0.0520 0.9939
vn 0.4314 -0.2813 0.8572
vn -0.0410 -0.0088 0.9991
vn -0.0409 -0.0088 0.9991
vn -0.9992 0.0166 -0.0377
vn -0.9992 0.0167 -0.0376
vn 0.1653 0.9850 0.0504
vn 0.9914 0.1211 0.0502
vn 0.0005 -0.9999 -0.0125
vn 0.3056 -0.9522 -0.0000
vn 0.9748 0.2232 -0.0000
vn -0.9677 -0.2522 -0.0000
vn -0.3935 0.9193 -0.0000
vn 0.0452 -0.0064 0.9990
vn -0.9988 -0.0195 0.0451
vn -0.9988 -0.0194 0.0451
vn -0.0191 0.9998 0.0073
vn -0.0192 0.9998 0.0072
vn 0.9988 0.0194 -0.0451
vn 0.0192 -0.9998 -0.0073
vn 0.0192 -0.9998 -0.0072
vn 0.9996 -0.0289 -0.0073
vn 0.0709 0.9974 -0.0142
vn 0.0610 -0.9978 -0.0253
vn 0.0612 -0.9978 -0.0253
vn -0.9978 -0.0666 0.0042
vn 0.9991 -0.0413 -0.0060
vn 0.0408 0.9972 -0.0626
vn 0.0408 0.9972 -0.0627
vn -0.9991 0.0413 0.0060
vn -0.0408 -0.9972 0.0626
vn -0.0408 -0.9972 0.0627
vn 0.0085 0.0624 0.9980
vn -0.0187 -0.0076 0.9998
vn -0.9996 -0.0208 -0.0189
vn -0.9996 -0.0208 -0.0188
vn -0.0210 0.9998 0.0072
vn 0.9996 0.0208 0.0189
vn 0.0209 -0.9998 -0.0072
vn 0.0210 -0.9998 -0.0072
vn -0.9993 -0.0189 0.0331
vn -0.9993 -0.0192 0.0333
vn -0.9992 -0.0195 0.0336
vn -0.0201 -0.0479 0.9986
vn -0.0201 -0.0479 0.9987
vn -0.0151 0.0191 0.9997
vn -0.9990 -0.0418 -0.0143
vn -0.0415 0.9989 -0.0197
vn 0.9990 0.0418 0.0143
vn 0.0415 -0.9989 0.0197
vn -0.6414 0.7672 -0.0000
vn -0.0268 0.0282 0.9992
vn 0.8195 -0.5731 -0.0000
vn 0.7748 0.6322 -0.0000
vn 0.0153 -0.9998 0.0123
vn -0.9998 -0.0154 -0.0090
vn -0.0092 0.0122 0.9999
vn 0.9998 0.0155 0.0090
vn -0.0153 0.9998 -0.0123
vn 0.9998 0.0154 0.0090
vn -0.0149 0.0069 0.9999
vn -0.9993 -0.0333 -0.0146
vn -0.0332 0.9994 -0.0074
vn 0.9993 0.0333 0.0146
vn 0.0332 -0.9994 0.0074
vn 0.9922 0.0639 -0.1074
vn -0.0611 0.9977 0.0289
vn -0.9922 -0.0639 0.1074
vn 0.0611 -0.9977 -0.0289
vn 0.1090 -0.0221 0.9938
vn 0.9008 -0.4337 0.0208
vn -0.0475 0.0743 0.9961
vn -0.0476 0.0743 0.9961
vn 0.8975 0.4303 0.0965
vn 0.8975 0.4304 0.0965
vn 0.6941 0.7151 -0.0830
vn -0.9757 0.2187 -0.0135
vn 0.6942 0.7150 -0.0830
vn -0.8034 0.5932 0.0518
vn -0.9239 0.3312 0.1916
vn -0.9239 0.3313 0.1916
vn 0.1100 0.8788 0.4643
vn 0.1101 0.8788 0.4643
vn -0.0476 0.0744 0.9961
vn -0.4858 -0.8735 0.0325
vn -0.4859 -0.8734 0.0325
vn -0.1751 0.9756 -0.1326
vn -0.0262 0.9995 0.0196
vn -0.0127 0.3731 0.9277
vn -0.0127 0.3733 0.9276
vn -0.8492 0.5202 0.0907
vn -0.8493 0.5201 0.0906
vn 0.0316 -0.9995 -0.0051
vn 0.0350 -0.9994 0.0045
vn 0.9991 0.0211 -0.0368
vn -0.0731 -0.9973 0.0105
vn -0.9923 0.0717 -0.1010
vn -0.0999 0.0178 0.9948
vn 0.9923 -0.0717 0.1009
vn 0.0731 0.9973 -0.0105
vn 0.9923 -0.0717 0.1010
vn 1.0000 -0.0083 0.0012
vn 0.0082 0.9997 0.0248
vn -1.0000 0.0083 -0.0012
vn -0.0082 -0.9997 -0.0248
vn -0.0014 -0.0248 0.9997
vn 0.6841 -0.7294 -0.0000
vn 0.7348 0.6782 -0.0000
vn -0.7664 -0.6423 -0.0000
vn -0.7366 0.6763 -0.0000
vn 0.0613 0.0172 0.9980
vn 0.0613 0.0173 0.9980
vn 0.9981 -0.0083 -0.0612
vn -0.0073 -0.9998 0.0177
vn -0.9981 0.0084 0.0612
vn 0.0073 0.9998 -0.0177
vn 0.1029 -0.9946 -0.0100
vn 0.9895 0.1034 -0.1009
vn -0.1030 0.9946 0.0100
vn -0.1029 0.9946 0.0100
vn -0.9895 -0.1034 0.1009
vn 0.1014 0.0005 0.9948
vn 0.0242 -0.9982 0.0556
vn 0.9989 0.0265 0.0396
vn -0.9989 -0.0265 -0.0396
vn -0.0242 0.9982 -0.0556
vn -0.0410 0.0545 0.9977
vn 0.8756 0.4830 -0.0066
vn 0.5845 -0.8114 0.0082
vn 0.0107 0.0099 0.9999
vn -0.3343 0.9425 -0.0000
vn -0.9109 -0.4125 -0.0116
vn 0.5846 -0.8113 0.0082
vn 0.8724 0.1350 0.4699
vn 0.0007 1.0000 0.0006
vn 0.0008 1.0000 0.0005
vn 0.9904 0.1352 -0.0287
vn 0.8805 -0.0010 0.4740
vn 0.5211 0.1350 0.8428
vn 0.9995 -0.0008 -0.0304
vn 0.5256 -0.0010 0.8507
vn 0.0291 -0.0007 0.9996
vn 0.0304 0.1353 0.9903
vn -0.4685 0.1357 0.8730
vn -0.4749 -0.0002 0.8801
vn -0.8513 0.0004 0.5247
vn -0.8428 0.1362 0.5208
vn -0.9902 0.1366 0.0303
vn -0.9996 0.0008 0.0291
vn 0.0009 1.0000 0.0007
vn 0.0010 1.0000 0.0006
vn 0.0009 1.0000 0.0005
vn 0.0008 1.0000 0.0007
vn -0.8724 0.1368 -0.4693
vn -0.8805 0.0010 -0.4740
vn -0.5203 0.1367 -0.8430
vn -0.5256 0.0010 -0.8507
vn -0.0306 0.0007 -0.9995
vn -0.0294 0.1365 -0.9902
vn 0.4706 0.1360 -0.8718
vn 0.4730 0.0002 -0.8810
vn 0.8502 -0.0004 -0.5264
vn 0.8435 0.1356 -0.5198
vn 0.0008 1.0000 0.0008
vn -0.0967 -0.9953 -0.0035
vn -0.9945 0.0963 0.0406
vn 0.0400 -0.0075 0.9992
vn -0.0967 -0.9953 -0.0036
vn 0.9945 -0.0964 -0.0406
vn 0.0967 0.9953 0.0036
vn 0.0967 0.9953 0.0035
vn -0.9945 0.0964 0.0405
vn 0.9991 0.0123 0.0410
vn -0.9991 -0.0123 -0.0410
vn -0.0402 -0.0493 0.9980
vn -0.9573 -0.2891 0.0022
vn -0.9573 -0.2890 0.0025
vn 0.0044 -0.0104 0.9999
vn -0.9573 -0.2891 0.0023
vn -0.0691 0.1596 -0.9848
vn 0.8658 0.5005 0.0023
vn 0.8658 0.5004 0.0024
vn 0.0045 -0.0104 0.9999
vn -0.3975 0.9176 0.0057
vn -0.3975 0.9176 0.0058
vt 0.260232 0.619260
vt 0.228450 0.613351
vt 0.235985 0.577062
vt 0.188210 0.607075
vt 0.195688 0.603152
vt 0.200050 0.575576
vt 0.195977 0.568155
vt 0.267645 0.585961
vt 0.224422 0.606570
vt 0.228630 0.580543
vt 0.931882 0.109245
vt 0.943645 0.112606
vt 0.941197 0.121174
vt 0.929434 0.117813
vt 0.953282 0.115359
vt 0.965045 0.118720
vt 0.962597 0.127288
vt 0.950834 0.123927
vt 0.947006 0.100843
vt 0.956643 0.103597
vt 0.947473 0.135690
vt 0.937836 0.132936
vt 0.526855 0.042283
vt 0.536118 0.038587
vt 0.536377 0.039248
vt 0.525995 0.039103
vt 0.527711 0.044466
vt 0.526054 0.033510
vt 0.535876 0.035932
vt 0.535748 0.036923
vt 0.525633 0.036785
vt 0.535858 0.037624
vt 0.537046 0.038221
vt 0.537307 0.038881
vt 0.951560 0.635172
vt 0.952279 0.605865
vt 0.982269 0.605497
vt 0.492444 0.321292
vt 0.498531 0.292615
vt 0.507363 0.294409
vt 0.188194 0.151356
vt 0.199013 0.181364
vt 0.190371 0.183921
vt 0.182679 0.153817
vt 0.982628 0.634761
vt 0.348624 0.072433
vt 0.357020 0.044396
vt 0.362806 0.046129
vt 0.946029 0.793665
vt 0.946600 0.764404
vt 0.979997 0.764609
vt 0.354410 0.074166
vt 0.977917 0.794521
vt 0.500519 0.323603
vt 0.619875 0.997280
vt 0.619669 0.973338
vt 0.644450 0.973124
vt 0.592011 0.508304
vt 0.595749 0.484655
vt 0.607819 0.486563
vt 0.644656 0.997066
vt 0.642235 0.783958
vt 0.635281 0.806868
vt 0.630732 0.805487
vt 0.637686 0.782577
vt 0.746256 0.776337
vt 0.746981 0.800268
vt 0.719961 0.801086
vt 0.719236 0.777155
vt 0.604082 0.510212
vt 0.992004 0.788357
vt 0.984749 0.764661
vt 0.995913 0.759691
vt 0.996466 0.786718
vt 0.643861 0.850597
vt 0.637584 0.835028
vt 0.662833 0.824847
vt 0.631478 0.855590
vt 0.674104 0.852800
vt 0.648854 0.862981
vt 0.669111 0.840416
vt 0.675217 0.819854
vt 0.681494 0.835424
vt 0.632591 0.822645
vt 0.657840 0.812464
vt 0.625201 0.840022
vt 0.384109 0.338740
vt 0.380730 0.362701
vt 0.376282 0.362074
vt 0.990281 0.396588
vt 0.993775 0.372643
vt 0.997980 0.373256
vt 0.436174 0.193995
vt 0.438303 0.214772
vt 0.434059 0.214985
vt 0.431597 0.195636
vt 0.940025 0.481962
vt 0.942088 0.501358
vt 0.937610 0.501711
vt 0.379661 0.338113
vt 0.132895 0.998586
vt 0.134164 0.974421
vt 0.153725 0.975448
vt 0.152456 0.999613
vt 0.993383 0.174171
vt 0.990281 0.150172
vt 0.995310 0.149522
vt 0.998412 0.173521
vt 0.180348 0.349865
vt 0.177147 0.325879
vt 0.181966 0.325236
vt 0.000138 0.998530
vt 0.001026 0.974348
vt 0.021897 0.975113
vt 0.185168 0.349222
vt 0.021010 0.999295
vt 0.994486 0.397201
vt 0.934966 0.482303
vt 0.818179 0.334113
vt 0.807243 0.297789
vt 0.829847 0.290983
vt 0.807614 0.337294
vt 0.843964 0.337872
vt 0.821360 0.344678
vt 0.840784 0.327307
vt 0.840412 0.287802
vt 0.851348 0.324126
vt 0.796678 0.300970
vt 0.867435 0.473553
vt 0.870894 0.466483
vt 0.899492 0.480474
vt 0.857524 0.468705
vt 0.891185 0.497455
vt 0.862587 0.483464
vt 0.896033 0.487544
vt 0.909403 0.485322
vt 0.905944 0.492393
vt 0.875743 0.456572
vt 0.904341 0.470563
vt 0.860984 0.461634
vt 0.573822 0.801657
vt 0.575545 0.787021
vt 0.630458 0.793487
vt 0.559186 0.799934
vt 0.573458 0.804747
vt 0.628371 0.811213
vt 0.628735 0.808123
vt 0.643371 0.809846
vt 0.643007 0.812935
vt 0.626648 0.825848
vt 0.571735 0.819383
vt 0.558822 0.803024
vt 0.741344 0.857098
vt 0.740024 0.862427
vt 0.726161 0.858622
vt 0.717954 0.858493
vt 0.725451 0.873132
vt 0.717068 0.872718
vt 0.707780 0.857572
vt 0.706810 0.871940
vt 0.702192 0.871596
vt 0.703169 0.857203
vt 0.688352 0.870630
vt 0.689328 0.856257
vt 0.689971 0.848055
vt 0.674984 0.855120
vt 0.675631 0.846925
vt 0.704328 0.849153
vt 0.691028 0.833720
vt 0.705341 0.834728
vt 0.711652 0.835136
vt 0.710714 0.849280
vt 0.719779 0.835769
vt 0.718636 0.850143
vt 0.728210 0.851066
vt 0.729281 0.836627
vt 0.888111 0.572523
vt 0.890518 0.560524
vt 0.916104 0.565658
vt 0.876111 0.570116
vt 0.886118 0.582452
vt 0.911704 0.587586
vt 0.913696 0.577658
vt 0.925696 0.580066
vt 0.923703 0.589994
vt 0.909296 0.599585
vt 0.883710 0.594451
vt 0.874119 0.580044
vt 0.871217 0.711717
vt 0.877058 0.722351
vt 0.868191 0.727078
vt 0.886039 0.702866
vt 0.867551 0.704230
vt 0.862444 0.716230
vt 0.859834 0.709404
vt 0.850716 0.715041
vt 0.840930 0.719065
vt 0.854729 0.720280
vt 0.843116 0.724384
vt 0.859323 0.731742
vt 0.882772 0.696821
vt 0.893730 0.700613
vt 0.894351 0.691611
vt 0.897262 0.697821
vt 0.885708 0.716248
vt 0.892479 0.707666
vt 0.893441 0.712075
vt 0.535694 0.924054
vt 0.535724 0.930933
vt 0.524691 0.930981
vt 0.486913 0.931148
vt 0.524740 0.942014
vt 0.486962 0.942181
vt 0.486883 0.924269
vt 0.475880 0.931197
vt 0.475849 0.924318
vt 0.486834 0.913236
vt 0.524612 0.913069
vt 0.524661 0.924102
vt 0.906058 0.079002
vt 0.899603 0.081772
vt 0.902464 0.070387
vt 0.892903 0.087363
vt 0.904807 0.098741
vt 0.915294 0.087052
vt 0.883060 0.065982
vt 0.878438 0.094030
vt 0.868588 0.072609
vt 0.900763 0.057811
vt 0.920221 0.058844
vt 0.918113 0.079416
vt 0.538836 0.098924
vt 0.542237 0.087163
vt 0.557703 0.091636
vt 0.527074 0.095522
vt 0.537394 0.103907
vt 0.552861 0.108380
vt 0.554302 0.103397
vt 0.566064 0.106799
vt 0.564622 0.111782
vt 0.549459 0.120142
vt 0.533993 0.115668
vt 0.525633 0.100505
vt 0.030867 0.380858
vt 0.033358 0.369382
vt 0.034056 0.377924
vt 0.027600 0.380282
vt 0.033264 0.381340
vt 0.044447 0.372127
vt 0.041743 0.383372
vt 0.035201 0.358546
vt 0.032433 0.366258
vt 0.031030 0.357996
vt 0.035712 0.360288
vt 0.042819 0.371340
vt 0.036872 0.370020
vt 0.035438 0.366416
vt 0.029601 0.368966
vt 0.016733 0.378375
vt 0.018725 0.366980
vt 0.584571 0.410456
vt 0.584825 0.411216
vt 0.581148 0.412529
vt 0.588255 0.409151
vt 0.527632 0.252181
vt 0.580891 0.411769
vt 0.531346 0.250854
vt 0.523919 0.253515
vt 0.520207 0.254850
vt 0.577214 0.413090
vt 0.573538 0.414412
vt 0.516497 0.256190
vt 0.512787 0.257533
vt 0.569865 0.415744
vt 0.566195 0.417085
vt 0.509080 0.258881
vt 0.505374 0.260231
vt 0.562536 0.418460
vt 0.558909 0.419929
vt 0.501674 0.261583
vt 0.497975 0.262937
vt 0.542485 0.246892
vt 0.599497 0.405821
vt 0.595681 0.406699
vt 0.555412 0.421689
vt 0.538773 0.248209
vt 0.595820 0.407481
vt 0.591950 0.407880
vt 0.535061 0.249527
vt 0.592172 0.408648
vt 0.599363 0.406694
vt 0.556075 0.422291
vt 0.559295 0.420635
vt 0.562836 0.419204
vt 0.566466 0.417839
vt 0.570128 0.416502
vt 0.573798 0.415172
vt 0.577472 0.413849
vt 0.588501 0.409914
vt 0.515657 0.881239
vt 0.515682 0.889123
vt 0.503444 0.889161
vt 0.460455 0.889297
vt 0.503482 0.901400
vt 0.460493 0.901535
vt 0.460430 0.881413
vt 0.448217 0.889336
vt 0.448192 0.881452
vt 0.460391 0.869175
vt 0.503380 0.869040
vt 0.503419 0.881278
vt 0.923858 0.574032
vt 0.920457 0.574135
vt 0.919930 0.556770
vt 0.919142 0.530641
vt 0.902566 0.557294
vt 0.901777 0.531165
vt 0.923331 0.556667
vt 0.922542 0.530538
vt 0.939907 0.530014
vt 0.940696 0.556143
vt 0.883861 0.045450
vt 0.885321 0.036394
vt 0.890336 0.037202
vt 0.874805 0.043990
vt 0.883175 0.049703
vt 0.888190 0.050512
vt 0.888876 0.046259
vt 0.897932 0.047719
vt 0.897247 0.051971
vt 0.886730 0.059568
vt 0.881715 0.058759
vt 0.874119 0.048243
vt 0.918371 0.138408
vt 0.918371 0.122718
vt 0.934060 0.122718
vt 0.088643 0.185677
vt 0.092523 0.170475
vt 0.096987 0.171614
vt 0.976499 0.357565
vt 0.972619 0.372766
vt 0.968155 0.371626
vt 0.972034 0.356425
vt 0.934059 0.138408
vt 0.959904 0.312520
vt 0.956025 0.327721
vt 0.951560 0.326582
vt 0.955440 0.311381
vt 0.802209 0.296394
vt 0.806089 0.281191
vt 0.810554 0.282331
vt 0.066517 0.042891
vt 0.066517 0.027201
vt 0.082206 0.027202
vt 0.806674 0.297534
vt 0.082205 0.042892
vt 0.093107 0.186817
vt 0.874639 0.810350
vt 0.884894 0.817030
vt 0.878843 0.828284
vt 0.901850 0.840601
vt 0.907902 0.829347
vt 0.919129 0.834219
vt 0.913077 0.845474
vt 0.896073 0.851391
vt 0.873066 0.839074
vt 0.868588 0.821604
vt 0.917922 0.123299
vt 0.908220 0.122042
vt 0.914286 0.105936
vt 0.925700 0.114114
vt 0.896039 0.095747
vt 0.888785 0.112701
vt 0.886109 0.092470
vt 0.879651 0.106866
vt 0.902604 0.133273
vt 0.883300 0.123867
vt 0.334761 0.875282
vt 0.333215 0.887609
vt 0.307238 0.884349
vt 0.345542 0.889156
vt 0.343940 0.901922
vt 0.308785 0.872022
vt 0.305636 0.897116
vt 0.293309 0.895569
vt 0.294911 0.882803
vt 0.331612 0.900375
vt 0.330066 0.912702
vt 0.304090 0.909443
vt 0.930712 0.798302
vt 0.931649 0.805030
vt 0.910193 0.808020
vt 0.943722 0.796489
vt 0.907442 0.788283
vt 0.928898 0.785292
vt 0.909255 0.801293
vt 0.897183 0.809833
vt 0.896245 0.803106
vt 0.933462 0.818040
vt 0.912006 0.821030
vt 0.944659 0.803216
vt 0.312722 0.235382
vt 0.309904 0.223263
vt 0.345469 0.214992
vt 0.829867 0.072145
vt 0.833629 0.060285
vt 0.835676 0.060934
vt 0.348287 0.227111
vt 0.005948 0.001040
vt 0.002185 0.012900
vt 0.000138 0.012250
vt 0.003901 0.000391
vt 0.328874 0.302628
vt 0.331692 0.314747
vt 0.296128 0.323018
vt 0.293309 0.310899
vt 0.831914 0.072794
vt 0.829867 0.115403
vt 0.842845 0.081273
vt 0.844853 0.082036
vt 0.831874 0.116166
vt 0.450442 0.235077
vt 0.453634 0.223262
vt 0.460176 0.225030
vt 0.438628 0.231885
vt 0.448943 0.240625
vt 0.455485 0.242393
vt 0.456984 0.236844
vt 0.468799 0.240037
vt 0.467300 0.245585
vt 0.452293 0.254207
vt 0.445751 0.252439
vt 0.437129 0.237433
vt 0.467129 0.829715
vt 0.475581 0.844219
vt 0.464045 0.850942
vt 0.440522 0.864649
vt 0.470767 0.862478
vt 0.447245 0.876185
vt 0.432070 0.850145
vt 0.428986 0.871371
vt 0.420534 0.856867
vt 0.425348 0.838609
vt 0.448870 0.824901
vt 0.455593 0.836437
vt 0.659612 0.169574
vt 0.668875 0.165878
vt 0.669134 0.166539
vt 0.658751 0.166394
vt 0.660468 0.171757
vt 0.668505 0.164214
vt 0.658390 0.164077
vt 0.658810 0.160802
vt 0.668632 0.163223
vt 0.668614 0.164915
vt 0.669802 0.165512
vt 0.670064 0.166172
vt 0.909041 0.413055
vt 0.899491 0.409589
vt 0.901886 0.403093
vt 0.896741 0.419372
vt 0.863131 0.402654
vt 0.911416 0.406688
vt 0.906002 0.393779
vt 0.867964 0.390961
vt 0.872780 0.379692
vt 0.857524 0.384591
vt 0.862123 0.395748
vt 0.858695 0.394935
vt 0.866162 0.394722
vt 0.875708 0.399925
vt 0.864395 0.399025
vt 0.924675 0.363995
vt 0.923903 0.329520
vt 0.961614 0.328675
vt 0.846461 0.289378
vt 0.855013 0.255972
vt 0.864769 0.258469
vt 0.255767 0.058117
vt 0.247617 0.094702
vt 0.237994 0.091736
vt 0.248868 0.055616
vt 0.962387 0.363149
vt 0.060985 0.076774
vt 0.070776 0.043710
vt 0.077812 0.045794
vt 0.068021 0.078858
vt 0.332748 0.965864
vt 0.332030 0.931388
vt 0.369503 0.930608
vt 0.370221 0.965083
vt 0.856217 0.291875
vt 0.990082 0.006228
vt 0.988691 0.010202
vt 0.977519 0.012299
vt 0.239809 0.259212
vt 0.237994 0.255412
vt 0.253516 0.256603
vt 0.238448 0.249492
vt 0.974782 0.009099
vt 0.973686 0.003264
vt 0.988987 0.000393
vt 0.487367 0.249297
vt 0.502889 0.250488
vt 0.502434 0.256408
vt 0.000138 0.000401
vt 0.994740 0.057656
vt 0.979218 0.056464
vt 0.979672 0.050544
vt 0.995194 0.051736
vt 0.931695 0.000389
vt 0.946090 0.006315
vt 0.943830 0.011805
vt 0.537151 0.230809
vt 0.552672 0.232001
vt 0.552218 0.237920
vt 0.929434 0.005879
vt 0.929987 0.010053
vt 0.536696 0.236729
vt 0.538511 0.240529
vt 0.549845 0.241399
vt 0.940498 0.014381
vt 0.992366 0.061134
vt 0.981033 0.060264
vt 0.500061 0.259886
vt 0.488727 0.259016
vt 0.486912 0.255216
vt 0.251142 0.260082
vt 0.253970 0.250684
vt 0.879263 0.533675
vt 0.884955 0.544504
vt 0.870396 0.552244
vt 0.895636 0.538528
vt 0.896656 0.540351
vt 0.864709 0.541403
vt 0.852120 0.562059
vt 0.873431 0.552882
vt 0.885974 0.546322
vt 0.879265 0.563670
vt 0.853204 0.564197
vt 0.859158 0.574843
vt 0.841586 0.568042
vt 0.840930 0.566059
vt 0.891712 0.557128
vt 0.246157 0.848260
vt 0.243600 0.842645
vt 0.282722 0.824827
vt 0.235020 0.853333
vt 0.290351 0.841580
vt 0.251230 0.859398
vt 0.285279 0.830442
vt 0.293859 0.819755
vt 0.296416 0.825370
vt 0.238527 0.831507
vt 0.277649 0.813690
vt 0.232462 0.847718
vt 0.115557 0.867772
vt 0.117523 0.870719
vt 0.107171 0.877622
vt 0.078834 0.896520
vt 0.114074 0.887974
vt 0.085737 0.906872
vt 0.076868 0.893573
vt 0.068482 0.903424
vt 0.066517 0.900477
vt 0.069964 0.883221
vt 0.098302 0.864323
vt 0.105205 0.874675
vt 0.707495 0.287716
vt 0.712096 0.276002
vt 0.713975 0.278337
vt 0.711044 0.288981
vt 0.714738 0.285941
vt 0.716636 0.277729
vt 0.713821 0.289633
vt 0.724688 0.278183
vt 0.722638 0.278618
vt 0.723091 0.291072
vt 0.697110 0.283283
vt 0.701894 0.271632
vt 0.863488 0.621173
vt 0.876225 0.620961
vt 0.876514 0.638276
vt 0.876748 0.652358
vt 0.893829 0.637988
vt 0.894063 0.652070
vt 0.877036 0.669674
vt 0.864299 0.669886
vt 0.864011 0.652570
vt 0.863777 0.638488
vt 0.846696 0.652859
vt 0.846461 0.638777
vt 0.647327 0.021664
vt 0.649701 0.024933
vt 0.654922 0.025025
vt 0.647559 0.017021
vt 0.652838 0.017111
vt 0.652611 0.021756
vt 0.655146 0.020433
vt 0.649929 0.020342
vt 0.222176 0.510777
vt 0.226466 0.510692
vt 0.226692 0.522141
vt 0.221833 0.493406
vt 0.205030 0.522568
vt 0.204805 0.511119
vt 0.222402 0.522226
vt 0.227034 0.539513
vt 0.222744 0.539597
vt 0.243838 0.510350
vt 0.244063 0.521799
vt 0.226123 0.493321
vt 0.190226 0.568364
vt 0.191340 0.573014
vt 0.179240 0.575913
vt 0.146109 0.583853
vt 0.182140 0.588013
vt 0.149009 0.595953
vt 0.134009 0.586753
vt 0.132895 0.582104
vt 0.144995 0.579204
vt 0.178126 0.571264
vt 0.110769 0.943098
vt 0.110773 0.939552
vt 0.123906 0.939566
vt 0.145554 0.939589
vt 0.123920 0.926433
vt 0.145568 0.926456
vt 0.158687 0.939603
vt 0.158683 0.943148
vt 0.145550 0.943134
vt 0.123902 0.943111
vt 0.145536 0.956267
vt 0.123888 0.956244
vt 0.585972 0.205450
vt 0.585653 0.204600
vt 0.591003 0.202016
vt 0.580068 0.207031
vt 0.580218 0.207917
vt 0.586285 0.206292
vt 0.591476 0.202791
vt 0.595780 0.198474
vt 0.596384 0.199141
vt 0.591941 0.203560
vt 0.599871 0.193985
vt 0.600585 0.194565
vt 0.596979 0.199808
vt 0.601203 0.195230
vt 0.545015 0.188186
vt 0.544195 0.188553
vt 0.542228 0.182635
vt 0.543076 0.182281
vt 0.548001 0.193523
vt 0.547262 0.194036
vt 0.551941 0.198196
vt 0.551311 0.198838
vt 0.552574 0.197546
vt 0.557187 0.201290
vt 0.556687 0.202047
vt 0.562420 0.204103
vt 0.562070 0.204940
vt 0.556189 0.202796
vt 0.561722 0.205769
vt 0.567901 0.206773
vt 0.567714 0.207652
vt 0.568088 0.205885
vt 0.573990 0.206573
vt 0.573972 0.207479
vt 0.574027 0.205287
vt 0.579915 0.206134
vt 0.579710 0.204864
vt 0.568367 0.204628
vt 0.562930 0.202921
vt 0.557909 0.200225
vt 0.553483 0.196635
vt 0.548745 0.193004
vt 0.549808 0.192280
vt 0.545838 0.187818
vt 0.547012 0.187318
vt 0.543969 0.182052
vt 0.545290 0.181996
vt 0.594919 0.197517
vt 0.598677 0.193372
vt 0.590346 0.200910
vt 0.585215 0.203390
vt 0.573954 0.208377
vt 0.155021 0.305798
vt 0.175035 0.305065
vt 0.175674 0.316572
vt 0.155157 0.317365
vt 0.173667 0.318751
vt 0.174395 0.335303
vt 0.176573 0.337324
vt 0.156063 0.338226
vt 0.158065 0.336029
vt 0.176825 0.348869
vt 0.158155 0.335925
vt 0.157430 0.319497
vt 0.157331 0.319402
vt 0.159169 0.321409
vt 0.171764 0.320669
vt 0.173576 0.318851
vt 0.159958 0.334093
vt 0.171686 0.320758
vt 0.159258 0.321492
vt 0.160036 0.334000
vt 0.172456 0.333237
vt 0.172546 0.333314
vt 0.174295 0.335212
vt 0.156818 0.349747
vt 0.765954 0.855339
vt 0.768364 0.843340
vt 0.807428 0.851186
vt 0.753956 0.852929
vt 0.764424 0.862959
vt 0.803488 0.870805
vt 0.805018 0.863184
vt 0.817017 0.865595
vt 0.815486 0.873215
vt 0.801078 0.882803
vt 0.762014 0.874957
vt 0.752426 0.860549
vt 0.705873 0.453996
vt 0.705211 0.465127
vt 0.696358 0.464600
vt 0.678306 0.463527
vt 0.695831 0.473453
vt 0.677779 0.472380
vt 0.678968 0.452396
vt 0.669453 0.463000
vt 0.670115 0.451869
vt 0.697020 0.453470
vt 0.679495 0.443543
vt 0.697546 0.444616
vt 0.351208 0.905647
vt 0.353608 0.893647
vt 0.379196 0.898764
vt 0.339208 0.903247
vt 0.349562 0.913881
vt 0.375149 0.918998
vt 0.376796 0.910765
vt 0.388796 0.913165
vt 0.387150 0.921399
vt 0.372749 0.930999
vt 0.347162 0.925882
vt 0.337561 0.911481
vt 0.072334 0.173089
vt 0.083635 0.200007
vt 0.081231 0.198726
vt 0.084755 0.172058
vt 0.060985 0.179094
vt 0.079206 0.207702
vt 0.083850 0.231897
vt 0.082086 0.212723
vt 0.092472 0.229654
vt 0.085452 0.218209
vt 0.098795 0.224873
vt 0.085645 0.203382
vt 0.830439 0.617776
vt 0.837718 0.655006
vt 0.826890 0.657123
vt 0.803722 0.661653
vt 0.829007 0.667951
vt 0.805839 0.672481
vt 0.796443 0.624423
vt 0.792894 0.663770
vt 0.785615 0.626540
vt 0.794326 0.613595
vt 0.817494 0.609065
vt 0.819611 0.619893
vt 0.774642 0.796441
vt 0.764889 0.774953
vt 0.780971 0.767653
vt 0.756648 0.804609
vt 0.798893 0.807135
vt 0.782811 0.814435
vt 0.790725 0.789140
vt 0.798965 0.759484
vt 0.808719 0.780972
vt 0.756720 0.756959
vt 0.772803 0.749658
vt 0.746894 0.783122
vt 0.969187 0.532069
vt 0.968155 0.510560
vt 0.994243 0.509308
vt 0.160553 0.302994
vt 0.166573 0.282319
vt 0.171166 0.283657
vt 0.009791 0.116681
vt 0.004536 0.142701
vt 0.000138 0.140816
vt 0.006587 0.115507
vt 0.995275 0.530816
vt 0.243525 0.149628
vt 0.250179 0.129148
vt 0.253424 0.130202
vt 0.189328 0.731766
vt 0.188210 0.710261
vt 0.214720 0.708884
vt 0.246770 0.150682
vt 0.215838 0.730388
vt 0.165146 0.304332
vt 0.933527 0.774490
vt 0.926636 0.750939
vt 0.939155 0.747558
vt 0.921615 0.769775
vt 0.922066 0.777452
vt 0.944136 0.771426
vt 0.932776 0.785668
vt 0.920041 0.773261
vt 0.916492 0.771615
vt 0.917841 0.782815
vt 0.915210 0.780394
vt 0.912137 0.755107
vt 0.901777 0.758766
vt 0.894955 0.304512
vt 0.889937 0.291579
vt 0.910911 0.283441
vt 0.884668 0.308503
vt 0.919920 0.306659
vt 0.898946 0.314798
vt 0.915929 0.296373
vt 0.921197 0.279449
vt 0.926215 0.292382
vt 0.885945 0.281293
vt 0.906919 0.273155
vt 0.879651 0.295570
vt 0.413491 0.782903
vt 0.414855 0.770728
vt 0.452815 0.774983
vt 0.401316 0.781538
vt 0.410582 0.808850
vt 0.448542 0.813105
vt 0.451450 0.787157
vt 0.463624 0.788522
vt 0.460716 0.814469
vt 0.447177 0.825279
vt 0.409218 0.821024
vt 0.398408 0.807485
vt 0.514570 0.997640
vt 0.514932 0.974577
vt 0.536591 0.974917
vt 0.016733 0.460429
vt 0.022777 0.438169
vt 0.028583 0.439746
vt 0.701842 0.308625
vt 0.697332 0.329682
vt 0.691579 0.327923
vt 0.697714 0.307149
vt 0.536229 0.997980
vt 0.874119 0.022431
vt 0.880908 0.000387
vt 0.885098 0.001678
vt 0.110769 0.997735
vt 0.111165 0.974673
vt 0.132696 0.975043
vt 0.878309 0.023722
vt 0.132300 0.998105
vt 0.022539 0.462006
vt 0.591499 0.460846
vt 0.595647 0.446639
vt 0.606612 0.449842
vt 0.577293 0.456696
vt 0.589623 0.467268
vt 0.600587 0.470471
vt 0.602463 0.464048
vt 0.616669 0.468197
vt 0.614793 0.474620
vt 0.596438 0.484677
vt 0.585474 0.481474
vt 0.575417 0.463119
vt 0.949030 0.661355
vt 0.932739 0.661049
vt 0.931604 0.647721
vt 0.933063 0.634466
vt 0.918371 0.645766
vt 0.919598 0.633852
vt 0.947617 0.647907
vt 0.949586 0.637581
vt 0.962782 0.639676
vt 0.960437 0.652208
vt 0.347503 0.002105
vt 0.345015 0.005502
vt 0.333717 0.004255
vt 0.809428 0.004255
vt 0.807741 0.000396
vt 0.823214 0.002105
vt 0.832313 0.124360
vt 0.818804 0.116624
vt 0.821754 0.111472
vt 0.332030 0.000396
vt 0.871034 0.013271
vt 0.857524 0.005535
vt 0.860475 0.000383
vt 0.873984 0.008119
vt 0.771970 0.079041
vt 0.785480 0.086777
vt 0.782529 0.091929
vt 0.605521 0.194297
vt 0.592011 0.186561
vt 0.594961 0.181409
vt 0.608471 0.189145
vt 0.556241 0.110214
vt 0.569750 0.117950
vt 0.566800 0.123102
vt 0.553291 0.115366
vt 0.835263 0.119208
vt 0.068204 0.004255
vt 0.066517 0.000396
vt 0.081990 0.002105
vt 0.527320 0.004255
vt 0.525633 0.000396
vt 0.541107 0.002104
vt 0.538619 0.005502
vt 0.079502 0.005502
vt 0.754112 0.004255
vt 0.752426 0.000396
vt 0.767899 0.002105
vt 0.765411 0.005502
vt 0.928313 0.002105
vt 0.925825 0.005502
vt 0.914527 0.004255
vt 0.912840 0.000396
vt 0.769020 0.084193
vt 0.931881 0.238508
vt 0.918371 0.230772
vt 0.921321 0.225620
vt 0.934831 0.233356
vt 0.820726 0.005502
vt 0.383032 0.511981
vt 0.371557 0.513913
vt 0.380443 0.507993
vt 0.331649 0.528812
vt 0.321757 0.533741
vt 0.387901 0.524629
vt 0.326465 0.548061
vt 0.321071 0.529379
vt 0.310846 0.541486
vt 0.376045 0.490181
vt 0.313123 0.514069
vt 0.298841 0.523725
vt 0.393249 0.488308
vt 0.396185 0.510250
vt 0.935665 0.447259
vt 0.934966 0.416064
vt 0.969090 0.415299
vt 0.083111 0.168242
vt 0.090850 0.138014
vt 0.099678 0.140274
vt 0.431086 0.032012
vt 0.423711 0.065117
vt 0.415003 0.062433
vt 0.424844 0.029749
vt 0.969790 0.446494
vt 0.055454 0.146304
vt 0.064312 0.116385
vt 0.070679 0.118270
vt 0.061820 0.148189
vt 0.172265 0.971629
vt 0.171616 0.940433
vt 0.205525 0.939727
vt 0.206175 0.970923
vt 0.091939 0.170502
vt 0.405162 0.068256
vt 0.414425 0.064559
vt 0.414684 0.065220
vt 0.404301 0.065076
vt 0.406018 0.070439
vt 0.404360 0.059483
vt 0.414182 0.061903
vt 0.414055 0.062895
vt 0.403940 0.062759
vt 0.414164 0.063596
vt 0.415353 0.064193
vt 0.415614 0.064853
vt 0.470698 0.782415
vt 0.465015 0.768817
vt 0.474989 0.764649
vt 0.459406 0.787134
vt 0.485390 0.789539
vt 0.475417 0.793707
vt 0.480671 0.778247
vt 0.486280 0.759930
vt 0.491963 0.773528
vt 0.460296 0.757525
vt 0.470270 0.753357
vt 0.453723 0.773536
vt 0.962623 0.401454
vt 0.962869 0.373935
vt 0.988351 0.373197
vt 0.984749 0.629379
vt 0.992741 0.603046
vt 0.997971 0.604633
vt 0.792953 0.036506
vt 0.803107 0.058543
vt 0.798305 0.061154
vt 0.791146 0.036687
vt 0.988088 0.402646
vt 0.630732 0.048609
vt 0.641157 0.021066
vt 0.642856 0.021709
vt 0.632431 0.049253
vt 0.481381 0.599758
vt 0.483148 0.570360
vt 0.507291 0.572778
vt 0.505640 0.600248
vt 0.989980 0.630966
vt 0.909827 0.317034
vt 0.907871 0.329115
vt 0.876402 0.324021
vt 0.919952 0.331070
vt 0.918687 0.338889
vt 0.878358 0.311941
vt 0.864321 0.322067
vt 0.875137 0.331841
vt 0.863056 0.329887
vt 0.873182 0.343922
vt 0.906606 0.336934
vt 0.904651 0.349015
vt 0.850496 0.331449
vt 0.866993 0.334555
vt 0.864523 0.347676
vt 0.859485 0.374431
vt 0.877644 0.350147
vt 0.872607 0.376902
vt 0.842988 0.371325
vt 0.857015 0.387553
vt 0.840518 0.384447
vt 0.848025 0.344570
vt 0.829867 0.368855
vt 0.834904 0.342100
vt 0.818293 0.235666
vt 0.795343 0.237599
vt 0.793890 0.220342
vt 0.791853 0.185176
vt 0.776588 0.221080
vt 0.774552 0.185914
vt 0.814803 0.183244
vt 0.816840 0.218410
vt 0.832074 0.181980
vt 0.834111 0.217145
vt 0.400461 0.885704
vt 0.395658 0.885224
vt 0.396002 0.881317
vt 0.388173 0.884475
vt 0.388820 0.891053
vt 0.395221 0.889122
vt 0.400256 0.887603
vt 0.401477 0.889072
vt 0.405034 0.886161
vt 0.409608 0.886619
vt 0.409432 0.888521
vt 0.407944 0.889719
vt 0.402124 0.882604
vt 0.403593 0.881383
vt 0.405492 0.881588
vt 0.404577 0.890735
vt 0.402675 0.890559
vt 0.400636 0.883802
vt 0.407394 0.881763
vt 0.409812 0.884720
vt 0.408592 0.883251
vt 0.406476 0.890939
vt 0.407994 0.895975
vt 0.411001 0.893455
vt 0.419958 0.894168
vt 0.415764 0.899278
vt 0.414066 0.891007
vt 0.417661 0.901596
vt 0.409925 0.902376
vt 0.410792 0.905248
vt 0.410822 0.905350
vt 0.403038 0.906110
vt 0.403048 0.906004
vt 0.402729 0.909383
vt 0.411789 0.908493
vt 0.417728 0.901679
vt 0.422602 0.895586
vt 0.422695 0.895637
vt 0.419824 0.904211
vt 0.424877 0.888146
vt 0.425602 0.897175
vt 0.424982 0.888157
vt 0.424121 0.880403
vt 0.421249 0.881270
vt 0.421896 0.887849
vt 0.414410 0.887099
vt 0.414848 0.883200
vt 0.412327 0.880194
vt 0.418150 0.875430
vt 0.413040 0.871236
vt 0.420468 0.873533
vt 0.424222 0.880372
vt 0.420550 0.873466
vt 0.414457 0.868592
vt 0.406720 0.869300
vt 0.407017 0.866318
vt 0.414507 0.868499
vt 0.399275 0.867077
vt 0.407027 0.866213
vt 0.416046 0.865592
vt 0.399244 0.866975
vt 0.407334 0.862940
vt 0.392406 0.870729
vt 0.392339 0.870647
vt 0.398275 0.863833
vt 0.390243 0.868115
vt 0.387373 0.876688
vt 0.384466 0.875150
vt 0.385086 0.884167
vt 0.381813 0.883858
vt 0.385846 0.891951
vt 0.382703 0.892918
vt 0.389517 0.898856
vt 0.386985 0.900952
vt 0.395559 0.903823
vt 0.394020 0.906729
vt 0.395609 0.903729
vt 0.403346 0.903023
vt 0.397027 0.901085
vt 0.389600 0.898789
vt 0.391918 0.896892
vt 0.385948 0.891920
vt 0.385192 0.884178
vt 0.387466 0.876738
vt 0.390110 0.878156
vt 0.399068 0.878869
vt 0.394304 0.873047
vt 0.402074 0.876349
vt 0.400142 0.869948
vt 0.405972 0.876785
vt 0.409880 0.877129
vt 0.397741 0.892128
vt 0.400188 0.895194
vt 0.404096 0.895537
vt 0.423083 0.871370
vt 0.427365 0.879405
vt 0.428255 0.888466
vt 0.688145 0.119520
vt 0.678134 0.115060
vt 0.680058 0.106912
vt 0.679139 0.126086
vt 0.669931 0.125780
vt 0.691371 0.112618
vt 0.670415 0.103312
vt 0.673758 0.113544
vt 0.672168 0.112239
vt 0.671039 0.114514
vt 0.661014 0.117494
vt 0.658390 0.109786
vt 0.952263 0.175568
vt 0.957051 0.168293
vt 0.968347 0.172880
vt 0.944778 0.171115
vt 0.951140 0.184282
vt 0.962161 0.189162
vt 0.964733 0.180532
vt 0.973036 0.178899
vt 0.974193 0.187080
vt 0.957193 0.200317
vt 0.946024 0.195431
vt 0.940497 0.178182
vt 0.824350 0.859620
vt 0.819258 0.845450
vt 0.849803 0.834473
vt 0.812832 0.863758
vt 0.859034 0.860160
vt 0.828488 0.871137
vt 0.854895 0.848643
vt 0.861320 0.830335
vt 0.866412 0.844505
vt 0.815119 0.833933
vt 0.845664 0.822956
vt 0.807741 0.849589
vt 0.525633 0.070860
vt 0.539102 0.072366
vt 0.534262 0.077495
vt 0.537670 0.078863
vt 0.539832 0.085969
vt 0.547767 0.079358
vt 0.535462 0.079096
vt 0.534391 0.081188
vt 0.525774 0.080615
vt 0.528456 0.089018
vt 0.948896 0.218632
vt 0.951705 0.206918
vt 0.958751 0.208607
vt 0.937182 0.215823
vt 0.946680 0.227874
vt 0.953727 0.229563
vt 0.955943 0.220322
vt 0.967657 0.223131
vt 0.965441 0.232372
vt 0.950918 0.241278
vt 0.943872 0.239588
vt 0.934966 0.225064
vt 0.843655 0.923309
vt 0.844082 0.925896
vt 0.831810 0.927918
vt 0.803845 0.932530
vt 0.833833 0.940190
vt 0.805869 0.944802
vt 0.803418 0.929944
vt 0.791573 0.934555
vt 0.791146 0.931968
vt 0.801394 0.917671
vt 0.829359 0.913059
vt 0.831383 0.925332
vt 0.951560 0.096679
vt 0.952790 0.067390
vt 0.984956 0.067557
vt 0.984749 0.321633
vt 0.991217 0.293041
vt 0.999030 0.294705
vt 0.984804 0.096824
vt 0.185452 0.188649
vt 0.176753 0.216593
vt 0.171616 0.214994
vt 0.180315 0.187050
vt 0.929434 0.585732
vt 0.930411 0.556481
vt 0.965642 0.557212
vt 0.963134 0.587090
vt 0.991908 0.323830
vt 0.989122 0.201980
vt 0.979218 0.171378
vt 0.985375 0.167115
vt 0.994440 0.201167
vt 0.353616 0.378759
vt 0.337561 0.371007
vt 0.344995 0.355609
vt 0.345865 0.394813
vt 0.356660 0.380228
vt 0.364094 0.364830
vt 0.361050 0.363361
vt 0.368801 0.347306
vt 0.371845 0.348776
vt 0.380148 0.372581
vt 0.372714 0.387979
vt 0.348909 0.396283
vt 0.294277 0.902683
vt 0.292900 0.914844
vt 0.255921 0.910654
vt 0.305060 0.916221
vt 0.304825 0.918297
vt 0.257299 0.898493
vt 0.243761 0.909276
vt 0.255686 0.912729
vt 0.243525 0.911352
vt 0.254308 0.924889
vt 0.292664 0.916919
vt 0.291287 0.929080
vt 0.195455 0.877243
vt 0.192963 0.870831
vt 0.228176 0.857147
vt 0.185170 0.881240
vt 0.234664 0.873843
vt 0.199451 0.887527
vt 0.230668 0.863559
vt 0.238460 0.853151
vt 0.240952 0.859563
vt 0.188966 0.860547
vt 0.224180 0.846863
vt 0.182679 0.874828
vt 0.883374 0.731582
vt 0.885389 0.719511
vt 0.906003 0.722951
vt 0.871303 0.729567
vt 0.880659 0.747852
vt 0.901273 0.751293
vt 0.903988 0.735022
vt 0.916059 0.737037
vt 0.913344 0.753307
vt 0.899258 0.763364
vt 0.878644 0.759923
vt 0.868588 0.745837
vt 0.730299 0.921514
vt 0.730502 0.914638
vt 0.741531 0.914963
vt 0.779293 0.916077
vt 0.741856 0.903934
vt 0.779618 0.905048
vt 0.790321 0.916401
vt 0.790119 0.923278
vt 0.779090 0.922953
vt 0.741328 0.921839
vt 0.778765 0.933981
vt 0.741003 0.932867
vt 0.212605 0.804000
vt 0.233587 0.802971
vt 0.234531 0.824794
vt 0.210150 0.786743
vt 0.193742 0.827118
vt 0.195175 0.803863
vt 0.211377 0.824508
vt 0.234544 0.842112
vt 0.214136 0.842121
vt 0.250951 0.802302
vt 0.251833 0.824056
vt 0.231568 0.785712
vt 0.879863 0.953312
vt 0.879651 0.927988
vt 0.905840 0.927768
vt 0.984749 0.708525
vt 0.991211 0.684038
vt 0.997972 0.685822
vt 0.084389 0.779337
vt 0.078730 0.804739
vt 0.072048 0.802679
vt 0.079600 0.777601
vt 0.906053 0.953092
vt 0.525633 0.246867
vt 0.532958 0.222624
vt 0.537835 0.224097
vt 0.530510 0.248341
vt 0.962795 0.953887
vt 0.962623 0.928562
vt 0.988647 0.928386
vt 0.988819 0.953710
vt 0.991510 0.710309
vt 0.236744 0.898106
vt 0.230289 0.900876
vt 0.233150 0.889491
vt 0.223589 0.906467
vt 0.235493 0.917845
vt 0.245979 0.906156
vt 0.213746 0.885086
vt 0.209124 0.913134
vt 0.199273 0.891713
vt 0.231449 0.876916
vt 0.250907 0.877949
vt 0.248799 0.898520
vt 0.635810 0.919676
vt 0.637528 0.921656
vt 0.628134 0.929807
vt 0.608654 0.946711
vt 0.636285 0.939201
vt 0.616805 0.956104
vt 0.599261 0.954863
vt 0.597543 0.952883
vt 0.606936 0.944731
vt 0.626416 0.927827
vt 0.598785 0.935338
vt 0.618264 0.918434
vt 0.601163 0.585767
vt 0.601417 0.586527
vt 0.597740 0.587840
vt 0.604846 0.584463
vt 0.544227 0.427491
vt 0.597483 0.587080
vt 0.547941 0.426163
vt 0.540514 0.428824
vt 0.536802 0.430160
vt 0.593806 0.588400
vt 0.590130 0.589723
vt 0.533092 0.431500
vt 0.590389 0.590482
vt 0.586456 0.591054
vt 0.529382 0.432843
vt 0.586719 0.591812
vt 0.582786 0.592395
vt 0.525675 0.434190
vt 0.579128 0.593770
vt 0.521969 0.435540
vt 0.579427 0.594514
vt 0.583058 0.593150
vt 0.575500 0.595239
vt 0.518269 0.436893
vt 0.572003 0.597000
vt 0.514570 0.438247
vt 0.572666 0.597602
vt 0.575886 0.595946
vt 0.559080 0.422202
vt 0.616089 0.581132
vt 0.612273 0.582010
vt 0.555368 0.423519
vt 0.551656 0.424837
vt 0.608542 0.583191
vt 0.608763 0.583959
vt 0.605093 0.585225
vt 0.612411 0.582792
vt 0.615955 0.582005
vt 0.594064 0.589160
vt 0.877538 0.948589
vt 0.877599 0.953596
vt 0.866566 0.953730
vt 0.840960 0.954042
vt 0.866701 0.964762
vt 0.841095 0.965074
vt 0.840899 0.949035
vt 0.829928 0.954176
vt 0.829867 0.949169
vt 0.840765 0.938003
vt 0.866371 0.937691
vt 0.866505 0.948723
vt 0.615605 0.668300
vt 0.616756 0.656116
vt 0.683923 0.662462
vt 0.603421 0.667149
vt 0.615258 0.671966
vt 0.682426 0.678312
vt 0.682773 0.674646
vt 0.694956 0.675797
vt 0.694610 0.679463
vt 0.681275 0.690495
vt 0.614107 0.684150
vt 0.603074 0.670815
vt 0.774985 0.099104
vt 0.772991 0.111245
vt 0.762100 0.109479
vt 0.764082 0.097255
vt 0.757957 0.108807
vt 0.759939 0.096583
vt 0.998622 0.204311
vt 0.995624 0.216327
vt 0.987165 0.214223
vt 0.988085 0.210527
vt 0.984749 0.213667
vt 0.987420 0.201960
vt 0.990523 0.202466
vt 0.188210 0.003421
vt 0.190638 0.000337
vt 0.191531 0.003352
vt 0.321676 0.003201
vt 0.320967 0.000221
vt 0.026427 0.000936
vt 0.023668 0.008665
vt 0.022265 0.000396
vt 0.704022 0.000138
vt 0.705478 0.008398
vt 0.702642 0.011111
vt 0.995813 0.008214
vt 0.997480 0.000179
vt 0.997651 0.002257
vt 0.996553 0.204051
vt 0.389278 0.052884
vt 0.370401 0.046931
vt 0.390512 0.043441
vt 0.384089 0.005687
vt 0.354156 0.041482
vt 0.369377 0.064291
vt 0.394877 0.066336
vt 0.397384 0.045972
vt 0.403351 0.060628
vt 0.392508 0.048050
vt 0.424535 0.022679
vt 0.408767 0.014395
vt 0.367784 0.000378
vt 0.370822 0.804559
vt 0.381504 0.810541
vt 0.370370 0.834202
vt 0.394023 0.845268
vt 0.405157 0.821607
vt 0.416576 0.826025
vt 0.405442 0.849686
vt 0.388835 0.856358
vt 0.365182 0.845292
vt 0.359687 0.828220
vt 0.346639 0.260666
vt 0.353910 0.268138
vt 0.341195 0.286985
vt 0.369992 0.310930
vt 0.382302 0.296172
vt 0.391713 0.304021
vt 0.379402 0.318779
vt 0.364080 0.321663
vt 0.335333 0.304013
vt 0.326498 0.276578
vt 0.254366 0.957617
vt 0.254187 0.977662
vt 0.242656 0.977794
vt 0.242984 0.956678
vt 0.240658 0.975609
vt 0.224077 0.974884
vt 0.221864 0.976873
vt 0.222820 0.956381
vt 0.224820 0.958568
vt 0.210336 0.976059
vt 0.241320 0.959373
vt 0.224911 0.958666
vt 0.241421 0.959279
vt 0.240566 0.975511
vt 0.238915 0.973549
vt 0.226230 0.973223
vt 0.224177 0.974793
vt 0.226575 0.960625
vt 0.239273 0.960948
vt 0.226657 0.960710
vt 0.239188 0.961035
vt 0.226316 0.973140
vt 0.238834 0.973459
vt 0.211288 0.956066
vt 0.311399 0.763674
vt 0.303547 0.763126
vt 0.304316 0.752119
vt 0.306535 0.720360
vt 0.293309 0.751350
vt 0.295528 0.719591
vt 0.314387 0.720908
vt 0.307303 0.709353
vt 0.315156 0.709902
vt 0.325393 0.721678
vt 0.323175 0.753437
vt 0.312168 0.752668
vt 0.000265 0.590035
vt 0.009927 0.596982
vt 0.019258 0.608506
vt 0.016663 0.575656
vt 0.000138 0.623699
vt 0.026629 0.617012
vt 0.023202 0.631837
vt 0.029263 0.621258
vt 0.031233 0.618718
vt 0.030317 0.614772
vt 0.025404 0.605340
vt 0.033074 0.622653
vt 0.031223 0.620881
vt 0.044569 0.618468
vt 0.048175 0.591619
vt 0.021214 0.591921
vt 0.382811 0.940631
vt 0.381187 0.935895
vt 0.405409 0.927585
vt 0.372375 0.944210
vt 0.410614 0.942757
vt 0.386392 0.951067
vt 0.407034 0.932321
vt 0.415845 0.924004
vt 0.417470 0.928740
vt 0.377606 0.925459
vt 0.401828 0.917149
vt 0.370750 0.939474
vt 0.226550 0.665293
vt 0.228457 0.672329
vt 0.215031 0.675982
vt 0.204361 0.677143
vt 0.211775 0.689347
vt 0.202371 0.690881
vt 0.193830 0.692499
vt 0.191640 0.679031
vt 0.190533 0.672039
vt 0.202726 0.669232
vt 0.170551 0.682372
vt 0.186209 0.659265
vt 0.213051 0.667130
vt 0.196803 0.657012
vt 0.164748 0.663253
vt 0.167461 0.676447
vt 0.158594 0.689285
vt 0.155021 0.681643
vt 0.171792 0.696117
vt 0.207497 0.654684
vt 0.607016 0.823981
vt 0.606229 0.836193
vt 0.549419 0.832531
vt 0.618441 0.836981
vt 0.617932 0.844889
vt 0.550206 0.820318
vt 0.548909 0.840439
vt 0.536696 0.839652
vt 0.537206 0.831744
vt 0.548121 0.852652
vt 0.605719 0.844101
vt 0.604931 0.856314
vt 0.742584 0.068344
vt 0.751848 0.064648
vt 0.752107 0.065309
vt 0.741724 0.065164
vt 0.743440 0.070527
vt 0.751478 0.062984
vt 0.741362 0.062847
vt 0.741783 0.059572
vt 0.751605 0.061993
vt 0.751588 0.063686
vt 0.752775 0.064283
vt 0.753037 0.064943
vt 0.879651 0.202422
vt 0.881330 0.191597
vt 0.886932 0.192466
vt 0.077580 0.057125
vt 0.079914 0.046422
vt 0.083892 0.047290
vt 0.568872 0.000731
vt 0.568412 0.006381
vt 0.564354 0.006051
vt 0.564814 0.000400
vt 0.885253 0.203292
vt 0.364206 0.000731
vt 0.363745 0.006381
vt 0.359687 0.006051
vt 0.360148 0.000400
vt 0.702642 0.095741
vt 0.704977 0.085037
vt 0.708955 0.085905
vt 0.780083 0.231753
vt 0.781763 0.220928
vt 0.787365 0.221797
vt 0.706620 0.096609
vt 0.785686 0.232623
vt 0.081558 0.057993
vt 0.443882 0.216287
vt 0.445149 0.210456
vt 0.449927 0.211494
vt 0.438052 0.215019
vt 0.442959 0.220534
vt 0.447737 0.221572
vt 0.448660 0.217325
vt 0.454490 0.218591
vt 0.453568 0.222838
vt 0.446470 0.227403
vt 0.441692 0.226365
vt 0.437129 0.219267
vt 0.791146 0.432283
vt 0.797935 0.422083
vt 0.813365 0.433890
vt 0.835962 0.414994
vt 0.824517 0.399000
vt 0.847650 0.408090
vt 0.834266 0.391579
vt 0.845667 0.424486
vt 0.815410 0.446930
vt 0.809522 0.446518
vt 0.810843 0.604886
vt 0.798363 0.600421
vt 0.813671 0.597148
vt 0.753980 0.591881
vt 0.793528 0.613128
vt 0.733784 0.593154
vt 0.732549 0.597560
vt 0.725808 0.586418
vt 0.724768 0.577327
vt 0.738299 0.575410
vt 0.729676 0.588915
vt 0.755246 0.587934
vt 0.801622 0.590411
vt 0.736295 0.584930
vt 0.746953 0.587891
vt 0.813281 0.594054
vt 0.614137 0.573531
vt 0.614343 0.554472
vt 0.632599 0.554668
vt 0.475849 0.260487
vt 0.480965 0.242126
vt 0.485496 0.243389
vt 0.632394 0.573727
vt 0.612681 0.384069
vt 0.607532 0.402420
vt 0.603074 0.401169
vt 0.608224 0.382818
vt 0.998470 0.353563
vt 0.998517 0.372623
vt 0.979266 0.372671
vt 0.979218 0.353612
vt 0.480380 0.261749
vt 0.663921 0.405375
vt 0.666802 0.387346
vt 0.671447 0.388088
vt 0.668229 0.407069
vt 0.340162 0.926100
vt 0.340573 0.928689
vt 0.328280 0.930639
vt 0.300482 0.935049
vt 0.330230 0.942932
vt 0.302432 0.947342
vt 0.300071 0.932459
vt 0.288188 0.936998
vt 0.287778 0.934409
vt 0.298121 0.920165
vt 0.325919 0.915756
vt 0.327869 0.928049
vt 0.935977 0.839483
vt 0.932266 0.828968
vt 0.949319 0.822949
vt 0.927614 0.842435
vt 0.955982 0.841827
vt 0.938929 0.847846
vt 0.953030 0.833464
vt 0.957682 0.819997
vt 0.961393 0.830512
vt 0.929314 0.820605
vt 0.946367 0.814586
vt 0.923903 0.831920
vt 0.516924 0.515251
vt 0.491845 0.519647
vt 0.489540 0.506495
vt 0.489001 0.503416
vt 0.476389 0.508800
vt 0.475849 0.505721
vt 0.514080 0.499021
vt 0.486696 0.490264
vt 0.511775 0.485869
vt 0.527231 0.496717
vt 0.527770 0.499797
vt 0.514619 0.502100
vt 0.028910 0.892707
vt 0.045583 0.885210
vt 0.053039 0.901791
vt 0.057761 0.879735
vt 0.065216 0.896315
vt 0.058514 0.913969
vt 0.041841 0.921465
vt 0.036366 0.909288
vt 0.024188 0.914763
vt 0.016733 0.898182
vt 0.848621 0.914749
vt 0.850497 0.902655
vt 0.876281 0.906654
vt 0.836528 0.912873
vt 0.847492 0.922029
vt 0.873277 0.926028
vt 0.874406 0.918747
vt 0.886500 0.920623
vt 0.885371 0.927903
vt 0.871401 0.938121
vt 0.845616 0.934122
vt 0.835398 0.920153
vt 0.824444 0.761515
vt 0.819218 0.747394
vt 0.849658 0.736128
vt 0.812967 0.765763
vt 0.859132 0.761726
vt 0.828692 0.772992
vt 0.854884 0.750249
vt 0.861135 0.731881
vt 0.866361 0.746001
vt 0.814970 0.735917
vt 0.845410 0.724651
vt 0.807741 0.751642
vt 0.785615 0.997989
vt 0.786323 0.976272
vt 0.805376 0.976894
vt 0.282246 0.729850
vt 0.287948 0.708884
vt 0.293399 0.710366
vt 0.804667 0.998610
vt 0.010474 0.271105
vt 0.004073 0.291868
vt 0.000138 0.290655
vt 0.006540 0.269892
vt 0.230028 0.977448
vt 0.229292 0.999164
vt 0.210336 0.998521
vt 0.211072 0.976805
vt 0.287698 0.731333
vt 0.204637 0.460501
vt 0.199273 0.442209
vt 0.204671 0.440542
vt 0.208513 0.459115
vt 0.260656 0.994477
vt 0.260120 0.970540
vt 0.286304 0.969954
vt 0.946029 0.294964
vt 0.949428 0.271264
vt 0.962391 0.273123
vt 0.614059 0.518849
vt 0.615348 0.547427
vt 0.603074 0.542858
vt 0.609177 0.517389
vt 0.286840 0.993890
vt 0.780083 0.762051
vt 0.786881 0.739094
vt 0.791766 0.740541
vt 0.958151 0.928724
vt 0.957092 0.904805
vt 0.985671 0.903540
vt 0.784968 0.763498
vt 0.986730 0.927459
vt 0.958992 0.296823
vt 0.796063 0.066817
vt 0.785043 0.072140
vt 0.755698 0.011389
vt 0.790366 0.083160
vt 0.787051 0.084761
vt 0.766718 0.006066
vt 0.752382 0.012990
vt 0.747059 0.001971
vt 0.750374 0.000369
vt 0.781728 0.073741
vt 0.770708 0.079064
vt 0.741362 0.018314
vt 0.478010 0.810987
vt 0.479717 0.798869
vt 0.536089 0.806810
vt 0.465892 0.809279
vt 0.476905 0.818834
vt 0.533276 0.826775
vt 0.534382 0.818928
vt 0.546500 0.820636
vt 0.545395 0.828483
vt 0.531569 0.838894
vt 0.475197 0.830952
vt 0.464786 0.817127
vt 0.786776 0.302512
vt 0.775489 0.302316
vt 0.785703 0.297571
vt 0.733364 0.310914
vt 0.723382 0.314653
vt 0.789686 0.315662
vt 0.725819 0.328966
vt 0.722272 0.310021
vt 0.720466 0.313881
vt 0.702642 0.296348
vt 0.718484 0.292844
vt 0.707188 0.316846
vt 0.782708 0.279647
vt 0.798815 0.277342
vt 0.788918 0.300596
vt 0.802213 0.298373
vt 0.951635 0.298403
vt 0.955718 0.309938
vt 0.944181 0.314021
vt 0.933991 0.317627
vt 0.948263 0.325559
vt 0.938073 0.329164
vt 0.929908 0.306092
vt 0.922454 0.321710
vt 0.918371 0.310175
vt 0.940098 0.302486
vt 0.925825 0.294555
vt 0.936015 0.290949
vt 0.088802 0.919066
vt 0.090310 0.933696
vt 0.067668 0.935055
vt 0.099680 0.918133
vt 0.064586 0.910899
vt 0.086934 0.908309
vt 0.066376 0.921704
vt 0.056812 0.936332
vt 0.055454 0.922527
vt 0.090241 0.944657
vt 0.067783 0.945985
vt 0.101129 0.931929
vt 0.155021 0.999114
vt 0.155879 0.974173
vt 0.177606 0.974921
vt 0.569885 0.449582
vt 0.574597 0.425075
vt 0.585118 0.427098
vt 0.997716 0.456715
vt 0.995211 0.479346
vt 0.984749 0.477036
vt 0.988402 0.455605
vt 0.176748 0.999862
vt 0.984749 0.453863
vt 0.990023 0.429470
vt 0.999192 0.431453
vt 0.993918 0.455845
vt 0.564354 0.999014
vt 0.564925 0.974064
vt 0.587689 0.974586
vt 0.587118 0.999535
vt 0.580406 0.451605
vt 0.895470 0.028225
vt 0.876227 0.033745
vt 0.874119 0.026397
vt 0.900990 0.047469
vt 0.899773 0.026991
vt 0.897665 0.019643
vt 0.893362 0.020877
vt 0.887843 0.001634
vt 0.892146 0.000399
vt 0.916908 0.014123
vt 0.919016 0.021471
vt 0.905293 0.046234
vt 0.848337 0.776961
vt 0.849974 0.778487
vt 0.841478 0.787601
vt 0.807428 0.824123
vt 0.850591 0.796098
vt 0.816541 0.832619
vt 0.805791 0.822597
vt 0.798932 0.833237
vt 0.797295 0.831711
vt 0.796678 0.814100
vt 0.830727 0.777579
vt 0.839841 0.786075
vt 0.724768 0.548728
vt 0.747168 0.534968
vt 0.763579 0.561684
vt 0.730639 0.514526
vt 0.741084 0.506080
vt 0.741179 0.575444
vt 0.767878 0.558723
vt 0.782790 0.580373
vt 0.778491 0.583334
vt 0.757613 0.526522
vt 0.782660 0.518538
vt 0.792925 0.550739
vt 0.922006 0.673178
vt 0.930212 0.682257
vt 0.910855 0.699754
vt 0.939291 0.674050
vt 0.944231 0.679515
vt 0.902649 0.690675
vt 0.915796 0.705220
vt 0.906717 0.713426
vt 0.901777 0.707961
vt 0.935153 0.687722
vt 0.943359 0.696801
vt 0.924002 0.714298
vt 0.360909 0.071906
vt 0.370173 0.068211
vt 0.370432 0.068872
vt 0.360049 0.068727
vt 0.361765 0.074090
vt 0.360108 0.063134
vt 0.369930 0.065556
vt 0.369803 0.066547
vt 0.359687 0.066409
vt 0.369912 0.067249
vt 0.371100 0.067845
vt 0.371361 0.068505
vt 0.990281 0.184221
vt 0.991514 0.174161
vt 0.997565 0.174903
vt 0.730299 0.083346
vt 0.730895 0.073228
vt 0.738876 0.073698
vt 0.080026 0.010511
vt 0.080434 0.016593
vt 0.072456 0.017128
vt 0.072048 0.011046
vt 0.996332 0.184963
vt 0.619669 0.040890
vt 0.620264 0.030772
vt 0.628246 0.031242
vt 0.763489 0.210423
vt 0.764721 0.200364
vt 0.770772 0.201105
vt 0.627651 0.041359
vt 0.769539 0.211165
vt 0.738281 0.083815
vt 0.582171 0.243527
vt 0.591433 0.239831
vt 0.591692 0.240492
vt 0.581310 0.240347
vt 0.583026 0.245711
vt 0.581368 0.234755
vt 0.591191 0.237176
vt 0.591063 0.238167
vt 0.580948 0.238030
vt 0.591173 0.238868
vt 0.592361 0.239465
vt 0.592622 0.240125
vt 0.829867 0.997346
vt 0.829884 0.975894
vt 0.850454 0.975157
vt 0.332030 0.329294
vt 0.338324 0.308786
vt 0.342265 0.309995
vt 0.792825 0.163514
vt 0.800772 0.181846
vt 0.797071 0.183659
vt 0.791146 0.163947
vt 0.850436 0.998116
vt 0.846461 0.147579
vt 0.854441 0.126052
vt 0.856067 0.126654
vt 0.066517 0.998428
vt 0.067558 0.975494
vt 0.087469 0.977151
vt 0.848087 0.148181
vt 0.086496 0.998582
vt 0.335970 0.330503
vt 0.503507 0.322726
vt 0.505616 0.310671
vt 0.511277 0.311661
vt 0.509168 0.323716
vt 0.097059 0.231575
vt 0.095353 0.243693
vt 0.088643 0.242748
vt 0.090349 0.230630
vt 0.350862 0.315980
vt 0.348754 0.328035
vt 0.343093 0.327045
vt 0.345201 0.314990
vt 0.946517 0.045460
vt 0.946239 0.052231
vt 0.940497 0.051995
vt 0.940775 0.045225
vt 0.547759 0.257610
vt 0.549380 0.242667
vt 0.560349 0.243857
vt 0.575284 0.245476
vt 0.561538 0.232888
vt 0.576474 0.234507
vt 0.573664 0.260420
vt 0.586253 0.246666
vt 0.584633 0.261609
vt 0.572474 0.271389
vt 0.557538 0.269769
vt 0.558728 0.258800
vt 0.145858 0.326962
vt 0.145276 0.360651
vt 0.136516 0.358986
vt 0.150438 0.326763
vt 0.151115 0.298656
vt 0.144640 0.298936
vt 0.127392 0.327764
vt 0.109604 0.344207
vt 0.108926 0.328565
vt 0.093106 0.345128
vt 0.092418 0.329281
vt 0.107709 0.300538
vt 0.091203 0.301253
vt 0.107040 0.285123
vt 0.081336 0.274954
vt 0.088718 0.244928
vt 0.105620 0.252693
vt 0.067441 0.275520
vt 0.124264 0.255827
vt 0.125666 0.288024
vt 0.142561 0.251081
vt 0.143971 0.283522
vt 0.158700 0.241856
vt 0.168710 0.271178
vt 0.126175 0.299737
vt 0.191997 0.239250
vt 0.182641 0.270573
vt 0.211062 0.226916
vt 0.210048 0.203554
vt 0.175483 0.225944
vt 0.189723 0.204987
vt 0.200409 0.180552
vt 0.241795 0.221268
vt 0.243410 0.238129
vt 0.240277 0.186294
vt 0.238759 0.151320
vt 0.236383 0.096568
vt 0.200439 0.152983
vt 0.198062 0.098231
vt 0.234864 0.061594
vt 0.196544 0.063257
vt 0.232208 0.000399
vt 0.193888 0.002062
vt 0.236926 0.251515
vt 0.207317 0.269502
vt 0.233087 0.267226
vt 0.055277 0.245112
vt 0.041509 0.263435
vt 0.035315 0.234327
vt 0.030057 0.254940
vt 0.006003 0.239794
vt 0.033747 0.210341
vt 0.004260 0.227807
vt 0.000138 0.224954
vt 0.045180 0.188098
vt 0.004866 0.190302
vt 0.009482 0.155612
vt 0.047528 0.160621
vt 0.054669 0.106283
vt 0.059235 0.071575
vt 0.016639 0.101279
vt 0.021206 0.066572
vt 0.067226 0.010846
vt 0.029197 0.005843
vt 0.054563 0.211386
vt 0.070622 0.230632
vt 0.151090 0.357945
vt 0.084664 0.000400
vt 0.087451 0.000482
vt 0.086941 0.017842
vt 0.086663 0.027305
vt 0.104301 0.018352
vt 0.104023 0.027815
vt 0.086153 0.044665
vt 0.083367 0.044583
vt 0.083877 0.027223
vt 0.084154 0.017760
vt 0.066517 0.026714
vt 0.066794 0.017251
vt 0.837850 0.593176
vt 0.839312 0.581015
vt 0.876014 0.585427
vt 0.825688 0.591714
vt 0.836497 0.604431
vt 0.873199 0.608843
vt 0.874552 0.597588
vt 0.886714 0.599051
vt 0.885360 0.610306
vt 0.871737 0.621005
vt 0.835035 0.616593
vt 0.824335 0.602969
vt 0.537348 0.996384
vt 0.536696 0.974861
vt 0.560997 0.974125
vt 0.160553 0.231609
vt 0.166687 0.210968
vt 0.171037 0.212261
vt 0.561649 0.995648
vt 0.159298 0.222497
vt 0.152564 0.242950
vt 0.149490 0.241937
vt 0.156224 0.221484
vt 0.998389 0.711748
vt 0.999128 0.733269
vt 0.974426 0.734118
vt 0.973686 0.712597
vt 0.809995 0.025540
vt 0.802209 0.002508
vt 0.806229 0.000401
vt 0.164903 0.232902
vt 0.812937 0.024190
vt 0.497975 0.626721
vt 0.500651 0.607194
vt 0.517372 0.606044
vt 0.088643 0.048101
vt 0.090478 0.028477
vt 0.102635 0.027812
vt 0.516136 0.464396
vt 0.514841 0.482872
vt 0.503507 0.478422
vt 0.509821 0.461848
vt 0.515693 0.627512
vt 0.527593 0.393011
vt 0.525633 0.371567
vt 0.535396 0.370675
vt 0.883964 0.124736
vt 0.882454 0.136613
vt 0.874119 0.143887
vt 0.537356 0.392119
vt 0.885847 0.135656
vt 0.964181 0.213679
vt 0.962623 0.202708
vt 0.966569 0.203514
vt 0.883899 0.138037
vt 0.428430 0.004079
vt 0.420534 0.004176
vt 0.430925 0.000378
vt 0.431308 0.002371
vt 0.092681 0.017103
vt 0.090009 0.015088
vt 0.088643 0.012331
vt 0.852539 0.005436
vt 0.846461 0.000394
vt 0.854153 0.001747
vt 0.100478 0.017541
vt 0.774552 0.111560
vt 0.778962 0.102804
vt 0.782838 0.103893
vt 0.282246 0.817616
vt 0.284760 0.796229
vt 0.294794 0.796405
vt 0.971187 0.224547
vt 0.293352 0.818921
vt 0.780522 0.114834
vt 0.774552 0.836732
vt 0.775604 0.814195
vt 0.795045 0.816763
vt 0.100893 0.052083
vt 0.792581 0.840972
vt 0.749447 0.834988
vt 0.730755 0.834250
vt 0.749802 0.825988
vt 0.733003 0.802694
vt 0.713705 0.832752
vt 0.735208 0.852064
vt 0.752412 0.830154
vt 0.760476 0.844317
vt 0.757326 0.827872
vt 0.759097 0.805227
vt 0.775830 0.809597
vt 0.767765 0.839631
vt 0.715871 0.801409
vt 0.378465 0.853064
vt 0.385991 0.869724
vt 0.373823 0.875220
vt 0.357255 0.882705
vt 0.379320 0.887388
vt 0.362752 0.894873
vt 0.349729 0.866045
vt 0.345087 0.888202
vt 0.337561 0.871542
vt 0.344232 0.853877
vt 0.360800 0.846393
vt 0.366297 0.858561
vt 0.968155 0.575957
vt 0.968963 0.549791
vt 0.992084 0.550505
vt 0.000138 0.468094
vt 0.006819 0.442781
vt 0.013806 0.444625
vt 0.420632 0.840559
vt 0.416399 0.863200
vt 0.409471 0.861144
vt 0.415650 0.838852
vt 0.991277 0.576671
vt 0.719236 0.544992
vt 0.726809 0.519933
vt 0.731850 0.521456
vt 0.968155 0.602314
vt 0.968990 0.576149
vt 0.992012 0.576884
vt 0.724277 0.546516
vt 0.991177 0.603049
vt 0.007125 0.469937
vt 0.798497 0.342135
vt 0.798311 0.343020
vt 0.792456 0.342306
vt 0.804289 0.343917
vt 0.804601 0.343055
vt 0.798686 0.341254
vt 0.792484 0.341404
vt 0.787150 0.320363
vt 0.791330 0.324923
vt 0.786979 0.330420
vt 0.810213 0.345915
vt 0.790821 0.336657
vt 0.792647 0.330862
vt 0.781295 0.324220
vt 0.786258 0.340835
vt 0.780371 0.336477
vt 0.781347 0.318535
vt 0.775413 0.319851
vt 0.774688 0.330275
vt 0.814520 0.350337
vt 0.815128 0.349672
vt 0.819330 0.354199
vt 0.809690 0.346681
vt 0.813914 0.351008
vt 0.818629 0.354790
vt 0.809211 0.347446
vt 0.808522 0.348524
vt 0.803951 0.344756
vt 0.803462 0.345938
vt 0.813047 0.351950
vt 0.817916 0.355344
vt 0.816898 0.356119
vt 0.821106 0.360318
vt 0.819969 0.360903
vt 0.823384 0.365760
vt 0.822161 0.366138
vt 0.824666 0.371520
vt 0.823397 0.371678
vt 0.825818 0.377463
vt 0.824922 0.377427
vt 0.825561 0.371398
vt 0.826737 0.377535
vt 0.826464 0.371243
vt 0.824244 0.365484
vt 0.774515 0.340335
vt 0.770337 0.335773
vt 0.769020 0.329832
vt 0.770848 0.324034
vt 0.825104 0.365211
vt 0.821905 0.359896
vt 0.822744 0.359499
vt 0.825909 0.383616
vt 0.780314 0.342171
vt 0.824984 0.383578
vt 0.780432 0.343093
vt 0.824084 0.383393
vt 0.780692 0.343975
vt 0.786420 0.341730
vt 0.786549 0.342615
vt 0.792555 0.340478
vt 0.786731 0.343881
vt 0.781329 0.345154
vt 0.792401 0.343584
vt 0.798035 0.344270
vt 0.822877 0.382867
vt 0.823656 0.377353
vt 0.027320 0.008600
vt 0.027801 0.009361
vt 0.022843 0.012983
vt 0.946607 0.010740
vt 0.946029 0.010050
vt 0.951084 0.006357
vt 0.414429 0.008717
vt 0.415008 0.009407
vt 0.409952 0.013100
vt 0.409471 0.012339
vt 0.746320 0.009112
vt 0.746899 0.009801
vt 0.741844 0.013494
vt 0.022265 0.012292
vt 0.608032 0.007147
vt 0.608611 0.007837
vt 0.603555 0.011530
vt 0.924481 0.009877
vt 0.923903 0.009187
vt 0.928958 0.005494
vt 0.929439 0.006255
vt 0.741362 0.012733
vt 0.603074 0.010769
vt 0.950987 0.000388
vt 0.951566 0.001077
vt 0.946510 0.004771
vt 0.946029 0.004010
vt 0.769599 0.004783
vt 0.769020 0.004094
vt 0.774076 0.000401
vt 0.431024 0.010286
vt 0.431602 0.010975
vt 0.426547 0.014668
vt 0.741941 0.009146
vt 0.741362 0.008456
vt 0.746418 0.004763
vt 0.746899 0.005524
vt 0.774557 0.001162
vt 0.873643 0.000401
vt 0.874125 0.001162
vt 0.869166 0.004783
vt 0.868588 0.004094
vt 0.801733 0.007022
vt 0.802215 0.007783
vt 0.797256 0.011404
vt 0.193265 0.007939
vt 0.193747 0.008700
vt 0.188789 0.012322
vt 0.796678 0.010714
vt 0.188210 0.011632
vt 0.408995 0.007980
vt 0.409476 0.008741
vt 0.404518 0.012363
vt 0.386647 0.004888
vt 0.381813 0.001102
vt 0.382320 0.000358
vt 0.951566 0.007118
vt 0.774076 0.004763
vt 0.774557 0.005524
vt 0.769599 0.009146
vt 0.769020 0.008456
vt 0.387249 0.004218
vt 0.613563 0.000386
vt 0.614142 0.001075
vt 0.609087 0.004770
vt 0.608606 0.004010
vt 0.093601 0.007847
vt 0.094179 0.008536
vt 0.089124 0.012229
vt 0.088643 0.011468
vt 0.813754 0.009664
vt 0.813272 0.008903
vt 0.818231 0.005281
vt 0.570366 0.013139
vt 0.569885 0.012378
vt 0.574843 0.008757
vt 0.818809 0.005970
vt 0.746418 0.000401
vt 0.746900 0.001162
vt 0.741941 0.004784
vt 0.741362 0.004094
vt 0.403940 0.011673
vt 0.575422 0.009446
vt 0.354637 0.011531
vt 0.354156 0.010770
vt 0.359114 0.007148
vt 0.359693 0.007838
vt 0.078061 0.009864
vt 0.077580 0.009103
vt 0.082538 0.005481
vt 0.083116 0.006171
vt 0.526114 0.009053
vt 0.525633 0.008292
vt 0.530591 0.004670
vt 0.426066 0.013907
vt 0.531170 0.005359
vt 0.984282 0.695787
vt 0.982935 0.709414
vt 0.974114 0.708499
vt 0.954859 0.706607
vt 0.973246 0.717326
vt 0.953991 0.715433
vt 0.956205 0.692980
vt 0.946029 0.705777
vt 0.947376 0.692150
vt 0.975460 0.694873
vt 0.925832 0.648854
vt 0.927343 0.650996
vt 0.917176 0.658168
vt 0.891329 0.676402
vt 0.924349 0.668336
vt 0.898501 0.686570
vt 0.889818 0.674260
vt 0.881162 0.683575
vt 0.879651 0.681433
vt 0.882645 0.664093
vt 0.908493 0.645859
vt 0.915665 0.656026
vt 0.427403 0.910006
vt 0.428872 0.897856
vt 0.465818 0.902324
vt 0.415253 0.908537
vt 0.427152 0.912080
vt 0.464098 0.916547
vt 0.464349 0.914473
vt 0.476499 0.915942
vt 0.476248 0.918016
vt 0.462629 0.928696
vt 0.425683 0.924229
vt 0.415003 0.910610
vt 0.938081 0.747010
vt 0.919833 0.745911
vt 0.920636 0.732583
vt 0.921729 0.714436
vt 0.907308 0.731780
vt 0.908401 0.713633
vt 0.939977 0.715535
vt 0.938884 0.733682
vt 0.953305 0.716337
vt 0.952212 0.734485
vt 0.896245 0.869144
vt 0.897550 0.855333
vt 0.908535 0.856371
vt 0.930932 0.858488
vt 0.909573 0.845387
vt 0.931971 0.847504
vt 0.929627 0.872298
vt 0.941917 0.859527
vt 0.940611 0.873337
vt 0.928589 0.883283
vt 0.906192 0.881166
vt 0.907230 0.870182
vt 0.022265 0.998428
vt 0.023108 0.975377
vt 0.043011 0.976105
vt 0.193742 0.848516
vt 0.199896 0.826286
vt 0.205459 0.827826
vt 0.042168 0.999155
vt 0.873943 0.089499
vt 0.867071 0.111517
vt 0.863056 0.110264
vt 0.869928 0.088246
vt 0.109313 0.976214
vt 0.108439 0.999263
vt 0.088643 0.998512
vt 0.089517 0.975463
vt 0.199305 0.850056
vt 0.542345 0.424458
vt 0.536696 0.405359
vt 0.542210 0.403652
vt 0.546303 0.423035
vt 0.348216 0.240615
vt 0.346690 0.243729
vt 0.335895 0.236980
vt 0.275871 0.249720
vt 0.339871 0.249074
vt 0.276197 0.259683
vt 0.274566 0.247337
vt 0.266114 0.251757
vt 0.265652 0.249688
vt 0.337281 0.234473
vt 0.735935 0.899266
vt 0.735979 0.905967
vt 0.721073 0.906064
vt 0.695465 0.906230
vt 0.721169 0.920970
vt 0.695562 0.921136
vt 0.695422 0.899529
vt 0.680559 0.906327
vt 0.680516 0.899626
vt 0.695325 0.884623
vt 0.720932 0.884457
vt 0.721029 0.899363
vt 0.833937 0.671442
vt 0.835447 0.659292
vt 0.861360 0.662512
vt 0.821786 0.669932
vt 0.830954 0.695439
vt 0.856867 0.698660
vt 0.859850 0.674662
vt 0.872000 0.676173
vt 0.869017 0.700170
vt 0.855357 0.710810
vt 0.829444 0.707589
vt 0.818804 0.693928
vt 0.044391 0.997257
vt 0.044582 0.975529
vt 0.065558 0.975714
vt 0.121832 0.591883
vt 0.127454 0.570895
vt 0.133082 0.572403
vt 0.939372 0.394181
vt 0.935006 0.414573
vt 0.929434 0.412870
vt 0.935374 0.392751
vt 0.065367 0.997441
vt 0.774552 0.278374
vt 0.780894 0.257592
vt 0.784955 0.258831
vt 0.807741 0.997710
vt 0.807963 0.975983
vt 0.828817 0.976197
vt 0.778612 0.279613
vt 0.828594 0.997924
vt 0.127460 0.593391
vt 0.923353 0.051388
vt 0.917695 0.035607
vt 0.931839 0.030536
vt 0.912966 0.055112
vt 0.941221 0.056704
vt 0.927077 0.061775
vt 0.937497 0.046317
vt 0.942225 0.026811
vt 0.947884 0.042593
vt 0.913971 0.025220
vt 0.928115 0.020149
vt 0.907308 0.039331
vt 0.968155 0.507826
vt 0.968793 0.481294
vt 0.991798 0.480915
vt 0.470318 0.706056
vt 0.477796 0.680592
vt 0.483334 0.682218
vt 0.991115 0.509310
vt 0.791851 0.157035
vt 0.781865 0.183626
vt 0.780083 0.182957
vt 0.790069 0.156366
vt 0.024077 0.948440
vt 0.022013 0.974899
vt 0.000138 0.974128
vt 0.002347 0.945811
vt 0.475855 0.707682
vt 0.912840 0.189602
vt 0.920341 0.167851
vt 0.925290 0.170821
vt 0.914706 0.189980
vt 0.648549 0.177147
vt 0.657812 0.173449
vt 0.658071 0.174110
vt 0.647689 0.173967
vt 0.649406 0.179330
vt 0.647747 0.168375
vt 0.657569 0.170795
vt 0.657442 0.171785
vt 0.647327 0.171649
vt 0.657552 0.172487
vt 0.658740 0.173084
vt 0.659001 0.173744
vt 0.592011 0.998526
vt 0.592455 0.973592
vt 0.615673 0.974005
vt 0.293309 0.847011
vt 0.299930 0.822968
vt 0.306021 0.824645
vt 0.615229 0.998939
vt 0.847199 0.619316
vt 0.839795 0.643130
vt 0.835398 0.641763
vt 0.842802 0.617949
vt 0.510469 0.974191
vt 0.509987 0.999125
vt 0.486912 0.998678
vt 0.487395 0.973745
vt 0.299401 0.848689
vt 0.100901 0.094349
vt 0.094174 0.072124
vt 0.100207 0.070245
vt 0.105227 0.092771
vt 0.145589 0.780955
vt 0.147742 0.804454
vt 0.128063 0.806257
vt 0.110475 0.807868
vt 0.129866 0.825936
vt 0.112278 0.827547
vt 0.108322 0.784369
vt 0.090795 0.809671
vt 0.088643 0.786172
vt 0.106519 0.764690
vt 0.124107 0.763079
vt 0.125910 0.782758
vt 0.637507 0.932760
vt 0.649653 0.934262
vt 0.648409 0.944311
vt 0.674307 0.947515
vt 0.675551 0.937466
vt 0.687697 0.938969
vt 0.686453 0.949018
vt 0.672805 0.959661
vt 0.646907 0.956457
vt 0.636264 0.942809
vt 0.947346 0.933440
vt 0.941337 0.947300
vt 0.931215 0.942911
vt 0.917431 0.936935
vt 0.926826 0.953034
vt 0.913043 0.947058
vt 0.923440 0.923076
vt 0.907308 0.932547
vt 0.913317 0.918687
vt 0.927829 0.912953
vt 0.941612 0.918929
vt 0.937223 0.929052
vt 0.197692 0.924543
vt 0.196556 0.923946
vt 0.198610 0.918818
vt 0.194395 0.929358
vt 0.200362 0.926000
vt 0.199954 0.918960
vt 0.196561 0.931317
vt 0.202735 0.920130
vt 0.150183 0.919225
vt 0.149490 0.912916
vt 0.152476 0.912559
vt 0.153143 0.918535
vt 0.155042 0.924063
vt 0.152423 0.925353
vt 0.154390 0.918270
vt 0.156200 0.923488
vt 0.159284 0.928050
vt 0.158303 0.928881
vt 0.163307 0.931825
vt 0.162552 0.932876
vt 0.168167 0.934411
vt 0.167690 0.935605
vt 0.173489 0.935861
vt 0.173315 0.937144
vt 0.178994 0.935869
vt 0.179133 0.937148
vt 0.184376 0.934657
vt 0.184823 0.935872
vt 0.189244 0.932085
vt 0.189965 0.933150
vt 0.193433 0.928493
vt 0.191695 0.935691
vt 0.185820 0.938617
vt 0.179471 0.940203
vt 0.172910 0.940036
vt 0.166558 0.938462
vt 0.160839 0.935242
vt 0.155965 0.930876
vt 0.153787 0.912786
vt 0.944387 0.256306
vt 0.945222 0.271313
vt 0.930223 0.272148
vt 0.955404 0.255692
vt 0.928775 0.246124
vt 0.943775 0.245289
vt 0.929388 0.257140
vt 0.919206 0.272761
vt 0.918371 0.257753
vt 0.945835 0.282330
vt 0.930835 0.283164
vt 0.956239 0.270700
vt 0.984749 0.150294
vt 0.987792 0.111971
vt 0.993701 0.113442
vt 0.978092 0.227237
vt 0.968155 0.190101
vt 0.974792 0.187739
vt 0.959501 0.133822
vt 0.958507 0.139961
vt 0.951560 0.138785
vt 0.952709 0.130813
vt 0.992729 0.149200
vt 0.998831 0.114246
vt 0.997823 0.148714
vt 0.050602 0.182630
vt 0.049922 0.148153
vt 0.060001 0.147955
vt 0.060682 0.182431
vt 0.963752 0.481358
vt 0.962623 0.446893
vt 0.982775 0.446234
vt 0.983903 0.480698
vt 0.000138 0.115368
vt 0.010846 0.082590
vt 0.015932 0.084251
vt 0.005225 0.117030
vt 0.654065 0.387695
vt 0.652858 0.353233
vt 0.673220 0.352520
vt 0.426795 0.125239
vt 0.426066 0.090763
vt 0.436251 0.090548
vt 0.674427 0.386982
vt 0.436980 0.125023
vt 0.985630 0.260142
vt 0.984749 0.225670
vt 0.989974 0.224902
vt 0.990886 0.260642
vt 0.996029 0.223486
vt 0.997006 0.261748
vt 0.987625 0.223798
vt 0.921862 0.094309
vt 0.919912 0.104308
vt 0.912840 0.101236
vt 0.953308 0.125732
vt 0.960454 0.128629
vt 0.797158 0.441129
vt 0.791715 0.460763
vt 0.785615 0.457488
vt 0.915525 0.091518
vt 0.792480 0.438531
vt 0.012835 0.929435
vt 0.014891 0.917371
vt 0.040614 0.921756
vt 0.000771 0.927378
vt 0.012202 0.933146
vt 0.037925 0.937531
vt 0.038557 0.933820
vt 0.050621 0.935876
vt 0.049989 0.939587
vt 0.035868 0.949594
vt 0.010146 0.945209
vt 0.000138 0.931089
vt 0.973686 0.428410
vt 0.975084 0.402269
vt 0.996162 0.403396
vt 0.055454 0.758083
vt 0.062745 0.732940
vt 0.068392 0.734578
vt 0.994764 0.429537
vt 0.703683 0.195882
vt 0.695657 0.220800
vt 0.691579 0.219487
vt 0.699604 0.194569
vt 0.996074 0.873592
vt 0.994639 0.899732
vt 0.973686 0.898581
vt 0.975122 0.872442
vt 0.061101 0.759721
vt 0.653394 0.086519
vt 0.647327 0.066303
vt 0.652942 0.064558
vt 0.657422 0.085058
vt 0.487370 0.853086
vt 0.489709 0.846079
vt 0.500765 0.848374
vt 0.475849 0.848643
vt 0.496160 0.867479
vt 0.486259 0.865429
vt 0.498634 0.855495
vt 0.501463 0.868532
vt 0.506646 0.869698
vt 0.503985 0.856359
vt 0.509258 0.857764
vt 0.511567 0.849721
vt 0.507307 0.848948
vt 0.502539 0.836086
vt 0.507813 0.836824
vt 0.491835 0.834043
vt 0.478423 0.841272
vt 0.513183 0.837714
vt 0.526723 0.848623
vt 0.534573 0.841132
vt 0.538104 0.849927
vt 0.542082 0.857218
vt 0.530418 0.862680
vt 0.531946 0.855944
vt 0.526869 0.851446
vt 0.525081 0.855346
vt 0.528388 0.854594
vt 0.527705 0.874568
vt 0.801971 0.576638
vt 0.798140 0.569807
vt 0.807200 0.566584
vt 0.789455 0.583705
vt 0.814168 0.588063
vt 0.806190 0.590440
vt 0.809935 0.574483
vt 0.824020 0.584827
vt 0.819525 0.571095
vt 0.828407 0.583344
vt 0.841573 0.578989
vt 0.823905 0.569610
vt 0.837091 0.565290
vt 0.820807 0.562083
vt 0.848069 0.552873
vt 0.850713 0.560658
vt 0.834448 0.557497
vt 0.816243 0.548377
vt 0.829867 0.543824
vt 0.810133 0.550331
vt 0.814651 0.563780
vt 0.802444 0.552971
vt 0.793387 0.556174
vt 0.785615 0.576910
vt 0.370863 0.453963
vt 0.339081 0.448054
vt 0.346616 0.411764
vt 0.298841 0.441777
vt 0.306318 0.437855
vt 0.310681 0.410279
vt 0.306608 0.402858
vt 0.378276 0.420663
vt 0.335053 0.441273
vt 0.339261 0.415246
vt 0.924767 0.609627
vt 0.926775 0.633139
vt 0.915782 0.634078
vt 0.898184 0.635581
vt 0.916720 0.645072
vt 0.899123 0.646574
vt 0.896175 0.612070
vt 0.887191 0.636521
vt 0.885182 0.613009
vt 0.895237 0.601076
vt 0.912834 0.599573
vt 0.913773 0.610567
vt 0.909013 0.274295
vt 0.904539 0.262894
vt 0.910837 0.260421
vt 0.893114 0.267302
vt 0.885182 0.228729
vt 0.915310 0.271823
vt 0.922236 0.255941
vt 0.897020 0.225210
vt 0.908419 0.220733
vt 0.895818 0.238578
vt 0.892955 0.226202
vt 0.888682 0.227474
vt 0.935631 0.904763
vt 0.934966 0.873567
vt 0.968940 0.872843
vt 0.802209 0.388467
vt 0.810439 0.358369
vt 0.818175 0.360484
vt 0.969605 0.904038
vt 0.999557 0.263248
vt 0.990331 0.293055
vt 0.984749 0.291328
vt 0.993975 0.261520
vt 0.476455 0.973950
vt 0.475849 0.942753
vt 0.509568 0.942098
vt 0.245645 0.094679
vt 0.253729 0.127421
vt 0.248260 0.129478
vt 0.510174 0.973295
vt 0.809945 0.390583
vt 0.237994 0.097084
vt 0.816823 0.113825
vt 0.806842 0.103447
vt 0.825187 0.101014
vt 0.823103 0.072940
vt 0.800573 0.103032
vt 0.809062 0.118126
vt 0.810759 0.117302
vt 0.785615 0.094305
vt 0.804315 0.062243
vt 0.819313 0.070901
vt 0.827416 0.055596
vt 0.831310 0.057691
vt 0.837507 0.082554
vt 0.593482 0.914667
vt 0.594132 0.929794
vt 0.582004 0.931429
vt 0.549571 0.932701
vt 0.582483 0.943658
vt 0.550051 0.944930
vt 0.537347 0.932114
vt 0.536696 0.916987
vt 0.548920 0.917574
vt 0.581353 0.916301
vt 0.739032 0.932878
vt 0.739116 0.937884
vt 0.728084 0.938069
vt 0.697163 0.938586
vt 0.728268 0.949101
vt 0.697347 0.949617
vt 0.686131 0.938771
vt 0.686047 0.933765
vt 0.697079 0.933580
vt 0.728000 0.933063
vt 0.696895 0.922548
vt 0.727816 0.922031
vt 0.573524 0.191240
vt 0.536812 0.138675
vt 0.545630 0.134666
vt 0.533497 0.124511
vt 0.562330 0.200421
vt 0.525633 0.146587
vt 0.570517 0.194629
vt 0.572376 0.204413
vt 0.583209 0.202332
vt 0.580985 0.188550
vt 0.592622 0.181062
vt 0.550462 0.139969
vt 0.557301 0.125881
vt 0.544335 0.121911
vt 0.546867 0.133230
vt 0.860200 0.524670
vt 0.853292 0.507745
vt 0.870123 0.500874
vt 0.847839 0.529716
vt 0.882078 0.530161
vt 0.865247 0.537032
vt 0.877032 0.517799
vt 0.882485 0.495828
vt 0.889394 0.512753
vt 0.848245 0.495384
vt 0.865077 0.488513
vt 0.840930 0.512792
vt 0.964884 0.244151
vt 0.968131 0.232351
vt 0.974664 0.234149
vt 0.953084 0.240905
vt 0.963360 0.249692
vt 0.969894 0.251490
vt 0.971418 0.245949
vt 0.983218 0.249195
vt 0.981694 0.254736
vt 0.966647 0.263289
vt 0.960114 0.261492
vt 0.951560 0.246447
vt 0.979218 0.997089
vt 0.980539 0.974264
vt 0.998614 0.975310
vt 0.282246 0.543959
vt 0.288656 0.522013
vt 0.293495 0.523426
vt 0.997293 0.998135
vt 0.685914 0.147159
vt 0.679226 0.169022
vt 0.674984 0.167724
vt 0.681673 0.145861
vt 0.979218 0.683272
vt 0.980292 0.660434
vt 0.999195 0.661324
vt 0.998120 0.684161
vt 0.287085 0.545372
vt 0.011201 0.370918
vt 0.014818 0.353178
vt 0.019807 0.353895
vt 0.015415 0.372302
vt 0.770839 0.093025
vt 0.770653 0.093910
vt 0.764797 0.093196
vt 0.776630 0.094807
vt 0.776942 0.093945
vt 0.771028 0.092144
vt 0.764826 0.092293
vt 0.759493 0.071253
vt 0.763672 0.075813
vt 0.759321 0.081310
vt 0.782555 0.096805
vt 0.763163 0.087547
vt 0.764989 0.081752
vt 0.753638 0.075109
vt 0.758600 0.091724
vt 0.752713 0.087366
vt 0.753691 0.069424
vt 0.747756 0.070740
vt 0.747030 0.081164
vt 0.786862 0.101227
vt 0.787470 0.100562
vt 0.791672 0.105089
vt 0.782031 0.097572
vt 0.781552 0.098336
vt 0.790971 0.105679
vt 0.786256 0.101898
vt 0.785389 0.102840
vt 0.780864 0.099414
vt 0.790258 0.106234
vt 0.775803 0.096828
vt 0.776292 0.095646
vt 0.770377 0.095160
vt 0.764743 0.094474
vt 0.759072 0.094771
vt 0.758891 0.093504
vt 0.753671 0.096043
vt 0.758761 0.092619
vt 0.753034 0.094864
vt 0.752773 0.093983
vt 0.797326 0.134468
vt 0.796426 0.134283
vt 0.797265 0.128316
vt 0.795998 0.128243
vt 0.795219 0.133757
vt 0.795739 0.122568
vt 0.797008 0.122410
vt 0.794503 0.117028
vt 0.798161 0.128353
vt 0.797903 0.122288
vt 0.795726 0.116649
vt 0.796587 0.116373
vt 0.793448 0.111208
vt 0.792311 0.111793
vt 0.789240 0.107009
vt 0.794247 0.110786
vt 0.795087 0.110389
vt 0.797446 0.116101
vt 0.742679 0.086661
vt 0.741362 0.080721
vt 0.743190 0.074923
vt 0.746857 0.091224
vt 0.798806 0.122133
vt 0.799080 0.128425
vt 0.798252 0.134506
vt 0.752656 0.093060
vt 0.764896 0.091368
vt 0.606826 0.348520
vt 0.627558 0.354023
vt 0.623950 0.367612
vt 0.644296 0.358466
vt 0.640689 0.372056
vt 0.619507 0.384351
vt 0.598775 0.378848
vt 0.603218 0.362109
vt 0.586480 0.357666
vt 0.590087 0.344077
vt 0.922189 0.194691
vt 0.924077 0.182597
vt 0.936124 0.184478
vt 0.910095 0.192803
vt 0.919402 0.212540
vt 0.931449 0.214421
vt 0.934236 0.196572
vt 0.946329 0.198460
vt 0.943543 0.216309
vt 0.929561 0.226515
vt 0.917514 0.224634
vt 0.907308 0.210652
vt 0.792058 0.727684
vt 0.781717 0.698235
vt 0.801855 0.691164
vt 0.779361 0.732143
vt 0.816655 0.733310
vt 0.796517 0.740381
vt 0.812196 0.720613
vt 0.814551 0.686705
vt 0.824893 0.716154
vt 0.777258 0.685539
vt 0.797396 0.678467
vt 0.769020 0.702694
vt 0.120488 0.885512
vt 0.128273 0.871516
vt 0.146099 0.882060
vt 0.116300 0.860776
vt 0.129250 0.845549
vt 0.137928 0.895650
vt 0.162683 0.887417
vt 0.150279 0.872417
vt 0.156002 0.865135
vt 0.160511 0.861710
vt 0.148936 0.864305
vt 0.140170 0.854159
vt 0.012318 0.269999
vt 0.013276 0.261960
vt 0.017207 0.262409
vt 0.000138 0.268908
vt 0.016035 0.281998
vt 0.013046 0.282206
vt 0.015197 0.269782
vt 0.028980 0.265697
vt 0.026880 0.273446
vt 0.014677 0.249822
vt 0.018665 0.250274
vt 0.001142 0.260523
vt 0.232462 0.998776
vt 0.233454 0.977589
vt 0.251009 0.978411
vt 0.337561 0.213649
vt 0.343082 0.193170
vt 0.348503 0.194631
vt 0.250018 0.999597
vt 0.253563 0.315550
vt 0.247269 0.335805
vt 0.243525 0.334642
vt 0.249819 0.314387
vt 0.859720 0.531862
vt 0.858829 0.553053
vt 0.840930 0.552301
vt 0.841820 0.531110
vt 0.005026 0.260232
vt 0.000138 0.243351
vt 0.005379 0.241335
vt 0.342982 0.215110
vt 0.008725 0.258934
vt 0.891762 0.914287
vt 0.889817 0.909673
vt 0.918314 0.897660
vt 0.881595 0.918572
vt 0.924545 0.912440
vt 0.896048 0.924453
vt 0.920259 0.902273
vt 0.928481 0.893374
vt 0.930426 0.897988
vt 0.885531 0.899506
vt 0.914028 0.887493
vt 0.879651 0.913959
vt 0.924675 0.482189
vt 0.923903 0.447711
vt 0.961563 0.446887
vt 0.520102 0.429354
vt 0.529449 0.396158
vt 0.537984 0.398428
vt 0.962321 0.481362
vt 0.851097 0.048103
vt 0.841509 0.081290
vt 0.835398 0.079273
vt 0.845980 0.046453
vt 0.471765 0.928505
vt 0.471649 0.963013
vt 0.434294 0.964016
vt 0.431597 0.929578
vt 0.529996 0.431998
vt 0.570906 0.310826
vt 0.558822 0.275147
vt 0.568230 0.271100
vt 0.576271 0.310469
vt 0.933563 0.499478
vt 0.935986 0.515170
vt 0.925082 0.516854
vt 0.904041 0.520104
vt 0.926767 0.527758
vt 0.905726 0.531008
vt 0.901618 0.504413
vt 0.893137 0.521788
vt 0.890714 0.506097
vt 0.899934 0.493508
vt 0.920974 0.490259
vt 0.922659 0.501162
vt 0.931354 0.164949
vt 0.926738 0.151821
vt 0.944992 0.145404
vt 0.922987 0.167890
vt 0.952549 0.166898
vt 0.934295 0.173315
vt 0.949607 0.158531
vt 0.953358 0.142462
vt 0.957974 0.155590
vt 0.923796 0.143454
vt 0.942050 0.137037
vt 0.918371 0.154763
vt 0.529119 0.196445
vt 0.539400 0.200829
vt 0.536891 0.209431
vt 0.546507 0.212261
vt 0.549022 0.203713
vt 0.560758 0.207167
vt 0.558242 0.215715
vt 0.543053 0.223997
vt 0.533438 0.221167
vt 0.525633 0.204646
vt 0.272315 0.889577
vt 0.265092 0.867112
vt 0.281906 0.861706
vt 0.261811 0.892954
vt 0.292506 0.894675
vt 0.275692 0.900081
vt 0.289129 0.884171
vt 0.292410 0.858329
vt 0.299633 0.880794
vt 0.261715 0.856608
vt 0.278529 0.851202
vt 0.254588 0.870489
vt 0.359687 0.562075
vt 0.359889 0.535535
vt 0.384606 0.534791
vt 0.929434 0.389488
vt 0.935905 0.363749
vt 0.943665 0.365700
vt 0.743940 0.035219
vt 0.754215 0.056349
vt 0.746978 0.059761
vt 0.741362 0.035679
vt 0.384391 0.563194
vt 0.918371 0.091903
vt 0.928024 0.065190
vt 0.930487 0.066080
vt 0.962623 0.841183
vt 0.964297 0.812829
vt 0.987679 0.815142
vt 0.920834 0.092792
vt 0.986115 0.841636
vt 0.937194 0.391439
vt 0.803234 0.136020
vt 0.805276 0.121361
vt 0.831239 0.124977
vt 0.788575 0.133979
vt 0.800274 0.157281
vt 0.826237 0.160897
vt 0.829197 0.139636
vt 0.843856 0.141677
vt 0.840896 0.162938
vt 0.824196 0.175556
vt 0.798233 0.171941
vt 0.785615 0.155240
vt 0.016456 0.878016
vt 0.014054 0.871760
vt 0.037960 0.862580
vt 0.002541 0.883360
vt 0.045706 0.882751
vt 0.021800 0.891931
vt 0.040362 0.868836
vt 0.051876 0.857236
vt 0.054278 0.863492
vt 0.008710 0.857844
vt 0.032616 0.848664
vt 0.000138 0.877104
vt 0.926121 0.371614
vt 0.920784 0.384418
vt 0.910600 0.380173
vt 0.889835 0.371516
vt 0.906355 0.390357
vt 0.885589 0.381700
vt 0.895172 0.358712
vt 0.879651 0.367271
vt 0.884988 0.354467
vt 0.899417 0.348529
vt 0.920183 0.357185
vt 0.915938 0.367369
vt 0.708173 0.024881
vt 0.710994 0.000401
vt 0.739841 0.000654
vt 0.430104 0.090550
vt 0.426066 0.061986
vt 0.431198 0.055137
vt 0.063957 0.209824
vt 0.055454 0.210795
vt 0.058625 0.186357
vt 0.740728 0.023990
vt 0.067075 0.206083
vt 0.104515 0.017231
vt 0.088643 0.002787
vt 0.099012 0.000392
vt 0.566114 0.010404
vt 0.568887 0.017721
vt 0.536748 0.034798
vt 0.101932 0.007652
vt 0.560203 0.002349
vt 0.561813 0.001464
vt 0.553007 0.001572
vt 0.437143 0.054830
vt 0.433383 0.061015
vt 0.433007 0.055488
vt 0.560145 0.000390
vt 0.435320 0.054111
vt 0.433589 0.050894
vt 0.433660 0.052876
vt 0.432460 0.090548
vt 0.525633 0.012696
vt 0.844024 0.133841
vt 0.835398 0.112139
vt 0.836685 0.110166
vt 0.844647 0.133589
vt 0.831085 0.493568
vt 0.828781 0.505776
vt 0.803048 0.500921
vt 0.840990 0.508080
vt 0.835766 0.535767
vt 0.805351 0.488712
vt 0.790839 0.498617
vt 0.797823 0.528608
vt 0.785615 0.526305
vt 0.795520 0.540817
vt 0.823557 0.533464
vt 0.821254 0.545672
vt 0.778544 0.444477
vt 0.768805 0.433518
vt 0.789690 0.426319
vt 0.792402 0.389147
vt 0.761972 0.434170
vt 0.772024 0.448272
vt 0.773671 0.447349
vt 0.746894 0.425653
vt 0.773472 0.378700
vt 0.788606 0.387119
vt 0.796663 0.371789
vt 0.800563 0.373873
vt 0.807094 0.398315
vt 0.522177 0.892303
vt 0.523718 0.880162
vt 0.555342 0.884177
vt 0.510036 0.890762
vt 0.521179 0.900162
vt 0.552804 0.904176
vt 0.553801 0.896318
vt 0.565942 0.897859
vt 0.564944 0.905717
vt 0.551263 0.916317
vt 0.519638 0.912302
vt 0.509039 0.898620
vt 0.853069 0.894166
vt 0.853175 0.900336
vt 0.840939 0.900545
vt 0.797957 0.901281
vt 0.841148 0.912781
vt 0.798166 0.913517
vt 0.785720 0.901490
vt 0.785615 0.895321
vt 0.797851 0.895111
vt 0.840833 0.894376
vt 0.797642 0.882875
vt 0.840623 0.882139
vt 0.968155 0.660275
vt 0.968397 0.634951
vt 0.992770 0.635184
vt 0.984749 0.757995
vt 0.991373 0.733551
vt 0.997775 0.735286
vt 0.992528 0.660509
vt 0.121832 0.457799
vt 0.129277 0.433592
vt 0.133896 0.435013
vt 0.126451 0.459219
vt 0.182679 0.996735
vt 0.182960 0.971411
vt 0.207183 0.971680
vt 0.841731 0.167499
vt 0.847000 0.191144
vt 0.842460 0.192800
vt 0.206902 0.997004
vt 0.991151 0.759730
vt 0.835398 0.169472
vt 0.142727 0.906265
vt 0.143435 0.913107
vt 0.105858 0.917000
vt 0.153701 0.905128
vt 0.104012 0.899183
vt 0.141590 0.895290
vt 0.105149 0.910157
vt 0.094883 0.918137
vt 0.094174 0.911294
vt 0.144572 0.924082
vt 0.106995 0.927975
vt 0.154410 0.911970
vt 0.445571 0.261087
vt 0.466472 0.251414
vt 0.473746 0.267130
vt 0.484508 0.290384
vt 0.489462 0.259857
vt 0.500224 0.283110
vt 0.463607 0.300057
vt 0.491781 0.306100
vt 0.470880 0.315773
vt 0.447891 0.307331
vt 0.437129 0.284077
vt 0.452845 0.276803
vt 0.677314 0.903599
vt 0.675431 0.915691
vt 0.649648 0.911677
vt 0.687524 0.917574
vt 0.686232 0.925871
vt 0.651530 0.899585
vt 0.648356 0.919974
vt 0.636264 0.918092
vt 0.637555 0.909795
vt 0.674140 0.923988
vt 0.672257 0.936081
vt 0.646473 0.932067
vt 0.951560 0.872738
vt 0.952279 0.843432
vt 0.982269 0.843063
vt 0.890714 0.448037
vt 0.896800 0.419360
vt 0.905632 0.421154
vt 0.531149 0.162716
vt 0.541967 0.192724
vt 0.533325 0.195280
vt 0.525633 0.165177
vt 0.982628 0.872328
vt 0.984749 0.351849
vt 0.993144 0.323812
vt 0.998931 0.325544
vt 0.990536 0.353581
vt 0.946029 0.763715
vt 0.946600 0.734454
vt 0.979997 0.734658
vt 0.977916 0.764571
vt 0.898789 0.450348
vt 0.812679 0.399754
vt 0.813792 0.400339
vt 0.811780 0.405361
vt 0.815909 0.395037
vt 0.810065 0.398326
vt 0.810464 0.405222
vt 0.813788 0.393118
vt 0.807741 0.404076
vt 0.859213 0.404962
vt 0.859893 0.411141
vt 0.856968 0.411490
vt 0.856314 0.405638
vt 0.854454 0.400223
vt 0.857019 0.398960
vt 0.853550 0.393550
vt 0.851260 0.395504
vt 0.847098 0.391591
vt 0.848776 0.389274
vt 0.846359 0.392621
vt 0.850299 0.396318
vt 0.853320 0.400786
vt 0.855093 0.405897
vt 0.855684 0.411269
vt 0.841599 0.390088
vt 0.842066 0.388918
vt 0.836385 0.388667
vt 0.843174 0.386119
vt 0.836556 0.387411
vt 0.836953 0.384578
vt 0.830526 0.384415
vt 0.830858 0.387407
vt 0.825284 0.388656
vt 0.824307 0.385968
vt 0.818554 0.388834
vt 0.820248 0.391323
vt 0.820954 0.392366
vt 0.816851 0.395884
vt 0.825722 0.389846
vt 0.830993 0.388659
vt 0.593363 0.899417
vt 0.595424 0.887353
vt 0.632108 0.893620
vt 0.581300 0.897356
vt 0.593012 0.901476
vt 0.629696 0.907742
vt 0.630047 0.905683
vt 0.642111 0.907744
vt 0.641759 0.909803
vt 0.627635 0.919806
vt 0.590951 0.913539
vt 0.580948 0.899414
vt 0.950899 0.592722
vt 0.963317 0.592884
vt 0.962483 0.605738
vt 0.950065 0.605576
vt 0.949235 0.617967
vt 0.929876 0.616670
vt 0.930707 0.604279
vt 0.918371 0.602836
vt 0.919205 0.589982
vt 0.931540 0.591425
vt 0.139648 0.246991
vt 0.148912 0.243295
vt 0.149171 0.243956
vt 0.138788 0.243811
vt 0.140504 0.249174
vt 0.138847 0.238219
vt 0.148669 0.240640
vt 0.148542 0.241631
vt 0.138426 0.241494
vt 0.148651 0.242333
vt 0.149839 0.242929
vt 0.150100 0.243589
s 1
f 1/1/1 2/2/1 6/3/1
f 2/2/2 1/4/2 3/5/2
f 4/6/3 3/5/3 1/4/3
f 1/4/3 5/7/3 4/6/3
f 6/3/1 5/8/1 1/1/1
f 6/3/4 2/2/4 8/9/4
f 5/7/5 6/3/5 7/10/5
f 8/9/4 7/10/4 6/3/4
f 8/9/6 3/5/6 4/6/6
f 3/5/2 8/9/2 2/2/2
f 4/6/6 7/10/6 8/9/6
f 7/10/5 4/6/5 5/7/5
f 12/11/7 9/12/7 10/13/7
f 10/13/7 11/14/7 12/11/7
f 16/15/8 13/16/8 14/17/8
f 14/17/8 15/18/8 16/15/8
f 9/12/9 16/15/9 15/18/9
f 15/18/9 10/13/9 9/12/9
f 9/12/10 12/19/10 13/20/10
f 13/20/10 16/15/10 9/12/10
f 15/18/11 14/21/11 11/22/11
f 11/22/11 10/13/11 15/18/11
f 17/23/12 18/24/12 20/25/12
f 18/24/13 17/23/13 19/26/13
f 20/25/14 21/27/14 17/23/14
f 21/28/15 20/29/15 22/30/15
f 22/30/15 23/31/15 21/28/15
f 24/32/16 19/26/16 23/31/16
f 23/31/17 22/30/17 24/32/17
f 19/26/13 24/32/13 18/24/13
f 20/25/18 18/24/19 24/33/20
f 24/33/20 22/34/21 20/25/18
f 25/35/22 26/36/22 30/37/22
f 26/38/23 25/39/23 27/40/23
f 28/41/24 27/42/24 25/43/24
f 25/43/24 29/44/24 28/41/24
f 30/37/22 29/45/22 25/35/22
f 29/46/25 30/47/25 31/48/25
f 28/49/26 31/50/26 32/51/26
f 31/48/25 28/52/25 29/46/25
f 32/51/26 27/53/26 28/49/26
f 27/40/27 32/54/27 26/38/27
f 33/55/28 34/56/28 36/57/28
f 34/58/29 33/59/29 35/60/29
f 36/57/28 37/61/28 33/55/28
f 38/62/30 39/63/30 37/64/30
f 37/64/30 36/65/30 38/62/30
f 40/66/31 35/67/31 39/68/31
f 39/68/31 38/69/31 40/66/31
f 35/60/29 40/70/29 34/58/29
f 36/71/3 34/72/3 40/73/3
f 40/73/3 38/74/3 36/71/3
f 41/75/32 42/76/32 44/77/32
f 42/76/33 41/75/33 43/78/33
f 46/79/34 43/80/34 41/75/34
f 44/77/32 45/81/32 41/75/32
f 41/75/34 45/81/34 46/79/34
f 47/82/35 46/83/35 45/81/35
f 48/84/36 47/85/36 44/77/36
f 45/81/35 44/77/35 47/82/35
f 43/78/33 48/86/33 42/76/33
f 44/77/36 42/76/36 48/84/36
f 49/87/37 50/88/37 55/89/37
f 50/90/38 49/91/38 51/92/38
f 52/93/3 51/94/3 49/95/3
f 49/95/3 53/96/3 52/93/3
f 53/97/3 49/98/3 54/99/3
f 55/89/37 54/100/37 49/87/37
f 54/101/39 55/102/39 56/103/39
f 56/103/40 57/104/40 54/101/40
f 57/105/41 56/106/41 58/107/41
f 58/107/41 53/108/41 57/105/41
f 53/109/42 58/110/42 59/111/42
f 52/112/43 59/113/43 60/114/43
f 59/111/44 52/115/44 53/109/44
f 60/114/43 51/116/43 52/112/43
f 51/92/38 60/117/38 50/90/38
f 54/99/3 57/118/3 53/97/3
f 61/119/45 62/120/45 64/121/45
f 62/120/46 61/119/46 63/122/46
f 66/123/47 63/124/47 61/119/47
f 64/121/45 65/125/45 61/119/45
f 61/119/47 65/125/47 66/123/47
f 67/126/48 66/127/48 65/125/48
f 65/125/48 64/121/48 67/126/48
f 63/122/49 68/128/49 62/120/49
f 69/129/50 70/130/50 72/131/50
f 70/130/51 69/129/51 71/132/51
f 74/133/52 71/134/53 69/129/53
f 72/131/50 73/135/50 69/129/50
f 69/129/53 73/135/52 74/133/52
f 75/136/54 74/137/54 73/135/54
f 73/135/54 72/131/54 75/136/54
f 76/138/55 75/139/55 72/131/55
f 71/132/51 76/140/51 70/130/51
f 72/131/55 70/130/55 76/138/55
f 77/141/56 78/142/56 82/143/56
f 78/144/57 77/141/57 79/145/57
f 80/146/3 79/145/3 77/141/3
f 77/141/3 81/147/3 80/146/3
f 82/143/56 81/147/56 77/141/56
f 81/147/58 82/148/58 83/149/58
f 83/149/58 80/146/58 81/147/58
f 80/146/59 83/150/59 84/151/59
f 84/151/59 79/145/59 80/146/59
f 79/145/57 84/152/57 78/144/57
f 86/153/60 85/154/60 87/155/60
f 88/156/61 87/155/62 85/157/63
f 85/157/63 89/158/63 88/156/61
f 90/159/64 88/156/64 89/158/64
f 89/158/64 91/160/64 90/159/64
f 91/160/65 93/161/65 92/162/65
f 92/162/65 90/159/66 91/160/65
f 93/161/65 95/163/66 94/164/65
f 94/164/65 92/162/65 93/161/65
f 96/165/67 94/164/67 95/166/67
f 95/166/67 97/167/67 96/165/67
f 98/168/68 96/165/69 97/169/68
f 97/169/68 99/170/70 98/168/68
f 99/170/71 101/171/71 100/172/71
f 100/172/71 98/168/71 99/170/71
f 101/171/72 102/173/72 103/174/72
f 103/174/72 100/172/72 101/171/72
f 88/156/73 103/174/73 104/175/74
f 104/175/75 103/174/75 102/173/75
f 90/159/74 100/172/74 103/174/73
f 103/174/73 88/156/73 90/159/74
f 104/175/74 87/155/76 88/156/73
f 87/155/60 104/175/60 86/153/60
f 102/173/75 86/176/75 104/175/75
f 100/172/74 90/159/74 92/162/74
f 92/162/74 98/168/74 100/172/74
f 94/164/74 96/165/74 98/168/74
f 98/168/74 92/162/74 94/164/74
f 105/177/77 106/178/77 110/179/77
f 106/180/78 105/177/78 107/181/78
f 108/182/9 107/181/9 105/177/9
f 105/177/9 109/183/9 108/182/9
f 110/179/77 109/183/77 105/177/77
f 109/183/79 110/184/79 111/185/79
f 108/182/80 111/186/80 112/187/80
f 111/185/79 108/182/79 109/183/79
f 112/187/80 107/181/80 108/182/80
f 107/181/78 112/188/78 106/180/78
f 113/189/81 114/190/81 116/191/81
f 114/190/82 113/189/83 115/192/82
f 115/192/84 113/189/85 118/193/86
f 116/191/87 117/194/87 113/189/87
f 113/189/88 117/194/88 119/195/88
f 119/195/88 118/193/88 113/189/88
f 120/196/89 119/195/89 117/194/89
f 122/197/90 120/196/91 121/198/90
f 117/194/89 121/198/92 120/196/89
f 121/198/90 123/199/93 122/197/90
f 123/200/94 121/198/94 117/194/94
f 117/194/94 116/191/94 123/200/94
f 118/193/86 124/201/95 115/192/84
f 125/202/96 115/192/97 124/201/96
f 124/201/96 126/203/96 125/202/96
f 125/202/98 126/203/98 127/204/98
f 128/205/99 125/206/99 127/207/99
f 125/206/100 128/205/101 114/190/101
f 114/190/82 115/192/82 125/206/100
f 130/208/102 129/209/102 131/210/102
f 132/211/103 131/210/103 129/212/103
f 129/212/103 133/213/103 132/211/103
f 134/214/104 132/211/104 133/215/104
f 133/215/104 135/216/104 134/214/104
f 135/217/105 130/218/105 136/219/105
f 136/219/105 134/214/105 135/217/105
f 136/219/106 131/210/106 132/211/106
f 131/210/102 136/219/107 130/208/102
f 132/211/106 134/214/106 136/219/106
f 140/220/108 137/221/108 138/222/108
f 138/222/109 137/221/109 139/223/109
f 142/224/110 139/223/110 137/221/110
f 137/221/110 140/220/110 141/225/110
f 141/225/110 142/224/110 137/221/110
f 143/226/111 139/223/111 142/227/111
f 142/227/111 144/228/111 143/226/111
f 139/223/109 143/226/109 138/222/109
f 143/226/112 145/229/112 138/222/112
f 138/222/113 145/229/113 146/230/113
f 146/230/113 141/231/113 140/220/113
f 146/230/113 140/220/113 138/222/113
f 147/232/114 148/233/114 152/234/114
f 148/235/115 147/232/115 149/236/115
f 150/237/116 149/236/116 147/232/116
f 147/232/116 151/238/116 150/237/116
f 152/234/117 151/238/117 147/232/117
f 151/238/118 152/239/118 153/240/118
f 153/240/118 150/237/118 151/238/118
f 150/237/119 153/241/119 154/242/119
f 154/242/120 149/236/120 150/237/120
f 149/236/115 154/243/115 148/235/115
f 155/244/121 156/245/121 158/246/121
f 156/245/122 155/244/122 157/247/122
f 158/246/121 159/248/121 155/244/121
f 161/249/123 160/250/123 159/248/123
f 161/249/124 159/248/123 158/246/123
f 161/251/125 163/252/125 162/253/125
f 163/252/126 161/251/127 164/254/126
f 158/246/123 164/255/128 161/249/124
f 165/256/129 164/255/130 158/246/129
f 164/254/126 165/257/126 163/252/126
f 156/245/131 163/252/131 165/257/131
f 158/246/129 156/245/132 165/256/129
f 162/253/133 163/252/133 166/258/133
f 166/258/134 163/252/134 156/245/134
f 157/247/122 166/258/122 156/245/122
f 167/259/135 162/260/136 166/258/137
f 166/258/137 157/247/138 167/259/135
f 168/261/139 169/262/140 171/263/140
f 169/262/140 168/261/139 170/264/141
f 170/264/141 168/261/139 173/265/142
f 171/263/140 172/266/143 168/261/139
f 173/265/142 168/261/139 172/266/143
f 173/265/142 174/267/144 170/264/141
f 172/266/143 175/268/145 173/265/142
f 176/269/3 175/268/145 172/266/143
f 176/269/3 178/270/146 177/271/147
f 177/271/147 179/272/148 176/269/3
f 172/266/143 178/270/146 176/269/3
f 180/273/149 179/272/148 177/271/147
f 180/273/149 181/274/150 182/275/151
f 177/271/147 181/274/150 180/273/149
f 182/275/151 183/276/152 180/273/149
f 184/277/153 183/276/152 182/275/151
f 184/277/153 185/278/154 186/279/155
f 182/275/151 185/278/154 184/277/153
f 186/279/155 187/280/156 184/277/153
f 188/281/4 187/280/156 186/279/155
f 188/282/4 189/283/157 191/284/158
f 186/279/155 189/285/157 188/281/4
f 191/284/158 190/286/159 188/282/4
f 194/287/140 191/284/158 189/283/157
f 191/284/158 192/288/160 195/289/161
f 193/290/140 192/288/160 191/284/158
f 191/284/158 194/287/140 193/290/140
f 195/289/161 190/286/159 191/284/158
f 170/264/141 174/267/144 195/289/161
f 195/289/161 192/288/160 170/264/141
f 189/283/157 196/291/140 194/287/140
f 196/292/140 189/285/157 186/279/155
f 186/279/155 197/293/140 196/292/140
f 185/278/154 198/294/140 197/293/140
f 197/293/140 186/279/155 185/278/154
f 198/294/140 185/278/154 182/275/151
f 182/275/151 199/295/140 198/294/140
f 199/295/140 182/275/151 181/274/150
f 181/274/150 200/296/140 199/295/140
f 200/296/140 181/274/150 177/271/147
f 177/271/147 201/297/140 200/296/140
f 201/297/140 177/271/147 178/270/146
f 178/270/146 202/298/140 201/297/140
f 202/298/140 178/270/146 172/266/143
f 172/266/143 171/263/140 202/298/140
f 192/288/160 193/290/140 203/299/140
f 203/299/140 170/264/141 192/288/160
f 170/264/141 203/299/140 169/262/140
f 205/300/162 204/301/162 206/302/162
f 207/303/163 206/302/163 204/304/163
f 204/304/163 208/305/163 207/303/163
f 209/306/164 207/303/164 208/307/164
f 208/307/164 210/308/164 209/306/164
f 210/309/165 205/310/165 211/311/165
f 211/311/165 209/306/165 210/309/165
f 211/311/166 206/302/166 207/303/167
f 206/302/162 211/311/168 205/300/162
f 207/303/167 209/306/167 211/311/166
f 213/312/169 212/313/169 214/314/170
f 215/315/171 214/314/171 212/316/171
f 212/316/171 216/317/171 215/315/171
f 217/318/172 214/314/172 215/315/172
f 215/315/172 218/319/172 217/318/172
f 217/318/173 218/319/173 219/320/173
f 219/320/173 213/321/173 217/318/173
f 214/314/170 217/318/170 213/312/169
f 220/322/174 221/323/174 225/324/174
f 221/325/175 220/322/175 222/326/175
f 223/327/176 222/326/176 220/322/176
f 220/322/176 224/328/176 223/327/176
f 225/324/174 224/328/174 220/322/174
f 224/328/177 225/329/177 226/330/177
f 223/327/178 226/331/178 227/332/178
f 226/330/177 223/327/177 224/328/177
f 227/332/179 222/326/179 223/327/179
f 222/326/175 227/333/175 221/325/175
f 228/334/180 229/335/180 233/336/180
f 229/337/181 228/338/181 230/339/181
f 231/340/3 230/341/3 228/342/3
f 228/342/3 232/343/3 231/340/3
f 233/336/180 232/344/180 228/334/180
f 234/345/4 235/346/4 233/347/4
f 233/347/4 229/348/4 234/345/4
f 232/349/182 233/350/182 235/351/182
f 231/352/183 235/353/183 234/354/183
f 235/351/182 231/355/182 232/349/182
f 234/354/183 230/356/183 231/352/183
f 230/339/181 234/357/181 229/337/181
f 237/358/184 236/359/185 238/360/184
f 239/361/186 238/360/186 236/359/186
f 236/359/186 240/362/186 239/361/186
f 240/362/187 241/363/187 242/364/187
f 242/364/188 239/361/188 240/362/188
f 239/361/189 242/365/189 243/366/189
f 243/366/11 238/360/11 239/361/11
f 238/360/184 243/367/184 237/358/184
f 245/368/190 247/369/190 244/370/190
f 244/370/190 246/371/190 245/368/190
f 248/372/191 244/370/192 247/369/191
f 247/369/191 249/373/193 248/372/191
f 250/374/194 248/372/195 249/373/196
f 249/373/196 251/375/197 250/374/194
f 247/369/198 245/376/198 251/377/198
f 251/377/198 249/373/198 247/369/198
f 252/378/199 253/379/199 255/380/199
f 253/379/200 252/381/200 254/382/200
f 255/380/199 256/383/199 252/378/199
f 257/384/201 258/385/201 256/386/201
f 256/386/201 255/380/201 257/384/201
f 259/387/202 254/388/202 258/389/202
f 258/389/202 257/384/202 259/387/202
f 254/382/200 259/387/200 253/379/200
f 255/380/203 253/379/203 259/387/203
f 259/387/203 257/384/203 255/380/203
f 260/390/204 261/391/204 263/392/204
f 261/391/205 260/390/205 262/393/205
f 265/394/206 262/395/207 260/390/207
f 263/392/204 264/396/204 260/390/204
f 260/390/207 264/396/206 265/394/206
f 266/397/208 265/398/208 264/396/208
f 267/399/209 266/400/210 263/392/209
f 264/396/208 263/392/208 266/397/208
f 262/393/205 267/401/205 261/391/205
f 263/392/209 261/391/209 267/399/209
f 268/402/199 269/403/199 271/404/199
f 269/405/200 268/406/200 270/407/200
f 271/404/199 272/408/199 268/402/199
f 273/409/201 274/410/201 272/411/201
f 272/411/201 271/412/201 273/409/201
f 275/413/202 270/414/202 274/415/202
f 274/415/202 273/416/202 275/413/202
f 270/407/200 275/417/200 269/405/200
f 271/418/203 269/419/203 275/420/203
f 275/420/203 273/421/203 271/418/203
f 276/422/211 277/423/211 281/424/211
f 277/425/212 276/422/212 278/426/212
f 279/427/213 278/426/213 276/422/213
f 276/422/213 280/428/213 279/427/213
f 281/424/211 280/428/211 276/422/211
f 280/428/214 281/429/214 282/430/214
f 279/427/215 282/431/215 283/432/215
f 282/430/214 279/427/214 280/428/214
f 283/432/215 278/426/215 279/427/215
f 278/426/212 283/433/212 277/425/212
f 285/434/216 284/435/216 286/436/216
f 287/437/217 286/436/217 284/438/217
f 284/438/217 288/439/217 287/437/217
f 289/440/218 287/437/218 288/441/218
f 288/441/218 290/442/218 289/440/218
f 290/443/219 285/444/220 291/445/219
f 291/445/219 289/440/221 290/443/219
f 291/445/222 286/436/222 287/437/222
f 286/436/216 291/445/216 285/434/216
f 287/437/222 289/440/222 291/445/222
f 292/446/223 293/447/223 295/448/223
f 293/447/224 292/446/224 294/449/224
f 295/448/223 296/450/223 292/446/223
f 298/451/225 297/452/225 296/453/225
f 296/453/225 295/454/225 298/451/225
f 297/452/226 298/451/226 299/455/226
f 299/456/227 298/457/228 295/448/227
f 299/455/229 294/449/229 297/452/229
f 294/449/224 299/455/224 293/447/224
f 295/448/227 293/447/230 299/456/227
f 300/458/231 301/459/231 303/460/231
f 300/461/232 302/462/232 301/459/232
f 303/460/231 304/463/231 300/458/231
f 304/464/233 303/460/233 305/465/233
f 305/465/233 306/466/233 304/464/233
f 306/467/234 308/468/234 302/469/234
f 306/467/235 305/465/236 307/470/236
f 307/470/236 308/468/236 306/467/235
f 309/471/237 308/472/237 307/470/237
f 302/462/238 308/472/238 309/471/239
f 309/471/240 307/470/241 305/465/241
f 305/465/241 301/459/241 309/471/240
f 309/471/239 301/459/238 302/462/238
f 305/465/241 303/460/241 301/459/241
f 310/473/242 311/474/242 315/475/242
f 311/476/243 310/477/243 312/478/243
f 313/479/3 312/480/3 310/481/3
f 310/481/3 314/482/3 313/479/3
f 315/475/242 314/483/242 310/473/242
f 314/484/244 315/485/244 316/486/244
f 316/486/244 313/487/244 314/484/244
f 313/488/245 316/489/245 317/490/245
f 317/490/245 312/491/245 313/488/245
f 312/478/243 317/492/243 311/476/243
f 318/493/246 319/494/246 321/495/246
f 319/496/247 318/497/247 320/498/248
f 320/498/3 318/497/3 323/499/3
f 321/495/246 322/500/246 318/493/246
f 318/493/149 322/500/149 324/501/149
f 324/501/149 323/502/149 318/493/149
f 325/503/153 324/504/153 322/505/153
f 326/506/249 323/506/249 324/506/249
f 327/506/249 324/506/249 325/506/249
f 324/506/249 327/506/249 326/506/249
f 325/506/249 328/506/249 327/506/249
f 330/506/249 329/506/249 328/506/249
f 328/506/249 325/506/249 330/506/249
f 331/507/4 332/508/4 330/509/4
f 330/509/4 325/510/4 331/507/4
f 333/511/161 330/512/161 332/513/161
f 329/506/249 330/506/249 333/506/249
f 335/506/249 333/506/249 334/506/249
f 334/514/142 333/515/142 336/516/142
f 333/506/249 335/506/249 329/506/249
f 332/513/161 336/517/161 333/511/161
f 338/518/250 336/517/250 332/513/250
f 336/516/142 320/519/142 334/514/142
f 337/520/251 320/519/251 336/516/251
f 336/516/251 338/521/251 337/520/251
f 338/506/252 339/506/252 340/506/252
f 339/506/253 338/506/253 341/506/253
f 340/506/252 337/506/252 338/506/252
f 332/513/250 341/522/250 338/518/250
f 331/507/254 342/523/254 341/524/255
f 341/524/255 332/508/255 331/507/254
f 343/506/256 341/506/256 342/506/256
f 341/506/253 343/506/253 339/506/253
f 339/506/257 343/506/257 345/506/257
f 343/506/258 344/506/258 345/506/258
f 342/506/256 344/506/256 343/506/256
f 340/506/259 339/506/259 345/506/259
f 344/506/260 346/506/260 345/506/260
f 346/506/261 347/506/261 345/506/261
f 347/506/262 340/506/262 345/506/262
f 337/506/263 340/506/263 347/506/263
f 347/506/263 319/506/263 337/506/263
f 319/506/264 347/506/264 346/506/264
f 321/506/265 346/506/265 344/506/265
f 346/506/264 321/506/264 319/506/264
f 344/506/265 342/506/265 321/506/265
f 322/505/266 321/525/266 342/526/266
f 342/526/266 331/527/266 322/505/266
f 320/498/248 337/528/248 319/496/247
f 334/506/249 348/506/249 335/506/249
f 348/506/249 334/506/249 323/506/249
f 323/506/249 326/506/249 348/506/249
f 323/499/3 334/529/3 320/498/3
f 322/505/153 331/527/153 325/503/153
f 349/530/267 350/531/267 352/532/267
f 350/531/268 349/533/268 351/534/268
f 352/532/267 353/535/267 349/530/267
f 354/536/269 352/532/270 356/537/270
f 355/538/271 356/537/271 352/532/271
f 352/532/271 350/531/271 355/538/271
f 358/539/272 356/537/272 355/538/272
f 356/537/270 357/540/273 354/536/269
f 359/541/274 357/540/274 356/537/274
f 356/537/274 358/539/274 359/541/274
f 357/540/275 359/542/275 360/543/275
f 360/543/275 354/536/275 357/540/275
f 355/538/272 351/544/272 358/539/272
f 351/534/268 355/538/268 350/531/268
f 361/545/276 362/546/276 364/547/277
f 362/546/278 361/545/278 363/548/278
f 366/549/279 363/550/280 361/545/279
f 364/547/277 365/551/277 361/545/276
f 361/545/279 365/551/279 366/549/279
f 367/552/281 366/553/281 365/551/281
f 368/554/282 367/555/282 364/547/282
f 365/551/281 364/547/281 367/552/281
f 363/548/278 368/556/283 362/546/278
f 364/547/282 362/546/282 368/554/282
f 370/557/284 369/558/285 371/559/284
f 372/560/286 371/559/286 369/561/286
f 369/561/286 373/562/286 372/560/286
f 374/563/287 372/560/287 373/564/287
f 373/564/287 375/565/287 374/563/287
f 375/566/288 370/567/288 376/568/288
f 376/568/288 374/563/288 375/566/288
f 376/568/289 371/559/289 372/560/289
f 371/559/284 376/568/284 370/557/284
f 372/560/289 374/563/289 376/568/289
f 378/569/290 380/570/290 377/571/290
f 377/571/290 379/572/290 378/569/290
f 379/572/291 377/571/291 382/573/291
f 380/570/292 381/574/292 377/571/292
f 382/573/293 377/571/294 381/574/294
f 382/573/291 383/575/291 379/572/291
f 384/576/295 383/575/295 382/573/295
f 381/574/294 385/577/296 382/573/293
f 382/573/295 385/577/295 384/576/295
f 381/574/297 384/576/297 385/577/297
f 384/576/295 386/578/295 383/575/295
f 380/570/298 378/569/298 387/579/298
f 387/579/299 388/580/299 380/570/299
f 390/581/300 389/582/300 391/583/300
f 392/584/301 391/583/301 389/585/301
f 389/585/301 393/586/301 392/584/301
f 393/587/302 395/588/302 394/589/302
f 394/589/302 392/584/302 393/587/302
f 396/590/303 394/589/303 395/591/303
f 395/591/303 390/592/303 396/590/303
f 396/590/304 391/583/304 392/584/304
f 391/583/300 396/590/300 390/581/300
f 392/584/304 394/589/304 396/590/304
f 397/593/305 398/594/306 402/595/307
f 398/594/308 397/593/308 399/596/308
f 400/597/309 399/596/309 397/593/309
f 397/593/309 401/598/310 400/597/309
f 402/595/307 401/598/305 397/593/305
f 401/598/311 402/595/312 404/599/312
f 403/600/313 404/599/314 402/595/313
f 402/595/313 398/594/313 403/600/313
f 400/597/315 404/599/315 403/600/315
f 404/599/312 400/597/311 401/598/311
f 403/600/315 399/596/315 400/597/315
f 399/596/308 403/600/316 398/594/308
f 405/601/317 406/602/317 408/603/317
f 406/602/318 405/601/318 407/604/319
f 410/605/320 407/606/320 405/601/320
f 408/603/317 409/607/317 405/601/317
f 405/601/320 409/607/320 410/605/320
f 411/608/321 410/609/321 409/607/322
f 409/607/322 408/603/322 411/608/321
f 412/610/323 411/611/323 408/603/324
f 407/604/319 412/612/325 406/602/318
f 408/603/324 406/602/324 412/610/323
f 414/613/284 413/614/284 415/615/284
f 416/616/286 415/615/286 413/617/286
f 413/617/286 417/618/286 416/616/286
f 417/619/287 419/620/287 418/621/287
f 418/621/287 416/616/287 417/619/287
f 416/616/289 418/621/289 420/622/289
f 420/622/289 415/615/289 416/616/289
f 415/615/284 420/622/284 414/613/284
f 422/623/326 421/624/326 423/625/326
f 424/626/327 423/625/327 421/627/327
f 421/627/327 425/628/327 424/626/327
f 425/629/328 427/630/329 426/631/328
f 426/631/328 424/626/328 425/629/328
f 428/632/330 426/631/330 427/633/330
f 427/633/330 422/634/330 428/632/330
f 428/632/331 423/625/331 424/626/331
f 423/625/326 428/632/326 422/623/326
f 424/626/331 426/631/331 428/632/331
f 429/635/332 430/636/333 434/637/334
f 430/636/333 429/635/332 431/638/335
f 432/639/336 431/638/335 429/635/332
f 429/635/332 433/640/337 432/639/336
f 433/640/337 429/635/332 435/641/338
f 434/637/334 435/641/338 429/635/332
f 435/641/338 434/637/334 436/642/339
f 436/642/339 438/643/340 435/641/338
f 435/641/338 437/644/341 433/640/337
f 437/644/341 435/641/338 438/643/340
f 438/643/340 436/642/339 439/645/342
f 439/645/342 440/646/343 438/643/340
f 441/647/344 438/643/340 440/646/343
f 438/643/340 441/647/344 437/644/341
f 440/646/343 442/648/345 441/647/344
f 443/649/346 444/650/347 442/651/345
f 442/651/345 440/652/343 443/649/346
f 445/653/348 446/654/349 444/650/347
f 444/650/347 443/649/346 445/653/348
f 446/654/349 445/653/348 448/655/350
f 448/655/350 447/656/351 446/654/349
f 448/655/350 449/657/352 450/658/353
f 449/657/352 448/655/350 445/653/348
f 450/658/353 451/659/354 448/655/350
f 447/656/351 448/655/350 451/659/354
f 451/659/354 450/658/353 452/660/355
f 452/660/355 453/661/356 451/659/354
f 454/662/357 451/659/354 453/661/356
f 451/659/354 454/662/357 447/656/351
f 453/661/356 455/663/358 454/662/357
f 457/664/359 456/665/360 455/663/358
f 455/663/358 453/661/356 457/664/359
f 458/666/361 457/664/359 453/661/356
f 457/664/359 458/666/361 460/667/362
f 456/665/360 457/664/359 459/668/363
f 460/667/362 459/668/363 457/664/359
f 463/669/364 460/667/362 458/666/361
f 460/667/362 461/670/365 431/638/335
f 431/638/335 459/668/363 460/667/362
f 462/671/366 461/670/365 460/667/362
f 460/667/362 463/669/364 462/671/366
f 458/666/361 464/672/367 463/669/364
f 464/672/367 458/666/361 452/660/355
f 452/660/355 465/673/368 464/672/367
f 465/673/368 452/660/355 450/658/353
f 450/658/353 466/674/369 465/673/368
f 449/657/352 467/675/370 466/674/369
f 466/674/369 450/658/353 449/657/352
f 468/676/371 469/677/368 467/675/370
f 467/675/370 449/657/352 468/676/371
f 469/677/368 468/676/371 471/678/372
f 471/678/372 470/679/373 469/677/368
f 443/649/346 471/678/372 468/676/371
f 471/678/372 443/649/346 440/652/343
f 440/652/343 439/680/342 471/678/372
f 470/679/373 471/678/372 439/680/342
f 439/680/342 472/681/367 470/679/373
f 436/642/339 473/682/369 472/683/367
f 472/683/367 439/645/342 436/642/339
f 434/637/334 474/684/368 473/682/369
f 473/682/369 436/642/339 434/637/334
f 474/684/368 434/637/334 430/636/333
f 430/636/333 475/685/368 474/684/368
f 461/670/365 462/671/366 475/685/368
f 475/685/368 430/636/333 461/670/365
f 468/676/371 445/653/348 443/649/346
f 445/653/348 468/676/371 449/657/352
f 431/638/335 461/670/365 430/636/333
f 459/668/363 476/686/374 456/665/360
f 476/686/374 459/668/363 431/638/335
f 431/638/335 432/639/336 476/686/374
f 453/661/356 452/660/355 458/666/361
f 478/687/375 477/688/375 479/689/375
f 479/689/375 480/690/375 478/687/375
f 480/690/376 479/689/377 481/691/377
f 482/692/377 481/691/377 479/689/377
f 479/689/377 483/693/376 482/692/377
f 483/693/377 484/694/376 486/695/376
f 484/694/378 483/693/378 485/696/378
f 486/695/376 482/692/377 483/693/377
f 482/692/379 486/695/379 487/697/380
f 489/698/381 487/697/382 486/695/383
f 486/695/383 488/699/381 489/698/381
f 488/699/376 486/695/376 484/694/376
f 487/697/384 489/698/385 492/700/385
f 490/701/378 492/700/386 489/698/386
f 489/698/386 491/702/378 490/701/378
f 491/702/387 489/698/388 488/699/388
f 492/700/385 493/703/384 487/697/384
f 492/700/388 490/701/388 494/704/388
f 493/703/389 492/700/383 495/705/383
f 494/704/388 495/705/390 492/700/388
f 495/705/383 496/706/383 493/703/389
f 497/707/377 496/706/377 495/705/377
f 495/705/377 494/704/377 497/707/377
f 497/707/391 494/704/392 490/701/392
f 490/701/392 498/708/393 497/707/391
f 496/706/394 497/707/395 498/708/380
f 498/708/380 493/703/379 496/706/394
f 493/703/375 498/708/375 499/709/375
f 491/702/396 499/709/397 498/708/397
f 498/708/397 490/701/396 491/702/396
f 487/697/380 499/709/379 482/692/379
f 499/709/375 487/697/375 493/703/375
f 499/709/393 491/702/393 481/691/391
f 481/691/391 482/692/398 499/709/393
f 488/699/388 481/691/388 491/702/387
f 481/691/377 488/699/376 480/690/376
f 484/694/376 480/690/376 488/699/376
f 485/696/378 500/710/378 484/694/378
f 501/711/399 502/712/399 506/713/399
f 502/714/400 501/711/400 503/715/400
f 504/716/401 503/715/401 501/711/401
f 501/711/401 505/717/401 504/716/401
f 506/713/399 505/717/399 501/711/399
f 505/717/402 506/718/402 507/719/402
f 507/719/402 504/716/402 505/717/402
f 504/716/403 507/720/403 508/721/403
f 508/721/403 503/715/403 504/716/403
f 503/715/400 508/722/400 502/714/400
f 510/723/404 509/724/404 511/725/404
f 512/726/405 511/725/405 509/727/405
f 509/727/405 513/728/406 512/726/405
f 514/729/407 512/726/407 513/730/407
f 513/730/407 515/731/407 514/729/407
f 516/732/408 514/729/408 515/733/408
f 515/733/408 510/734/408 516/732/408
f 516/732/409 511/725/409 512/726/409
f 511/725/404 516/732/404 510/723/404
f 512/726/409 514/729/409 516/732/409
f 517/735/410 518/736/410 522/737/410
f 518/738/411 517/735/411 519/739/411
f 520/740/412 519/739/412 517/735/412
f 517/735/412 521/741/412 520/740/412
f 522/737/410 521/741/410 517/735/410
f 521/741/413 522/742/413 523/743/413
f 520/740/414 523/744/414 524/745/414
f 523/743/415 520/740/415 521/741/415
f 524/745/414 519/739/414 520/740/414
f 519/739/411 524/746/411 518/738/411
f 525/747/416 526/748/416 528/749/416
f 526/748/417 525/747/417 527/750/417
f 528/749/416 529/751/416 525/747/416
f 529/751/418 528/749/418 530/752/418
f 530/752/418 531/753/418 529/751/418
f 532/754/419 533/755/419 531/753/419
f 531/753/419 530/752/419 532/754/419
f 533/755/420 532/754/420 535/756/420
f 535/756/420 534/757/420 533/755/420
f 534/757/421 535/756/421 536/758/421
f 536/758/422 535/756/3 532/754/3
f 536/758/421 527/750/421 534/757/421
f 527/750/417 536/758/417 526/748/417
f 532/754/3 526/748/3 536/758/422
f 526/748/3 532/754/3 530/752/3
f 530/752/3 528/749/423 526/748/3
f 538/759/424 537/760/424 539/761/424
f 540/762/425 539/761/425 537/763/425
f 537/763/425 541/764/425 540/762/425
f 542/765/426 540/762/427 541/766/427
f 541/766/427 543/767/426 542/765/426
f 543/768/428 538/769/428 544/770/428
f 544/770/428 542/765/428 543/768/428
f 544/770/429 539/761/429 540/762/429
f 539/761/424 544/770/424 538/759/424
f 540/762/429 542/765/429 544/770/429
f 545/771/430 546/772/430 548/773/430
f 546/772/431 545/771/431 547/774/431
f 550/775/432 547/776/432 545/771/432
f 548/773/430 549/777/430 545/771/430
f 545/771/432 549/777/432 550/775/432
f 551/778/433 550/779/433 549/777/433
f 552/780/434 551/781/434 548/773/434
f 549/777/433 548/773/433 551/778/433
f 547/774/431 552/782/431 546/772/431
f 548/773/434 546/772/434 552/780/434
f 553/783/435 554/784/435 558/785/435
f 554/786/436 553/787/436 555/788/436
f 556/789/3 555/790/3 553/791/3
f 553/791/3 557/792/3 556/789/3
f 558/785/435 557/793/435 553/783/435
f 557/794/437 558/795/437 559/796/437
f 556/797/438 559/798/438 560/799/438
f 559/796/437 556/800/437 557/794/437
f 560/799/438 555/801/438 556/797/438
f 555/788/436 560/802/436 554/786/436
f 561/803/439 562/804/439 564/805/439
f 562/804/440 561/803/440 563/806/440
f 563/806/441 561/803/441 566/807/441
f 564/805/439 565/808/439 561/803/439
f 566/807/442 561/803/443 565/809/443
f 566/807/441 567/810/441 563/806/441
f 569/811/444 567/810/445 566/807/444
f 565/809/443 568/812/446 566/807/442
f 566/807/444 568/813/444 569/811/444
f 563/806/447 567/810/447 569/811/447
f 569/811/447 570/814/447 563/806/447
f 571/815/448 570/814/448 569/811/448
f 569/811/448 568/813/448 571/815/448
f 563/806/440 570/814/440 562/804/440
f 572/816/449 573/817/449 575/818/449
f 573/817/450 572/816/450 574/819/450
f 577/820/451 574/821/451 572/816/451
f 575/818/449 576/822/449 572/816/449
f 572/816/451 576/822/451 577/820/451
f 578/823/452 577/824/452 576/822/452
f 579/825/453 578/826/453 575/818/453
f 576/822/452 575/818/452 578/823/452
f 574/819/450 579/827/450 573/817/450
f 575/818/453 573/817/453 579/825/453
f 580/828/77 581/829/77 585/830/77
f 581/831/78 580/828/78 582/832/78
f 583/833/454 582/832/454 580/828/454
f 580/828/454 584/834/454 583/833/454
f 585/830/77 584/834/77 580/828/77
f 584/834/79 585/835/79 586/836/79
f 583/833/80 586/837/80 587/838/80
f 586/836/79 583/833/79 584/834/79
f 587/838/80 582/832/80 583/833/80
f 582/832/78 587/839/78 581/831/78
f 588/840/455 589/841/455 593/842/455
f 589/843/456 588/844/456 590/845/456
f 591/846/3 590/847/3 588/848/3
f 588/848/3 592/849/3 591/846/3
f 593/842/455 592/850/455 588/840/455
f 592/851/457 593/852/457 594/853/457
f 591/854/458 594/855/458 595/856/458
f 594/853/457 591/857/457 592/851/457
f 595/856/458 590/858/458 591/854/458
f 590/845/456 595/859/456 589/843/456
f 596/860/459 597/861/459 601/862/459
f 597/863/460 596/860/460 598/864/460
f 599/865/461 598/864/461 596/860/461
f 596/860/461 600/866/461 599/865/461
f 601/862/459 600/866/459 596/860/459
f 600/866/462 601/867/462 602/868/462
f 599/865/463 602/869/463 603/870/463
f 602/868/462 599/865/462 600/866/462
f 603/870/463 598/864/463 599/865/463
f 598/864/460 603/871/460 597/863/460
f 605/872/464 604/873/465 606/874/464
f 607/875/466 606/874/466 604/876/466
f 604/876/466 608/877/466 607/875/466
f 609/878/467 606/874/468 607/875/469
f 607/875/469 610/879/470 609/878/467
f 609/878/471 610/879/471 611/880/472
f 611/880/472 605/881/471 609/878/471
f 606/874/464 609/878/473 605/872/464
f 612/882/246 613/883/246 615/884/246
f 613/885/247 612/886/247 614/887/248
f 614/888/3 612/889/3 617/890/3
f 615/884/246 616/891/246 612/882/246
f 612/892/149 616/893/149 618/894/149
f 618/894/149 617/895/149 612/892/149
f 619/896/153 618/897/153 616/898/153
f 620/506/249 617/506/249 618/506/249
f 621/506/249 618/506/249 619/506/249
f 618/506/249 621/506/249 620/506/249
f 619/506/249 622/506/249 621/506/249
f 622/506/249 619/506/249 623/506/249
f 623/506/249 624/506/249 622/506/249
f 624/506/249 623/506/249 626/506/249
f 626/506/249 625/506/249 624/506/249
f 627/899/161 628/900/161 626/901/161
f 626/901/161 623/902/161 627/899/161
f 629/903/142 626/904/142 628/905/142
f 625/506/249 626/506/249 629/506/249
f 628/905/142 614/906/142 629/903/142
f 617/890/3 629/907/3 614/888/3
f 630/506/249 629/506/249 617/506/249
f 629/506/249 630/506/249 625/506/249
f 617/506/249 620/506/249 630/506/249
f 632/908/250 628/909/250 627/910/250
f 631/911/251 614/912/251 628/913/251
f 628/913/251 632/914/251 631/911/251
f 632/506/252 633/506/252 634/506/252
f 633/506/253 632/506/253 635/506/253
f 634/506/252 631/506/252 632/506/252
f 627/910/250 635/915/250 632/908/250
f 635/916/255 627/917/255 637/918/254
f 635/506/253 636/506/253 633/506/253
f 636/506/256 635/506/256 638/506/256
f 637/918/254 638/919/254 635/916/255
f 616/920/266 615/921/266 638/922/266
f 638/922/266 637/923/266 616/920/266
f 639/506/265 638/506/265 615/506/265
f 638/506/256 639/506/256 636/506/256
f 636/506/258 639/506/258 641/506/258
f 615/506/265 640/506/265 639/506/265
f 639/506/260 640/506/260 641/506/260
f 642/506/262 634/506/262 641/506/262
f 634/506/259 633/506/259 641/506/259
f 640/506/261 642/506/261 641/506/261
f 633/506/257 636/506/257 641/506/257
f 631/506/263 634/506/263 642/506/263
f 642/506/263 613/506/263 631/506/263
f 613/506/264 642/506/264 640/506/264
f 640/506/264 615/506/264 613/506/264
f 616/898/153 637/924/153 619/896/153
f 637/925/4 627/926/4 623/927/4
f 623/927/4 619/928/4 637/925/4
f 614/887/248 631/929/248 613/885/247
f 646/930/474 643/931/474 644/932/474
f 644/932/475 643/931/475 645/933/475
f 649/934/476 645/933/477 643/931/476
f 643/931/476 646/930/476 647/935/476
f 647/935/476 648/936/476 643/931/476
f 643/931/476 648/936/476 649/934/476
f 645/933/478 649/934/478 650/937/478
f 650/937/479 649/934/479 648/938/479
f 645/933/475 650/937/475 651/939/475
f 650/937/475 653/940/475 651/939/475
f 650/937/479 648/938/479 652/941/479
f 652/941/479 653/940/479 650/937/479
f 645/933/475 651/939/475 644/932/475
f 644/932/480 651/939/480 654/942/480
f 654/942/480 647/943/480 646/930/480
f 654/942/480 646/930/480 644/932/480
f 655/944/481 656/945/481 660/946/481
f 656/947/482 655/948/482 657/949/482
f 658/950/3 657/951/3 655/952/3
f 655/952/3 659/953/3 658/950/3
f 660/946/481 659/954/481 655/944/481
f 659/955/483 660/956/483 661/957/483
f 661/957/483 658/958/483 659/955/483
f 658/959/484 661/960/484 662/961/484
f 662/961/484 657/962/484 658/959/484
f 657/949/482 662/963/482 656/947/482
f 663/964/485 664/965/485 666/966/485
f 664/965/486 663/964/486 665/967/486
f 666/966/487 667/968/487 663/964/487
f 667/969/488 666/970/488 669/971/488
f 669/971/488 668/972/488 667/969/488
f 668/972/489 669/971/489 670/973/489
f 670/974/490 669/975/491 666/966/490
f 670/973/492 665/967/492 668/972/492
f 665/967/493 670/973/493 664/965/493
f 666/966/490 664/965/494 670/974/490
f 671/976/495 672/977/495 674/978/495
f 672/977/496 671/976/496 673/979/496
f 676/980/497 673/981/497 671/976/497
f 674/978/495 675/982/498 671/976/495
f 671/976/497 675/982/497 676/980/497
f 677/983/499 676/984/499 675/982/499
f 675/982/499 674/978/499 677/983/499
f 678/985/500 677/986/500 674/978/500
f 673/979/496 678/987/496 672/977/496
f 674/978/500 672/977/500 678/985/500
f 679/988/501 680/989/501 684/990/501
f 680/991/502 679/992/502 681/993/502
f 682/994/503 681/995/503 679/996/503
f 679/996/503 683/997/503 682/994/503
f 684/990/501 683/998/501 679/988/501
f 683/999/504 684/1000/504 685/1001/504
f 685/1001/504 682/1002/504 683/999/504
f 682/1003/505 685/1004/505 686/1005/505
f 686/1005/505 681/1006/505 682/1003/505
f 681/993/502 686/1007/502 680/991/502
f 687/1008/506 688/1009/506 690/1010/506
f 688/1009/507 687/1011/507 689/1012/507
f 690/1010/506 691/1013/506 687/1008/506
f 691/1014/508 690/1010/508 693/1015/508
f 693/1015/508 692/1016/508 691/1014/508
f 692/1017/509 693/1015/509 694/1018/509
f 694/1018/510 693/1015/510 690/1010/510
f 694/1018/509 689/1019/509 692/1017/509
f 689/1012/507 694/1018/507 688/1009/507
f 690/1010/510 688/1009/510 694/1018/510
f 696/1020/511 695/1021/512 697/1022/511
f 698/1023/513 697/1022/513 695/1024/513
f 695/1024/513 699/1025/513 698/1023/513
f 700/1026/514 698/1023/515 699/1027/514
f 699/1027/514 701/1028/514 700/1026/514
f 702/1029/516 700/1026/516 701/1030/516
f 701/1030/516 696/1031/516 702/1029/516
f 702/1029/517 697/1022/517 698/1023/517
f 697/1022/511 702/1029/511 696/1020/511
f 698/1023/517 700/1026/517 702/1029/517
f 704/1032/518 703/1033/519 705/1034/519
f 706/1035/520 705/1034/520 703/1036/520
f 703/1036/520 707/1037/520 706/1035/520
f 706/1035/521 708/1038/521 709/1039/521
f 709/1039/521 705/1034/521 706/1035/521
f 705/1034/519 709/1039/518 704/1032/518
f 710/1040/522 704/1041/522 709/1039/522
f 709/1039/522 708/1038/522 710/1040/522
f 716/1042/523 711/1043/524 712/1044/525
f 712/1044/525 711/1043/524 713/1045/526
f 714/1046/527 713/1045/526 711/1043/524
f 711/1043/524 715/1047/528 714/1046/527
f 717/1048/529 715/1047/528 711/1043/524
f 711/1043/524 716/1042/523 717/1048/529
f 715/1047/528 717/1048/529 718/1049/530
f 718/1049/530 717/1048/529 719/1050/3
f 717/1048/529 716/1042/523 719/1050/3
f 725/1051/531 720/1052/532 719/1050/3
f 720/1052/532 732/1053/533 719/1050/3
f 723/1054/534 721/1055/535 719/1050/3
f 721/1055/535 724/1056/536 719/1050/3
f 727/1057/537 722/1058/538 719/1050/3
f 722/1058/538 718/1049/530 719/1050/3
f 729/1059/539 723/1054/534 719/1050/3
f 724/1056/536 731/1060/540 719/1050/3
f 726/1061/541 725/1051/531 719/1050/3
f 728/1062/542 726/1061/541 719/1050/3
f 730/1063/543 727/1057/537 719/1050/3
f 731/1060/540 728/1062/542 719/1050/3
f 716/1042/523 729/1059/539 719/1050/3
f 732/1053/533 730/1063/543 719/1050/3
f 733/1064/544 730/1063/543 732/1053/533
f 732/1053/533 734/1065/545 733/1064/544
f 734/1065/545 732/1053/533 720/1052/532
f 735/1066/546 737/1067/547 734/1065/545
f 734/1065/545 736/1068/548 735/1066/546
f 720/1052/532 736/1068/548 734/1065/545
f 733/1064/544 734/1065/545 737/1067/547
f 739/1069/549 737/1067/547 735/1066/546
f 737/1067/547 738/1070/550 733/1064/544
f 740/1071/551 738/1070/550 737/1067/547
f 737/1067/547 739/1069/549 740/1071/551
f 740/1071/551 743/1072/552 741/1073/553
f 741/1073/553 742/1074/554 740/1071/551
f 738/1070/550 740/1071/551 742/1074/554
f 743/1072/552 740/1071/551 739/1069/549
f 744/1075/555 741/1073/553 743/1072/552
f 743/1072/552 745/1076/556 744/1075/555
f 745/1076/556 743/1072/552 746/1077/557
f 739/1069/549 746/1077/557 743/1072/552
f 747/1078/558 749/1079/559 746/1077/557
f 746/1077/557 739/1069/549 747/1078/558
f 746/1077/557 748/1080/560 745/1076/556
f 748/1080/560 746/1077/557 749/1079/559
f 749/1079/559 747/1078/558 752/1081/561
f 749/1079/559 750/1082/562 748/1080/560
f 750/1082/562 749/1079/559 751/1083/563
f 752/1081/561 751/1083/563 749/1079/559
f 751/1083/563 752/1081/561 753/1084/564
f 754/1085/565 753/1084/564 752/1081/561
f 752/1081/561 755/1086/566 754/1085/565
f 755/1086/566 752/1081/561 747/1078/558
f 754/1085/565 755/1086/566 756/1087/567
f 736/1068/548 756/1087/567 755/1086/566
f 755/1086/566 735/1066/546 736/1068/548
f 747/1078/558 735/1066/546 755/1086/566
f 756/1087/567 757/1088/568 754/1085/565
f 726/1061/541 757/1088/568 756/1087/567
f 725/1051/531 756/1087/567 736/1068/548
f 756/1087/567 725/1051/531 726/1061/541
f 728/1062/542 758/1089/569 757/1088/568
f 757/1088/568 758/1089/569 759/1090/570
f 759/1090/570 754/1085/565 757/1088/568
f 757/1088/568 726/1061/541 728/1062/542
f 760/1091/571 759/1090/570 758/1089/569
f 753/1084/564 754/1085/565 759/1090/570
f 761/1092/572 759/1090/570 760/1091/571
f 759/1090/570 761/1092/572 753/1084/564
f 762/1093/573 753/1084/564 761/1092/572
f 761/1092/572 763/1094/574 762/1093/573
f 760/1091/571 764/1095/575 761/1092/572
f 763/1094/574 761/1092/572 764/1095/575
f 765/1096/576 767/1097/577 764/1095/575
f 764/1095/575 760/1091/571 765/1096/576
f 764/1095/575 766/1098/578 763/1094/574
f 766/1098/578 764/1095/575 767/1097/577
f 768/1099/579 767/1097/577 765/1096/576
f 769/1100/580 767/1097/577 768/1099/579
f 767/1097/577 769/1100/580 766/1098/578
f 770/1101/581 766/1098/578 769/1100/580
f 768/1099/579 772/1102/582 769/1100/580
f 769/1100/580 771/1103/583 770/1101/581
f 771/1103/583 769/1100/580 772/1102/582
f 774/1104/584 773/1105/585 772/1102/582
f 775/1106/586 772/1102/582 773/1105/585
f 772/1102/582 768/1099/579 774/1104/584
f 772/1102/582 775/1106/586 771/1103/583
f 773/1105/585 776/1107/587 775/1106/586
f 776/1107/587 773/1105/585 777/1108/588
f 777/1108/588 778/1109/589 776/1107/587
f 778/1109/589 777/1108/588 779/1110/590
f 779/1110/590 780/1111/591 778/1109/589
f 780/1111/591 779/1110/590 781/1112/592
f 781/1112/592 782/1113/593 780/1111/591
f 782/1113/593 781/1112/592 783/1114/594
f 783/1114/594 784/1115/595 782/1113/593
f 786/1116/596 785/1117/597 784/1115/595
f 784/1115/595 783/1114/594 786/1116/596
f 785/1117/597 786/1116/596 741/1073/553
f 742/1074/554 741/1073/553 786/1116/596
f 787/1118/598 786/1116/596 783/1114/594
f 786/1116/596 787/1118/598 742/1074/554
f 788/1119/599 742/1074/554 787/1118/598
f 787/1118/598 789/1120/600 788/1119/599
f 789/1120/600 787/1118/598 790/1121/601
f 783/1114/594 790/1121/601 787/1118/598
f 791/1122/602 790/1121/601 792/1123/603
f 790/1121/601 791/1122/602 789/1120/600
f 781/1112/592 792/1123/603 790/1121/601
f 790/1121/601 783/1114/594 781/1112/592
f 792/1123/603 714/1046/527 791/1122/602
f 714/1046/527 792/1123/603 793/1124/604
f 779/1110/590 793/1124/604 792/1123/603
f 792/1123/603 781/1112/592 779/1110/590
f 793/1124/604 713/1045/526 714/1046/527
f 777/1108/588 794/1125/605 793/1124/604
f 713/1045/526 793/1124/604 794/1125/605
f 793/1124/604 779/1110/590 777/1108/588
f 794/1125/605 795/1126/606 713/1045/526
f 795/1126/606 794/1125/605 774/1104/584
f 773/1105/585 774/1104/584 794/1125/605
f 794/1125/605 777/1108/588 773/1105/585
f 713/1045/526 795/1126/606 712/1044/525
f 796/1127/607 712/1044/525 795/1126/606
f 795/1126/606 797/1128/608 796/1127/607
f 774/1104/584 797/1128/608 795/1126/606
f 798/1129/609 796/1127/607 797/1128/608
f 797/1128/608 799/1130/610 798/1129/609
f 768/1099/579 799/1130/610 797/1128/608
f 797/1128/608 774/1104/584 768/1099/579
f 799/1130/610 765/1096/576 800/1131/611
f 800/1131/611 798/1129/609 799/1130/610
f 765/1096/576 799/1130/610 768/1099/579
f 724/1056/536 800/1131/611 801/1132/612
f 801/1132/612 800/1131/611 765/1096/576
f 800/1131/611 724/1056/536 721/1055/535
f 721/1055/535 798/1129/609 800/1131/611
f 731/1060/540 801/1132/612 758/1089/569
f 758/1089/569 801/1132/612 760/1091/571
f 765/1096/576 760/1091/571 801/1132/612
f 801/1132/612 731/1060/540 724/1056/536
f 723/1054/534 796/1127/607 798/1129/609
f 798/1129/609 721/1055/535 723/1054/534
f 796/1127/607 723/1054/534 729/1059/539
f 729/1059/539 712/1044/525 796/1127/607
f 791/1122/602 714/1046/527 715/1047/528
f 715/1047/528 802/1133/613 791/1122/602
f 789/1120/600 791/1122/602 802/1133/613
f 802/1133/613 803/1134/614 789/1120/600
f 718/1049/530 802/1133/613 715/1047/528
f 722/1058/538 803/1134/614 802/1133/613
f 802/1133/613 718/1049/530 722/1058/538
f 727/1057/537 804/1135/615 803/1134/614
f 803/1134/614 804/1135/615 788/1119/599
f 788/1119/599 789/1120/600 803/1134/614
f 803/1134/614 722/1058/538 727/1057/537
f 738/1070/550 788/1119/599 804/1135/615
f 804/1135/615 733/1064/544 738/1070/550
f 730/1063/543 733/1064/544 804/1135/615
f 804/1135/615 727/1057/537 730/1063/543
f 742/1074/554 788/1119/599 738/1070/550
f 741/1073/553 744/1075/555 785/1117/597
f 766/1098/578 770/1101/581 805/1136/616
f 805/1136/616 763/1094/574 766/1098/578
f 763/1094/574 805/1136/616 806/1137/617
f 762/1093/573 806/1137/617 807/1138/618
f 806/1137/617 762/1093/573 763/1094/574
f 807/1138/618 751/1083/563 762/1093/573
f 751/1083/563 807/1138/618 750/1082/562
f 753/1084/564 762/1093/573 751/1083/563
f 758/1089/569 728/1062/542 731/1060/540
f 735/1066/546 747/1078/558 739/1069/549
f 736/1068/548 720/1052/532 725/1051/531
f 712/1044/525 729/1059/539 716/1042/523
f 808/1139/619 809/1140/619 811/1141/619
f 808/1142/620 810/1143/620 809/1140/620
f 811/1141/621 812/1144/621 808/1139/621
f 813/1145/622 811/1141/622 814/1146/623
f 814/1146/624 811/1141/624 809/1140/624
f 814/1146/623 815/1147/623 813/1145/622
f 814/1146/625 816/1148/625 815/1147/625
f 810/1143/626 816/1148/627 814/1146/626
f 814/1146/626 809/1140/628 810/1143/626
f 815/1147/629 816/1148/629 810/1149/629
f 813/1145/630 815/1147/630 817/1150/630
f 810/1149/629 817/1150/629 815/1147/629
f 818/1151/631 819/1152/631 823/1153/631
f 819/1154/632 818/1151/632 820/1155/633
f 821/1156/634 820/1155/634 818/1151/634
f 818/1151/634 822/1157/634 821/1156/634
f 823/1153/631 822/1157/631 818/1151/631
f 822/1157/635 823/1158/635 824/1159/635
f 821/1156/636 824/1160/636 825/1161/636
f 824/1159/635 821/1156/635 822/1157/635
f 825/1161/636 820/1155/636 821/1156/636
f 820/1155/637 825/1162/637 819/1154/637
f 826/1163/638 827/1164/638 829/1165/638
f 827/1164/639 826/1163/639 828/1166/639
f 831/1167/640 828/1168/641 826/1163/641
f 829/1165/638 830/1169/638 826/1163/638
f 826/1163/641 830/1169/640 831/1167/640
f 832/1170/642 831/1171/642 830/1169/642
f 833/1172/643 832/1173/644 829/1165/644
f 830/1169/642 829/1165/642 832/1170/642
f 828/1166/639 833/1174/639 827/1164/639
f 829/1165/644 827/1164/643 833/1172/643
f 835/1175/645 834/1176/646 836/1177/645
f 836/1177/647 834/1176/647 839/1178/647
f 837/1179/648 839/1178/648 834/1176/648
f 834/1176/648 838/1180/648 837/1179/648
f 839/1178/647 840/1181/647 836/1177/647
f 839/1178/649 837/1179/649 841/1182/649
f 841/1182/649 840/1181/649 839/1178/649
f 836/1177/650 840/1181/650 841/1182/650
f 841/1182/650 842/1183/651 836/1177/650
f 843/1184/652 842/1183/652 841/1182/652
f 841/1182/652 837/1179/652 843/1184/652
f 836/1177/645 842/1183/645 835/1175/645
f 844/1185/653 845/1186/653 849/1187/653
f 845/1188/654 844/1185/654 846/1189/654
f 847/1190/655 846/1189/655 844/1185/655
f 844/1185/655 848/1191/655 847/1190/655
f 849/1187/653 848/1191/653 844/1185/653
f 848/1191/656 849/1192/656 850/1193/656
f 850/1193/656 847/1190/656 848/1191/656
f 847/1190/657 850/1194/657 851/1195/657
f 851/1195/657 846/1189/657 847/1190/657
f 846/1189/654 851/1196/654 845/1188/654
f 853/1197/658 852/1198/658 854/1199/659
f 855/1200/660 854/1199/660 852/1201/660
f 852/1201/660 856/1202/660 855/1200/660
f 857/1203/661 855/1200/661 856/1204/662
f 856/1204/662 858/1205/662 857/1203/661
f 858/1206/663 853/1207/664 859/1208/663
f 859/1208/663 857/1203/663 858/1206/663
f 859/1208/665 854/1199/665 855/1200/665
f 854/1199/659 859/1208/659 853/1197/658
f 855/1200/665 857/1203/665 859/1208/665
f 860/1209/666 861/1210/666 863/1211/666
f 861/1212/667 860/1213/667 862/1214/667
f 863/1211/666 864/1215/666 860/1209/666
f 865/1216/668 866/1217/668 864/1218/668
f 864/1218/668 863/1219/668 865/1216/668
f 866/1220/669 865/1221/669 867/1222/669
f 867/1222/669 862/1223/669 866/1220/669
f 862/1214/670 867/1224/670 861/1212/670
f 863/1225/671 861/1226/671 867/1227/671
f 867/1227/671 865/1228/671 863/1225/671
f 868/1229/672 869/1230/672 873/1231/672
f 869/1232/673 868/1229/673 870/1233/673
f 871/1234/674 870/1233/674 868/1229/674
f 868/1229/674 872/1235/674 871/1234/674
f 873/1231/672 872/1235/672 868/1229/672
f 872/1235/675 873/1236/675 874/1237/675
f 871/1234/676 874/1238/676 875/1239/676
f 874/1237/677 871/1234/677 872/1235/677
f 875/1239/676 870/1233/676 871/1234/676
f 870/1233/673 875/1240/673 869/1232/673
f 876/1241/678 877/1242/678 879/1243/678
f 877/1242/679 876/1244/679 878/1245/679
f 879/1243/680 880/1246/680 876/1241/680
f 880/1247/681 879/1243/681 882/1248/681
f 882/1248/681 881/1249/681 880/1247/681
f 881/1250/682 882/1248/682 883/1251/682
f 883/1251/683 882/1248/683 879/1243/683
f 883/1251/684 878/1252/684 881/1250/684
f 878/1245/679 883/1251/679 877/1242/679
f 879/1243/683 877/1242/683 883/1251/683
f 884/1253/685 885/1254/685 887/1255/685
f 885/1254/686 884/1253/686 886/1256/686
f 889/1257/687 886/1258/687 884/1253/687
f 887/1255/685 888/1259/685 884/1253/685
f 884/1253/687 888/1259/687 889/1257/687
f 890/1260/688 889/1261/688 888/1259/688
f 888/1259/688 887/1255/688 890/1260/688
f 891/1262/689 890/1263/689 887/1255/689
f 886/1256/686 891/1264/686 885/1254/686
f 887/1255/689 885/1254/689 891/1262/689
f 892/1265/690 893/1266/690 897/1267/690
f 893/1268/691 892/1265/691 894/1269/691
f 895/1270/692 894/1269/692 892/1265/692
f 892/1265/692 896/1271/692 895/1270/692
f 897/1267/690 896/1271/690 892/1265/690
f 896/1271/693 897/1272/693 898/1273/693
f 898/1273/693 895/1270/693 896/1271/693
f 895/1270/694 898/1274/694 899/1275/694
f 899/1275/694 894/1269/694 895/1270/694
f 894/1269/691 899/1276/691 893/1268/691
f 901/1277/695 900/1278/695 902/1279/695
f 903/1280/696 902/1279/697 900/1281/696
f 900/1281/696 904/1282/696 903/1280/696
f 904/1283/698 906/1284/698 905/1285/698
f 905/1285/698 903/1280/698 904/1283/698
f 907/1286/699 905/1285/699 906/1287/699
f 906/1287/699 901/1288/700 907/1286/699
f 907/1286/701 902/1279/701 903/1280/701
f 902/1279/695 907/1286/695 901/1277/695
f 903/1280/701 905/1285/701 907/1286/701
f 908/1289/702 909/1290/703 911/1291/703
f 909/1290/704 908/1289/704 910/1292/704
f 913/1293/705 910/1294/706 908/1289/705
f 911/1291/703 912/1295/703 908/1289/702
f 908/1289/705 912/1295/707 913/1293/705
f 914/1296/708 913/1297/709 912/1295/708
f 912/1295/708 911/1291/710 914/1296/708
f 915/1298/711 914/1299/711 911/1291/711
f 910/1292/704 915/1300/704 909/1290/704
f 911/1291/711 909/1290/711 915/1298/711
f 916/1301/712 917/1302/712 921/1303/712
f 917/1304/713 916/1305/713 918/1306/713
f 919/1307/3 918/1308/3 916/1309/3
f 916/1309/3 920/1310/3 919/1307/3
f 921/1303/712 920/1311/712 916/1301/712
f 920/1312/714 921/1313/714 922/1314/714
f 922/1314/714 919/1315/714 920/1312/714
f 919/1316/715 922/1317/715 923/1318/715
f 923/1318/715 918/1319/715 919/1316/715
f 918/1306/713 923/1320/713 917/1304/713
f 927/1321/716 924/1322/716 925/1323/716
f 925/1323/717 924/1322/717 926/1324/717
f 929/1325/718 926/1324/718 924/1322/718
f 924/1322/718 927/1321/719 928/1326/718
f 928/1326/718 929/1325/718 924/1322/718
f 930/1327/720 926/1324/720 929/1328/720
f 929/1328/720 931/1329/720 930/1327/720
f 926/1324/717 930/1327/717 925/1323/717
f 930/1327/721 932/1330/721 925/1323/721
f 925/1323/722 932/1330/722 933/1331/723
f 933/1331/723 927/1321/722 925/1323/722
f 933/1331/723 928/1332/722 927/1321/722
f 935/1333/724 934/1334/724 936/1335/724
f 937/1336/725 936/1335/725 934/1337/725
f 934/1337/725 938/1338/725 937/1336/725
f 938/1339/726 939/1340/726 940/1341/727
f 940/1341/727 937/1336/727 938/1339/726
f 941/1342/728 940/1341/728 939/1343/728
f 937/1336/729 940/1341/729 941/1342/729
f 941/1342/729 936/1335/729 937/1336/729
f 936/1335/724 941/1342/724 935/1333/724
f 939/1343/728 935/1344/728 941/1342/728
f 942/1345/730 943/1346/140 945/1347/140
f 943/1346/140 942/1345/730 944/1348/731
f 944/1348/731 942/1345/730 947/1349/142
f 945/1347/140 946/1350/732 942/1345/730
f 947/1349/142 942/1345/730 946/1350/732
f 947/1349/142 948/1351/144 944/1348/731
f 946/1350/732 949/1352/145 947/1349/142
f 950/1353/3 949/1352/145 946/1350/732
f 950/1353/3 951/1354/733 953/1355/734
f 946/1350/732 951/1354/733 950/1353/3
f 953/1355/734 952/1356/148 950/1353/3
f 956/1357/140 953/1355/734 951/1354/733
f 953/1355/734 954/1358/735 957/1359/149
f 955/1360/140 954/1358/735 953/1355/734
f 953/1355/734 956/1357/140 955/1360/140
f 957/1359/149 952/1356/148 953/1355/734
f 959/1361/736 958/1362/152 957/1359/149
f 957/1359/149 954/1358/735 959/1361/736
f 959/1361/736 960/1363/737 963/1364/153
f 961/1365/140 960/1363/737 959/1361/736
f 959/1361/736 962/1366/140 961/1365/140
f 962/1366/140 959/1361/736 954/1358/735
f 963/1364/153 958/1362/152 959/1361/736
f 965/1367/738 964/1368/156 963/1364/153
f 963/1364/153 960/1363/737 965/1367/738
f 965/1367/738 966/1369/739 969/1370/4
f 967/1371/140 966/1369/739 965/1367/738
f 968/1372/140 965/1367/738 960/1363/737
f 965/1367/738 968/1372/140 967/1371/140
f 969/1370/4 964/1368/156 965/1367/738
f 969/1373/4 966/1374/739 970/1375/740
f 970/1375/740 971/1376/159 969/1373/4
f 972/1377/161 971/1376/159 970/1375/740
f 944/1348/731 948/1351/144 972/1377/161
f 972/1377/161 973/1378/741 944/1348/731
f 970/1375/740 973/1378/741 972/1377/161
f 973/1378/741 974/1379/140 975/1380/140
f 974/1379/140 973/1378/741 970/1375/740
f 975/1380/140 944/1348/731 973/1378/741
f 944/1348/731 975/1380/140 943/1346/140
f 970/1375/740 976/1381/140 974/1379/140
f 966/1374/739 967/1382/140 976/1381/140
f 976/1381/140 970/1375/740 966/1374/739
f 960/1363/737 961/1365/140 968/1372/140
f 954/1358/735 955/1360/140 962/1366/140
f 951/1354/733 977/1383/140 956/1357/140
f 977/1383/140 951/1354/733 946/1350/732
f 946/1350/732 945/1347/140 977/1383/140
f 979/1384/742 978/1385/742 980/1386/742
f 981/1387/743 980/1386/743 978/1388/743
f 978/1388/743 982/1389/743 981/1387/743
f 983/1390/744 981/1387/744 982/1391/744
f 982/1391/744 984/1392/744 983/1390/744
f 984/1393/745 979/1394/745 985/1395/745
f 985/1395/745 983/1390/745 984/1393/745
f 985/1395/746 980/1386/746 981/1387/746
f 980/1386/742 985/1395/742 979/1384/742
f 981/1387/746 983/1390/746 985/1395/746
f 986/1396/747 987/1397/747 991/1398/747
f 987/1399/748 986/1396/748 988/1400/748
f 989/1401/749 988/1400/749 986/1396/749
f 986/1396/749 990/1402/749 989/1401/749
f 991/1398/747 990/1402/747 986/1396/747
f 990/1402/750 991/1403/750 992/1404/750
f 989/1401/751 992/1405/751 993/1406/751
f 992/1404/750 989/1401/750 990/1402/750
f 993/1406/751 988/1400/751 989/1401/751
f 988/1400/748 993/1407/748 987/1399/748
f 995/1408/752 994/1409/752 996/1410/752
f 996/1410/753 997/1411/753 995/1408/754
f 997/1411/755 996/1410/755 998/1412/755
f 998/1412/755 999/1413/755 997/1411/755
f 999/1414/756 998/1415/756 1000/1416/756
f 1001/1417/757 1000/1416/757 1002/1418/757
f 999/1414/756 1000/1416/756 1001/1417/756
f 1002/1418/757 1003/1419/757 1001/1417/757
f 1001/1417/758 1003/1419/759 1004/1420/758
f 995/1421/760 1005/1422/760 1003/1423/760
f 1003/1424/761 1005/1425/761 1004/1425/761
f 999/1426/762 1005/1427/762 997/1428/762
f 997/1429/763 1005/1430/763 995/1431/763
f 1005/1432/764 999/1433/765 1006/1434/765
f 1006/1434/765 1004/1432/766 1005/1432/764
f 1001/1417/756 1006/1435/756 999/1414/756
f 1004/1420/758 1006/1435/767 1001/1417/758
f 1011/1436/768 1007/1437/769 1008/1438/770
f 1008/1438/771 1007/1437/771 1009/1439/771
f 1009/1439/772 1007/1437/772 1010/1440/772
f 1010/1441/773 1007/1437/773 1011/1436/773
f 1011/1436/773 1012/1442/773 1010/1441/773
f 1013/1443/774 1012/1444/774 1011/1436/774
f 1011/1436/774 1014/1445/774 1013/1443/774
f 1008/1438/770 1014/1445/775 1011/1436/768
f 1013/1443/776 1014/1445/776 1008/1438/776
f 1015/1446/777 1012/1444/777 1013/1443/777
f 1013/1443/777 1016/1447/777 1015/1446/777
f 1008/1438/776 1016/1447/776 1013/1443/776
f 1009/1439/771 1016/1447/771 1008/1438/771
f 1010/1440/772 1017/1448/772 1009/1439/772
f 1019/1449/778 1018/1450/778 1020/1451/778
f 1021/1452/779 1020/1451/779 1018/1450/779
f 1018/1450/779 1022/1453/779 1021/1452/779
f 1022/1453/780 1023/1454/780 1024/1455/780
f 1024/1455/780 1021/1452/780 1022/1453/780
f 1021/1452/80 1024/1456/80 1025/1457/80
f 1025/1457/80 1020/1451/80 1021/1452/80
f 1020/1451/778 1025/1458/778 1019/1449/778
f 1027/1459/781 1026/1460/782 1028/1461/782
f 1029/1462/783 1028/1461/784 1026/1460/785
f 1026/1460/785 1030/1463/786 1029/1462/783
f 1030/1463/79 1031/1464/79 1032/1465/79
f 1032/1465/79 1029/1462/79 1030/1463/79
f 1029/1462/787 1032/1466/788 1033/1467/788
f 1033/1467/789 1028/1461/789 1029/1462/789
f 1028/1461/782 1033/1468/790 1027/1459/781
f 1035/1469/791 1034/1470/791 1036/1471/791
f 1036/1471/791 1037/1472/791 1035/1469/791
f 1037/1472/792 1036/1471/792 1038/1473/792
f 1039/1474/793 1038/1473/793 1036/1471/793
f 1036/1471/793 1040/1475/793 1039/1474/793
f 1040/1475/793 1041/1476/794 1043/1477/794
f 1041/1476/795 1040/1475/795 1042/1478/795
f 1043/1477/794 1039/1474/793 1040/1475/793
f 1044/1479/796 1045/1480/796 1043/1477/797
f 1043/1477/797 1046/1481/796 1044/1479/796
f 1046/1481/798 1043/1477/798 1041/1476/798
f 1039/1474/799 1043/1477/800 1045/1480/800
f 1041/1476/798 1037/1472/798 1046/1481/798
f 1038/1473/792 1046/1481/792 1037/1472/792
f 1046/1481/801 1038/1473/802 1047/1482/803
f 1047/1482/803 1044/1479/801 1046/1481/801
f 1044/1479/795 1047/1482/795 1048/1483/795
f 1049/1484/804 1048/1483/805 1047/1482/805
f 1050/1485/806 1047/1482/807 1038/1473/807
f 1047/1482/805 1050/1485/804 1049/1484/804
f 1045/1480/800 1050/1485/799 1039/1474/799
f 1050/1485/808 1045/1480/808 1051/1486/808
f 1051/1486/808 1049/1484/808 1050/1485/808
f 1038/1473/807 1039/1474/806 1050/1485/806
f 1052/1487/809 1051/1486/809 1045/1480/809
f 1049/1484/810 1051/1486/811 1054/1488/811
f 1051/1486/812 1052/1487/813 1053/1489/814
f 1053/1489/814 1054/1488/812 1051/1486/812
f 1054/1488/811 1055/1490/810 1049/1484/810
f 1055/1490/793 1054/1488/793 1053/1489/793
f 1055/1490/815 1056/1491/807 1048/1483/807
f 1053/1489/793 1056/1491/793 1055/1490/793
f 1048/1483/807 1049/1484/815 1055/1490/815
f 1052/1487/801 1048/1483/803 1056/1491/816
f 1056/1491/816 1053/1489/801 1052/1487/801
f 1048/1483/795 1052/1487/795 1044/1479/795
f 1045/1480/809 1044/1479/809 1052/1487/809
f 1042/1478/795 1057/1492/795 1041/1476/795
f 1059/1493/817 1058/1494/817 1060/1495/817
f 1061/1496/818 1060/1495/818 1058/1497/818
f 1058/1497/818 1062/1498/818 1061/1496/818
f 1063/1499/819 1061/1496/819 1062/1500/819
f 1062/1500/819 1064/1501/819 1063/1499/819
f 1064/1502/820 1059/1503/820 1065/1504/820
f 1065/1504/820 1063/1499/820 1064/1502/820
f 1065/1504/821 1060/1495/821 1061/1496/822
f 1060/1495/817 1065/1504/817 1059/1493/817
f 1061/1496/822 1063/1499/822 1065/1504/821
f 1066/1505/823 1067/1506/823 1069/1507/823
f 1067/1506/824 1066/1505/824 1068/1508/824
f 1069/1507/825 1070/1509/825 1066/1505/826
f 1070/1509/827 1069/1507/827 1072/1510/827
f 1072/1510/827 1071/1511/827 1070/1509/827
f 1076/1512/828 1072/1510/828 1073/1513/829
f 1073/1513/830 1072/1510/831 1074/1514/830
f 1075/1515/832 1074/1514/833 1072/1510/832
f 1072/1510/832 1069/1507/832 1075/1515/832
f 1072/1510/834 1076/1512/834 1071/1511/834
f 1078/1516/835 1071/1511/835 1076/1512/836
f 1076/1512/836 1077/1517/836 1078/1516/835
f 1073/1513/829 1077/1517/828 1076/1512/828
f 1078/1516/837 1077/1517/837 1073/1513/837
f 1073/1513/838 1079/1518/838 1078/1516/838
f 1079/1518/839 1074/1514/839 1075/1515/839
f 1074/1514/830 1079/1518/830 1073/1513/830
f 1075/1515/839 1080/1519/840 1079/1518/840
f 1080/1519/841 1075/1515/841 1081/1520/841
f 1081/1520/841 1068/1508/841 1080/1519/841
f 1068/1508/824 1081/1520/824 1067/1506/824
f 1069/1507/842 1067/1506/842 1081/1520/842
f 1081/1520/842 1075/1515/842 1069/1507/842
f 1082/1521/843 1083/1522/843 1085/1523/844
f 1083/1522/845 1082/1521/845 1084/1524/846
f 1087/1525/847 1084/1526/847 1082/1521/847
f 1085/1523/844 1086/1527/844 1082/1521/843
f 1082/1521/847 1086/1527/847 1087/1525/847
f 1088/1528/848 1087/1529/848 1086/1527/848
f 1089/1530/849 1088/1531/850 1085/1523/850
f 1086/1527/848 1085/1523/851 1088/1528/848
f 1084/1524/846 1089/1532/846 1083/1522/845
f 1085/1523/850 1083/1522/849 1089/1530/849
f 1091/1533/852 1090/1534/853 1092/1535/852
f 1093/1536/854 1092/1535/854 1090/1537/854
f 1090/1537/854 1094/1538/854 1093/1536/854
f 1094/1538/855 1095/1539/856 1096/1540/857
f 1096/1540/857 1093/1536/855 1094/1538/855
f 1096/1540/858 1097/1541/859 1099/1542/860
f 1097/1541/859 1096/1540/858 1098/1543/861
f 1098/1543/862 1096/1540/857 1095/1539/856
f 1099/1542/860 1093/1536/863 1096/1540/858
f 1099/1542/864 1097/1541/864 1102/1544/864
f 1093/1536/863 1099/1542/860 1100/1545/865
f 1100/1545/866 1099/1542/867 1101/1546/868
f 1102/1544/864 1101/1546/864 1099/1542/864
f 1103/1547/869 1102/1544/869 1097/1541/869
f 1097/1541/869 1105/1548/869 1103/1547/869
f 1104/1549/870 1103/1550/870 1105/1548/870
f 1105/1548/870 1098/1543/871 1104/1549/870
f 1098/1543/861 1105/1548/861 1097/1541/859
f 1095/1539/856 1104/1551/862 1098/1543/862
f 1101/1546/868 1091/1552/867 1100/1545/866
f 1100/1545/865 1092/1535/872 1093/1536/863
f 1092/1535/852 1100/1545/873 1091/1533/852
f 1106/1553/874 1107/1554/874 1109/1555/874
f 1107/1554/875 1106/1556/875 1108/1557/875
f 1109/1555/874 1110/1558/874 1106/1553/874
f 1112/1559/876 1111/1560/876 1110/1561/876
f 1110/1561/876 1109/1555/876 1112/1559/876
f 1111/1562/877 1112/1559/877 1113/1563/877
f 1113/1563/878 1112/1559/878 1109/1555/878
f 1113/1563/877 1108/1564/877 1111/1562/877
f 1108/1557/875 1113/1563/875 1107/1554/875
f 1109/1555/878 1107/1554/878 1113/1563/878
f 1114/1565/879 1115/1566/879 1117/1567/879
f 1115/1566/880 1114/1565/880 1116/1568/880
f 1117/1567/881 1118/1569/881 1114/1565/881
f 1120/1570/882 1119/1571/882 1118/1572/882
f 1118/1572/882 1117/1573/882 1120/1570/882
f 1119/1571/883 1120/1570/883 1121/1574/883
f 1121/1575/884 1120/1576/885 1117/1567/886
f 1121/1574/887 1116/1568/887 1119/1571/887
f 1116/1568/880 1121/1574/880 1115/1566/880
f 1117/1567/886 1115/1566/888 1121/1575/884
f 1122/1577/889 1123/1578/889 1127/1579/889
f 1123/1580/890 1122/1581/890 1124/1582/890
f 1125/1583/891 1124/1584/891 1122/1585/891
f 1122/1585/891 1126/1586/891 1125/1583/891
f 1127/1579/889 1126/1587/889 1122/1577/889
f 1128/1588/892 1129/1589/892 1127/1590/892
f 1127/1590/892 1123/1591/892 1128/1588/892
f 1126/1592/893 1127/1593/893 1129/1594/893
f 1125/1595/894 1129/1596/895 1128/1597/895
f 1129/1594/893 1125/1598/893 1126/1592/893
f 1128/1597/895 1124/1599/894 1125/1595/894
f 1124/1582/890 1128/1600/890 1123/1580/890
f 1130/1601/896 1131/1602/896 1135/1603/896
f 1131/1604/7 1130/1601/7 1132/1605/7
f 1133/1606/9 1132/1605/9 1130/1601/9
f 1130/1601/9 1134/1607/9 1133/1606/9
f 1135/1603/10 1134/1607/10 1130/1601/10
f 1134/1607/8 1135/1608/8 1136/1609/8
f 1133/1606/897 1136/1610/897 1137/1611/897
f 1136/1609/8 1133/1606/8 1134/1607/8
f 1137/1611/189 1132/1605/189 1133/1606/189
f 1132/1605/7 1137/1612/7 1131/1604/7
f 1139/1613/898 1138/1614/899 1140/1615/898
f 1141/1616/900 1140/1615/900 1138/1614/900
f 1138/1614/900 1142/1617/900 1141/1616/900
f 1144/1618/901 1141/1616/901 1142/1617/901
f 1142/1617/902 1143/1619/903 1144/1618/902
f 1141/1616/904 1144/1620/904 1145/1621/904
f 1145/1621/905 1140/1615/905 1141/1616/905
f 1140/1615/898 1145/1622/906 1139/1613/898
f 1146/1623/907 1148/1624/907 1147/1625/907
f 1149/1626/908 1148/1624/908 1146/1627/908
f 1146/1627/908 1150/1628/908 1149/1626/908
f 1150/1628/909 1146/1627/909 1151/1629/909
f 1151/1630/910 1153/1631/910 1152/1632/910
f 1152/1632/911 1150/1633/912 1151/1630/913
f 1156/1634/914 1152/1632/914 1154/1635/914
f 1150/1633/912 1152/1632/911 1155/1636/915
f 1155/1636/916 1152/1632/916 1156/1634/916
f 1156/1634/917 1148/1624/918 1149/1626/917
f 1154/1635/919 1148/1624/919 1156/1634/919
f 1149/1626/917 1157/1637/917 1156/1634/917
f 1156/1634/916 1157/1637/916 1155/1636/916
f 1155/1636/920 1157/1637/920 1149/1626/920
f 1149/1626/920 1150/1628/920 1155/1636/920
f 1154/1635/921 1158/1638/921 1147/1625/921
f 1147/1625/922 1148/1624/922 1154/1635/922
f 1159/1639/923 1160/1640/923 1162/1641/923
f 1160/1642/924 1159/1643/924 1161/1644/924
f 1162/1641/923 1163/1645/923 1159/1639/923
f 1164/1646/925 1165/1647/925 1163/1648/925
f 1163/1648/925 1162/1649/925 1164/1646/925
f 1166/1650/926 1161/1651/926 1165/1652/926
f 1165/1652/926 1164/1653/926 1166/1650/926
f 1161/1644/924 1166/1654/924 1160/1642/924
f 1162/1655/3 1160/1656/3 1166/1657/3
f 1166/1657/3 1164/1658/3 1162/1655/3
f 1168/1659/927 1167/1660/927 1169/1661/928
f 1170/1662/929 1169/1661/929 1167/1663/929
f 1167/1663/929 1171/1664/929 1170/1662/929
f 1172/1665/930 1170/1662/930 1171/1666/931
f 1171/1666/931 1173/1667/931 1172/1665/930
f 1173/1668/932 1168/1669/932 1174/1670/932
f 1174/1670/932 1172/1665/932 1173/1668/932
f 1174/1670/933 1169/1661/933 1170/1662/933
f 1169/1661/928 1174/1670/928 1168/1659/927
f 1170/1662/933 1172/1665/933 1174/1670/933
f 1175/1671/934 1176/1672/934 1178/1673/934
f 1176/1672/935 1175/1671/935 1177/1674/935
f 1180/1675/936 1177/1676/937 1175/1671/937
f 1178/1673/934 1179/1677/934 1175/1671/934
f 1175/1671/937 1179/1677/936 1180/1675/936
f 1181/1678/938 1180/1679/938 1179/1677/938
f 1182/1680/939 1181/1681/940 1178/1673/941
f 1179/1677/938 1178/1673/938 1181/1678/938
f 1177/1674/935 1182/1682/935 1176/1672/935
f 1178/1673/941 1176/1672/939 1182/1680/939
f 1184/1683/942 1183/1684/942 1185/1685/942
f 1186/1686/943 1185/1685/943 1183/1687/943
f 1183/1687/943 1187/1688/943 1186/1686/943
f 1188/1689/944 1186/1686/944 1187/1690/944
f 1187/1690/944 1189/1691/944 1188/1689/944
f 1189/1692/945 1184/1693/945 1190/1694/945
f 1190/1694/945 1188/1689/945 1189/1692/945
f 1190/1694/946 1185/1685/946 1186/1686/946
f 1185/1685/942 1190/1694/942 1184/1683/942
f 1186/1686/946 1188/1689/946 1190/1694/946
f 1192/1695/947 1191/1696/947 1193/1697/947
f 1193/1697/948 1191/1696/948 1194/1698/948
f 1194/1698/948 1195/1699/948 1193/1697/948
f 1195/1700/949 1196/1701/949 1197/1702/949
f 1197/1702/949 1193/1697/949 1195/1700/949
f 1193/1697/947 1197/1702/947 1192/1695/947
f 1192/1695/950 1197/1702/950 1196/1703/950
f 1196/1703/950 1198/1704/950 1192/1695/950
f 1199/1705/951 1200/1706/951 1204/1707/951
f 1200/1708/952 1199/1705/952 1201/1709/952
f 1202/1710/953 1201/1709/953 1199/1705/953
f 1199/1705/953 1203/1711/953 1202/1710/953
f 1204/1707/951 1203/1711/951 1199/1705/951
f 1203/1711/954 1204/1712/954 1205/1713/954
f 1205/1713/954 1202/1710/954 1203/1711/954
f 1202/1710/955 1205/1714/955 1206/1715/955
f 1206/1715/955 1201/1709/955 1202/1710/955
f 1201/1709/952 1206/1716/952 1200/1708/952
f 1207/1717/956 1208/1718/956 1210/1719/956
f 1208/1718/957 1207/1717/957 1209/1720/957
f 1212/1721/958 1209/1722/958 1207/1717/958
f 1210/1719/956 1211/1723/956 1207/1717/956
f 1207/1717/958 1211/1723/958 1212/1721/958
f 1213/1724/959 1212/1725/959 1211/1723/959
f 1211/1723/959 1210/1719/959 1213/1724/959
f 1214/1726/960 1213/1727/960 1210/1719/960
f 1209/1720/957 1214/1728/957 1208/1718/957
f 1210/1719/960 1208/1718/960 1214/1726/960
f 1215/1729/961 1216/1730/961 1218/1731/961
f 1216/1732/962 1215/1733/962 1217/1734/962
f 1218/1731/961 1219/1735/961 1215/1729/961
f 1220/1736/963 1221/1737/963 1219/1738/963
f 1219/1738/963 1218/1739/963 1220/1736/963
f 1222/1740/964 1217/1741/964 1221/1742/964
f 1221/1742/964 1220/1743/964 1222/1740/964
f 1217/1734/962 1222/1744/962 1216/1732/962
f 1218/1745/3 1216/1746/3 1222/1747/3
f 1222/1747/3 1220/1748/3 1218/1745/3
f 1223/1749/965 1224/1750/965 1228/1751/965
f 1224/1752/966 1223/1753/966 1225/1754/966
f 1226/1755/3 1225/1756/3 1223/1757/3
f 1223/1757/3 1227/1758/3 1226/1755/3
f 1228/1751/965 1227/1759/965 1223/1749/965
f 1227/1760/967 1228/1761/967 1229/1762/967
f 1226/1763/968 1229/1764/968 1230/1765/968
f 1229/1762/967 1226/1766/967 1227/1760/967
f 1230/1765/968 1225/1767/968 1226/1763/968
f 1225/1754/966 1230/1768/966 1224/1752/966
f 1231/1769/969 1232/1770/969 1234/1771/969
f 1232/1770/970 1231/1772/970 1233/1773/970
f 1234/1771/969 1235/1774/969 1231/1769/969
f 1236/1775/971 1237/1776/971 1235/1777/971
f 1235/1777/971 1234/1771/971 1236/1775/971
f 1238/1778/972 1233/1779/972 1237/1780/972
f 1237/1780/972 1236/1775/972 1238/1778/972
f 1233/1773/970 1238/1778/970 1232/1770/970
f 1234/1771/973 1232/1770/973 1238/1778/973
f 1238/1778/973 1236/1775/973 1234/1771/973
f 1239/1781/974 1240/1782/974 1244/1783/974
f 1240/1784/975 1239/1781/975 1241/1785/975
f 1242/1786/976 1241/1785/976 1239/1781/976
f 1239/1781/976 1243/1787/976 1242/1786/976
f 1244/1783/977 1243/1787/977 1239/1781/977
f 1243/1787/978 1244/1788/978 1245/1789/978
f 1242/1786/979 1245/1790/979 1246/1791/979
f 1245/1789/978 1242/1786/978 1243/1787/978
f 1246/1791/980 1241/1785/980 1242/1786/980
f 1241/1785/975 1246/1792/975 1240/1784/975
f 1250/1793/981 1247/1794/981 1248/1795/981
f 1248/1795/982 1247/1794/983 1249/1796/983
f 1253/1797/984 1249/1796/985 1247/1794/984
f 1247/1794/984 1250/1793/984 1251/1798/984
f 1251/1798/984 1252/1799/984 1247/1794/984
f 1247/1794/984 1252/1799/984 1253/1797/984
f 1249/1796/986 1253/1797/986 1255/1800/986
f 1253/1801/987 1254/1802/987 1256/1803/987
f 1253/1801/987 1252/1804/987 1254/1802/987
f 1256/1803/987 1255/1800/987 1253/1801/987
f 1255/1800/982 1256/1803/982 1257/1805/982
f 1249/1796/983 1255/1800/983 1257/1805/982
f 1249/1796/983 1257/1805/982 1248/1795/982
f 1248/1795/988 1257/1805/988 1258/1806/988
f 1258/1806/988 1250/1807/988 1248/1795/988
f 1251/1808/988 1250/1807/988 1258/1806/988
f 1260/1809/989 1259/1810/989 1261/1811/989
f 1262/1812/990 1261/1811/990 1259/1813/990
f 1259/1813/990 1263/1814/991 1262/1812/990
f 1264/1815/992 1262/1812/992 1263/1816/992
f 1263/1816/992 1265/1817/992 1264/1815/992
f 1266/1818/993 1264/1815/993 1265/1819/994
f 1265/1819/994 1260/1820/995 1266/1818/993
f 1266/1818/996 1261/1811/997 1262/1812/996
f 1261/1811/989 1266/1818/989 1260/1809/989
f 1262/1812/996 1264/1815/996 1266/1818/996
f 1267/1821/998 1268/1822/999 1270/1823/1000
f 1268/1822/1001 1267/1821/1001 1269/1824/1002
f 1272/1825/1003 1269/1826/1003 1267/1821/1003
f 1270/1823/1000 1271/1827/1004 1267/1821/998
f 1267/1821/1003 1271/1827/1003 1272/1825/1003
f 1273/1828/1005 1272/1829/1006 1271/1827/1007
f 1271/1827/1007 1270/1823/1008 1273/1828/1005
f 1274/1830/1009 1273/1831/1009 1270/1823/1009
f 1269/1824/1002 1274/1832/1001 1268/1822/1001
f 1270/1823/1009 1268/1822/1009 1274/1830/1009
f 1275/1833/1010 1276/1834/1010 1280/1835/1010
f 1276/1836/1011 1275/1837/1011 1277/1838/1011
f 1278/1839/3 1277/1840/3 1275/1841/3
f 1275/1841/3 1279/1842/3 1278/1839/3
f 1280/1835/1010 1279/1843/1010 1275/1833/1010
f 1279/1844/1012 1280/1845/1012 1281/1846/1012
f 1281/1846/1012 1278/1847/1012 1279/1844/1012
f 1278/1848/1013 1281/1849/1013 1282/1850/1013
f 1282/1850/1013 1277/1851/1013 1278/1848/1013
f 1277/1838/1011 1282/1852/1011 1276/1836/1011
f 1283/1853/1014 1284/1854/1014 1288/1855/1014
f 1284/1856/1015 1283/1853/1015 1285/1857/1015
f 1286/1858/1016 1285/1857/1016 1283/1853/1016
f 1283/1853/1016 1287/1859/1016 1286/1858/1016
f 1288/1855/1014 1287/1859/1014 1283/1853/1014
f 1287/1859/1017 1288/1860/1017 1289/1861/1017
f 1286/1858/1018 1289/1862/1018 1290/1863/1018
f 1289/1861/1019 1286/1858/1019 1287/1859/1019
f 1285/1857/1015 1290/1864/1015 1284/1856/1015
f 1290/1863/1018 1285/1857/1018 1286/1858/1018
f 1292/1865/927 1291/1866/927 1293/1867/927
f 1294/1868/929 1293/1867/929 1291/1869/929
f 1291/1869/929 1295/1870/929 1294/1868/929
f 1296/1871/930 1294/1868/930 1295/1872/930
f 1295/1872/930 1297/1873/930 1296/1871/930
f 1297/1874/932 1292/1875/932 1298/1876/932
f 1298/1876/932 1296/1871/932 1297/1874/932
f 1298/1876/1020 1293/1867/1020 1294/1868/933
f 1293/1867/927 1298/1876/927 1292/1865/927
f 1294/1868/933 1296/1871/933 1298/1876/1020
f 1299/1877/1021 1300/1878/1021 1302/1879/1021
f 1300/1878/1022 1299/1880/1022 1301/1881/1022
f 1302/1879/1021 1303/1882/1021 1299/1877/1021
f 1304/1883/1023 1305/1884/1023 1303/1885/1023
f 1303/1885/1023 1302/1879/1023 1304/1883/1023
f 1306/1886/1024 1301/1887/1024 1305/1888/1024
f 1305/1888/1024 1304/1883/1024 1306/1886/1024
f 1301/1881/1022 1306/1886/1022 1300/1878/1022
f 1302/1879/3 1300/1878/3 1306/1886/3
f 1306/1886/3 1304/1883/3 1302/1879/3
f 1307/1889/1025 1308/1890/1025 1310/1891/1025
f 1308/1890/1026 1307/1892/1026 1309/1893/1026
f 1310/1891/1025 1311/1894/1025 1307/1889/1025
f 1312/1895/1027 1313/1896/1027 1311/1897/1027
f 1311/1897/1027 1310/1891/1027 1312/1895/1027
f 1314/1898/1028 1309/1899/1028 1313/1900/1028
f 1313/1900/1028 1312/1895/1028 1314/1898/1028
f 1309/1893/1029 1314/1898/1029 1308/1890/1029
f 1310/1891/1030 1308/1890/1030 1314/1898/1030
f 1314/1898/1030 1312/1895/1030 1310/1891/1030
f 1315/1901/1031 1316/1902/1031 1318/1903/1031
f 1316/1902/1032 1315/1901/1032 1317/1904/1032
f 1318/1903/1033 1319/1905/1033 1315/1901/1033
f 1319/1906/1034 1318/1907/1034 1320/1908/1034
f 1320/1908/1034 1321/1909/1034 1319/1906/1034
f 1322/1910/1035 1317/1904/1035 1321/1909/1035
f 1321/1909/1036 1320/1908/1036 1322/1910/1036
f 1317/1904/1032 1322/1910/1032 1316/1902/1032
f 1318/1903/1037 1316/1902/1038 1322/1911/1039
f 1322/1911/1039 1320/1912/1040 1318/1903/1037
f 1323/1913/1041 1324/1914/1041 1328/1915/1041
f 1324/1916/1042 1323/1917/1042 1325/1918/1042
f 1326/1919/1043 1325/1920/1043 1323/1921/1043
f 1323/1921/1043 1327/1922/1043 1326/1919/1043
f 1328/1915/1044 1327/1923/1044 1323/1913/1044
f 1327/1924/1045 1328/1925/1045 1329/1926/1045
f 1326/1927/1046 1329/1928/1046 1330/1929/1046
f 1329/1926/1045 1326/1930/1045 1327/1924/1045
f 1330/1929/1047 1325/1931/1047 1326/1927/1047
f 1325/1918/1042 1330/1932/1042 1324/1916/1042
f 1331/1933/1048 1332/1934/1048 1334/1935/1048
f 1332/1934/1049 1331/1933/1049 1333/1936/1049
f 1334/1935/1050 1335/1937/1050 1331/1933/1050
f 1335/1938/1051 1334/1939/1051 1336/1940/1051
f 1336/1940/1051 1337/1941/1051 1335/1938/1051
f 1338/1942/1052 1333/1936/1052 1337/1941/1052
f 1337/1941/1053 1336/1940/1053 1338/1942/1053
f 1333/1936/1054 1338/1942/1054 1332/1934/1054
f 1334/1935/1055 1332/1934/1056 1338/1943/1057
f 1338/1943/1057 1336/1944/1058 1334/1935/1055
f 1339/1945/1059 1340/1946/1059 1344/1947/1059
f 1340/1948/1060 1339/1949/1060 1341/1950/1060
f 1342/1951/1061 1341/1952/1062 1339/1953/1062
f 1339/1953/1062 1343/1954/1061 1342/1951/1061
f 1344/1947/1059 1343/1955/1059 1339/1945/1059
f 1343/1956/1063 1344/1957/1063 1345/1958/1063
f 1342/1959/1064 1345/1960/1064 1346/1961/1064
f 1345/1958/1063 1342/1962/1063 1343/1956/1063
f 1346/1961/1064 1341/1963/1064 1342/1959/1064
f 1341/1950/1060 1346/1964/1060 1340/1948/1060
f 1348/1965/1065 1347/1966/1065 1349/1967/1065
f 1349/1967/1065 1350/1968/1065 1348/1965/1065
f 1350/1969/1066 1349/1970/1066 1351/1971/1066
f 1351/1971/1066 1352/1972/1066 1350/1969/1066
f 1352/1973/1067 1351/1974/1067 1353/1975/1067
f 1353/1975/1067 1354/1976/1067 1352/1973/1067
f 1350/1977/1068 1352/1978/1068 1354/1979/1068
f 1354/1979/1068 1348/1980/1068 1350/1977/1068
f 1356/1981/1069 1355/1982/1069 1357/1983/1069
f 1358/1984/1070 1357/1983/1070 1355/1985/1070
f 1355/1985/1070 1359/1986/1070 1358/1984/1070
f 1360/1987/1071 1358/1984/1071 1359/1988/1071
f 1359/1988/1071 1361/1989/1071 1360/1987/1071
f 1361/1990/1072 1356/1991/1072 1362/1992/1072
f 1362/1992/1072 1360/1987/1072 1361/1990/1072
f 1362/1992/1073 1357/1983/1073 1358/1984/1073
f 1357/1983/1069 1362/1992/1069 1356/1981/1069
f 1358/1984/1073 1360/1987/1073 1362/1992/1073
f 1363/1993/3 1364/1994/3 1369/1995/3
f 1364/1994/3 1363/1993/3 1365/1996/3
f 1366/1997/3 1365/1996/3 1363/1993/3
f 1363/1993/3 1367/1998/3 1366/1997/3
f 1367/1998/3 1363/1993/3 1368/1999/3
f 1369/1995/3 1368/1999/3 1363/1993/3
f 1368/1999/3 1369/1995/3 1370/2000/3
f 1370/2000/3 1371/2001/3 1368/1999/3
f 1371/2001/3 1370/2000/3 1372/2002/3
f 1372/2002/3 1373/2003/3 1371/2001/3
f 1374/2004/3 1371/2001/3 1373/2003/3
f 1373/2003/3 1375/2005/3 1374/2004/3
f 1376/2006/3 1374/2004/3 1375/2005/3
f 1375/2005/3 1377/2007/3 1376/2006/3
f 1377/2007/3 1378/2008/3 1380/2009/3
f 1378/2008/3 1377/2007/3 1379/2010/3
f 1380/2009/3 1376/2006/3 1377/2007/3
f 1376/2006/3 1380/2009/3 1381/2011/3
f 1381/2011/3 1382/2012/3 1376/2006/3
f 1382/2012/3 1381/2011/3 1383/2013/3
f 1385/2014/3 1383/2013/3 1384/2015/3
f 1383/2013/3 1385/2014/3 1382/2012/3
f 1384/2015/3 1386/2016/3 1385/2014/3
f 1385/2014/3 1367/1998/3 1387/2017/3
f 1367/1998/3 1385/2014/3 1386/2016/3
f 1387/2017/3 1382/2012/3 1385/2014/3
f 1371/2001/3 1374/2004/3 1387/2017/3
f 1387/2017/3 1368/1999/3 1371/2001/3
f 1382/2012/3 1387/2017/3 1374/2004/3
f 1368/1999/3 1387/2017/3 1367/1998/3
f 1386/2016/3 1384/2015/3 1389/2018/3
f 1389/2018/3 1388/2019/3 1386/2016/3
f 1386/2016/3 1366/1997/3 1367/1998/3
f 1388/2019/3 1389/2018/3 1390/2020/3
f 1389/2018/3 1393/2021/3 1390/2020/3
f 1391/2022/3 1394/2023/3 1389/2018/3
f 1391/2022/3 1389/2018/3 1384/2015/3
f 1392/2024/3 1393/2021/3 1389/2018/3
f 1389/2018/3 1394/2023/3 1392/2024/3
f 1393/2021/3 1392/2024/3 1396/2025/3
f 1390/2020/3 1393/2021/3 1395/2026/3
f 1396/2025/3 1395/2026/3 1393/2021/3
f 1392/2024/3 1397/2027/3 1396/2025/3
f 1398/2028/3 1397/2027/3 1392/2024/3
f 1400/2029/3 1398/2028/3 1399/2030/3
f 1392/2024/3 1399/2030/3 1398/2028/3
f 1399/2030/3 1402/2031/3 1400/2029/3
f 1401/2032/3 1400/2029/3 1402/2031/3
f 1402/2031/3 1403/2033/3 1401/2032/3
f 1404/2034/3 1401/2032/3 1403/2033/3
f 1403/2033/3 1405/2035/3 1404/2034/3
f 1395/2026/3 1406/2036/3 1390/2020/3
f 1407/2037/3 1390/2020/3 1406/2036/3
f 1406/2036/3 1408/2038/3 1407/2037/3
f 1390/2020/3 1407/2037/3 1388/2019/3
f 1374/2004/3 1376/2006/3 1382/2012/3
f 1379/2010/3 1409/2039/3 1378/2008/3
f 1409/2039/3 1379/2010/3 1410/2040/3
f 1410/2040/3 1411/2041/3 1409/2039/3
f 1411/2041/3 1410/2040/3 1412/2042/3
f 1412/2042/3 1413/2043/3 1411/2041/3
f 1414/2044/3 1411/2041/3 1413/2043/3
f 1413/2043/3 1415/2045/3 1414/2044/3
f 1416/2046/3 1414/2044/3 1415/2045/3
f 1416/2046/3 1417/2047/3 1414/2044/3
f 1418/2048/3 1417/2047/3 1416/2046/3
f 1418/2048/3 1419/2049/3 1420/2050/3
f 1420/2050/3 1417/2047/3 1418/2048/3
f 1421/2051/3 1420/2050/3 1419/2049/3
f 1422/2052/3 1421/2051/3 1423/2053/3
f 1419/2049/3 1423/2053/3 1421/2051/3
f 1423/2053/3 1424/2054/3 1422/2052/3
f 1425/2055/3 1422/2052/3 1424/2054/3
f 1424/2054/3 1426/2056/3 1425/2055/3
f 1414/2044/3 1417/2047/3 1427/2057/3
f 1427/2057/3 1409/2039/3 1414/2044/3
f 1427/2057/3 1428/2058/3 1409/2039/3
f 1409/2039/3 1428/2058/3 1378/2008/3
f 1414/2044/3 1409/2039/3 1411/2041/3
f 1365/1996/3 1429/2059/3 1364/1994/3
f 1431/2060/1074 1430/2061/1074 1432/2062/1075
f 1433/2063/1076 1432/2062/1076 1430/2064/1076
f 1430/2064/1076 1434/2065/1076 1433/2063/1076
f 1434/2066/1077 1435/2067/1077 1436/2068/1078
f 1436/2068/1078 1433/2063/1078 1434/2066/1077
f 1437/2069/1079 1436/2068/1079 1435/2070/1079
f 1433/2063/1080 1436/2068/1080 1437/2069/1080
f 1437/2069/1080 1432/2062/1080 1433/2063/1080
f 1432/2062/1075 1437/2069/1075 1431/2060/1074
f 1435/2070/1079 1431/2071/1079 1437/2069/1079
f 1438/2072/77 1439/2073/77 1443/2074/77
f 1439/2075/78 1438/2072/78 1440/2076/78
f 1441/2077/454 1440/2076/454 1438/2072/454
f 1438/2072/454 1442/2078/454 1441/2077/454
f 1443/2074/77 1442/2078/77 1438/2072/77
f 1442/2078/1081 1443/2079/1081 1444/2080/1081
f 1441/2077/80 1444/2081/80 1445/2082/80
f 1444/2080/1082 1441/2077/1082 1442/2078/1082
f 1440/2076/78 1445/2083/78 1439/2075/78
f 1445/2082/80 1440/2076/80 1441/2077/80
f 1446/2084/1083 1447/2085/1083 1449/2086/1083
f 1447/2087/1084 1446/2088/1084 1448/2089/1084
f 1449/2086/1083 1450/2090/1083 1446/2084/1083
f 1451/2091/1085 1452/2092/1085 1450/2093/1085
f 1450/2093/1085 1449/2094/1085 1451/2091/1085
f 1453/2095/1086 1448/2096/1086 1452/2097/1086
f 1452/2097/1086 1451/2098/1086 1453/2095/1086
f 1449/2099/3 1447/2100/3 1453/2101/3
f 1448/2089/1084 1453/2102/1084 1447/2087/1084
f 1453/2101/3 1451/2103/3 1449/2099/3
f 1454/2104/1087 1455/2105/1087 1459/2106/1087
f 1455/2107/1088 1454/2108/1088 1456/2109/1088
f 1457/2110/1089 1456/2111/1090 1454/2112/1090
f 1454/2112/1090 1458/2113/1091 1457/2110/1089
f 1459/2106/1092 1458/2114/1087 1454/2104/1087
f 1458/2115/1093 1459/2116/1093 1460/2117/1093
f 1460/2118/1094 1464/2119/1095 1461/2120/1096
f 1460/2117/1094 1461/2121/1096 1458/2115/1093
f 1464/2119/1097 1460/2118/1098 1462/2122/1097
f 1462/2123/1099 1460/2124/1099 1463/2125/1099
f 1462/2122/1097 1466/2126/1097 1464/2119/1097
f 1465/2127/1100 1461/2128/1100 1464/2129/1100
f 1464/2129/1100 1466/2130/1101 1465/2127/1100
f 1465/2131/1102 1466/2132/1103 1462/2133/1103
f 1461/2134/1104 1465/2135/1104 1467/2136/1104
f 1462/2133/1103 1467/2137/1102 1465/2131/1102
f 1458/2138/3 1461/2139/3 1467/2140/3
f 1467/2141/1105 1463/2142/1105 1468/2143/1105
f 1463/2125/1106 1467/2144/1106 1462/2123/1106
f 1468/2143/1105 1457/2145/1105 1467/2141/1105
f 1467/2140/3 1457/2146/3 1458/2138/3
f 1457/2147/1107 1468/2148/1107 1469/2149/1107
f 1456/2109/1088 1469/2150/1088 1455/2107/1088
f 1469/2149/1107 1456/2151/1107 1457/2147/1107
f 1474/2152/1108 1470/2153/1109 1471/2154/1110
f 1471/2154/1111 1470/2153/1112 1472/2155/1113
f 1472/2155/1114 1470/2153/1114 1473/2156/1114
f 1473/2157/1115 1470/2153/1115 1474/2152/1115
f 1471/2154/1110 1477/2158/1116 1474/2152/1108
f 1474/2152/1117 1475/2159/1117 1473/2157/1117
f 1476/2160/1118 1475/2159/1119 1474/2152/1118
f 1474/2152/1118 1477/2158/1118 1476/2160/1118
f 1476/2160/1120 1477/2158/1121 1471/2154/1122
f 1471/2154/1122 1478/2161/1123 1476/2160/1120
f 1476/2160/1124 1478/2161/1125 1479/2162/1126
f 1479/2162/1126 1475/2163/1127 1476/2160/1124
f 1472/2155/1113 1478/2161/1112 1471/2154/1111
f 1473/2156/1114 1480/2164/1114 1472/2155/1114
f 1482/2165/1128 1481/2166/1128 1483/2167/1128
f 1484/2168/1129 1483/2167/1129 1481/2169/1129
f 1481/2169/1129 1485/2170/1129 1484/2168/1129
f 1486/2171/1130 1484/2168/1130 1485/2172/1130
f 1485/2172/1130 1487/2173/1130 1486/2171/1130
f 1487/2174/1131 1482/2175/1132 1488/2176/1133
f 1488/2176/1133 1486/2171/1131 1487/2174/1131
f 1488/2176/1134 1483/2167/1134 1484/2168/1134
f 1483/2167/1128 1488/2176/1128 1482/2165/1128
f 1484/2168/1134 1486/2171/1134 1488/2176/1134
f 1489/2177/1135 1490/2178/1135 1494/2179/1135
f 1490/2180/1136 1489/2181/1136 1491/2182/1136
f 1492/2183/3 1491/2184/3 1489/2185/3
f 1489/2185/3 1493/2186/3 1492/2183/3
f 1494/2179/1135 1493/2187/1135 1489/2177/1135
f 1493/2188/1137 1494/2189/1137 1495/2190/1137
f 1492/2191/1138 1495/2192/1138 1496/2193/1138
f 1495/2190/1137 1492/2194/1137 1493/2188/1137
f 1496/2193/1138 1491/2195/1138 1492/2191/1138
f 1491/2182/1136 1496/2196/1136 1490/2180/1136
f 1497/2197/1139 1498/2198/1140 1502/2199/1141
f 1498/2198/1140 1497/2197/1139 1499/2200/161
f 1503/2201/1142 1499/2200/161 1497/2197/1139
f 1497/2197/1139 1500/2202/1143 1503/2201/1142
f 1500/2202/1143 1497/2197/1139 1501/2203/142
f 1502/2199/1141 1501/2203/142 1497/2197/1139
f 1504/2204/1144 1503/2205/1142 1506/2206/249
f 1499/2200/161 1503/2201/1142 1504/2207/1144
f 1505/2208/1145 1506/2206/249 1503/2205/1142
f 1503/2205/1142 1500/2209/1143 1505/2208/1145
f 1506/2206/249 1509/2210/249 1504/2204/1144
f 1506/2206/249 1505/2208/1145 1508/2211/1146
f 1509/2210/249 1506/2206/249 1507/2212/249
f 1508/2211/1146 1507/2212/249 1506/2206/249
f 1512/2213/1147 1504/2204/1144 1509/2210/249
f 1509/2210/249 1510/2214/1148 1512/2213/1147
f 1510/2214/1148 1509/2210/249 1511/2215/249
f 1507/2212/249 1511/2215/249 1509/2210/249
f 1514/2216/4 1512/2217/1147 1510/2218/1148
f 1513/2219/159 1504/2207/1144 1512/2217/1147
f 1512/2217/1147 1514/2216/4 1513/2219/159
f 1515/2220/1149 1514/2216/4 1516/2221/156
f 1514/2216/4 1515/2220/1149 1517/2222/1150
f 1517/2222/1150 1513/2219/159 1514/2216/4
f 1510/2218/1148 1516/2221/156 1514/2216/4
f 1520/2223/140 1517/2222/1150 1515/2220/1149
f 1517/2222/1150 1518/2224/1151 1499/2200/161
f 1499/2200/161 1513/2219/159 1517/2222/1150
f 1519/2225/140 1518/2224/1151 1517/2222/1150
f 1517/2222/1150 1520/2223/140 1519/2225/140
f 1515/2220/1149 1521/2226/140 1520/2223/140
f 1521/2226/140 1515/2220/1149 1522/2227/1152
f 1522/2227/1152 1523/2228/140 1521/2226/140
f 1523/2228/140 1522/2227/1152 1524/2229/1153
f 1524/2229/1153 1525/2230/140 1523/2228/140
f 1526/2231/1154 1527/2232/140 1525/2230/140
f 1525/2230/140 1524/2229/1153 1526/2231/1154
f 1527/2232/140 1526/2231/1154 1529/2233/1155
f 1529/2233/1155 1528/2234/140 1527/2232/140
f 1530/2235/148 1531/2236/1156 1529/2233/1155
f 1529/2233/1155 1532/2237/149 1530/2235/148
f 1528/2234/140 1529/2233/1155 1531/2236/1156
f 1532/2237/149 1529/2233/1155 1526/2231/1154
f 1534/2238/1157 1530/2235/148 1532/2237/149
f 1535/2239/1158 1532/2237/149 1533/2240/152
f 1526/2231/1154 1533/2240/152 1532/2237/149
f 1532/2237/149 1535/2239/1158 1534/2238/1157
f 1534/2241/1157 1535/2242/1158 1511/2215/249
f 1535/2242/1158 1537/2243/1159 1536/2244/1160
f 1536/2244/1160 1511/2215/249 1535/2242/1158
f 1533/2240/152 1537/2245/1159 1535/2239/1158
f 1538/2246/153 1536/2247/1160 1537/2245/1159
f 1537/2245/1159 1533/2240/152 1538/2246/153
f 1538/2246/153 1524/2229/1153 1522/2227/1152
f 1522/2227/1152 1516/2221/156 1538/2246/153
f 1536/2247/1160 1538/2246/153 1516/2221/156
f 1524/2229/1153 1538/2246/153 1533/2240/152
f 1516/2221/156 1510/2218/1148 1536/2247/1160
f 1511/2215/249 1536/2244/1160 1510/2214/1148
f 1530/2235/148 1534/2238/1157 1539/2248/1161
f 1539/2249/1161 1534/2241/1157 1507/2212/249
f 1511/2215/249 1507/2212/249 1534/2241/1157
f 1539/2248/1161 1540/2250/3 1530/2235/148
f 1540/2251/3 1539/2249/1161 1508/2211/1146
f 1507/2212/249 1508/2211/1146 1539/2249/1161
f 1531/2236/1156 1530/2235/148 1540/2250/3
f 1540/2250/3 1541/2252/1162 1531/2236/1156
f 1541/2253/1162 1540/2251/3 1542/2254/145
f 1508/2211/1146 1542/2254/145 1540/2251/3
f 1542/2254/145 1543/2255/1163 1541/2253/1162
f 1543/2255/1163 1542/2254/145 1501/2203/142
f 1505/2256/1145 1501/2203/142 1542/2254/145
f 1542/2254/145 1508/2211/1146 1505/2256/1145
f 1543/2255/1163 1545/2257/140 1544/2258/140
f 1544/2258/140 1541/2253/1162 1543/2255/1163
f 1545/2257/140 1543/2255/1163 1502/2199/1141
f 1501/2203/142 1502/2199/1141 1543/2255/1163
f 1502/2199/1141 1546/2259/140 1545/2257/140
f 1498/2198/1140 1547/2260/140 1546/2259/140
f 1546/2259/140 1502/2199/1141 1498/2198/1140
f 1518/2224/1151 1519/2225/140 1547/2260/140
f 1547/2260/140 1498/2198/1140 1518/2224/1151
f 1541/2252/1162 1544/2261/140 1548/2262/140
f 1548/2262/140 1531/2236/1156 1541/2252/1162
f 1531/2236/1156 1548/2262/140 1528/2234/140
f 1533/2240/152 1526/2231/1154 1524/2229/1153
f 1516/2221/156 1522/2227/1152 1515/2220/1149
f 1499/2200/161 1518/2224/1151 1498/2198/1140
f 1504/2207/1144 1513/2219/159 1499/2200/161
f 1501/2203/142 1505/2256/1145 1500/2202/1143
f 1549/2263/1164 1550/2264/1140 1554/2265/1141
f 1550/2266/1140 1549/2267/1164 1551/2268/1165
f 1552/2269/1166 1551/2270/1165 1549/2271/1164
f 1549/2271/1164 1553/2272/1167 1552/2269/1166
f 1553/2273/1167 1549/2274/1164 1555/2275/1168
f 1554/2265/1141 1555/2276/1168 1549/2263/1164
f 1558/2277/1169 1555/2278/1168 1556/2279/1170
f 1557/2280/1171 1556/2281/1170 1555/2282/1168
f 1555/2282/1168 1554/2283/1141 1557/2280/1171
f 1555/2275/1168 1558/2284/1169 1553/2273/1167
f 1556/2279/1170 1559/2285/1172 1558/2277/1169
f 1559/2286/1172 1556/2287/1170 1561/2288/423
f 1561/2288/423 1560/2289/1173 1559/2286/1172
f 1564/2290/1174 1561/2291/423 1556/2292/1170
f 1560/2293/1173 1561/2294/423 1562/2295/1175
f 1563/2296/1176 1562/2297/1175 1561/2298/423
f 1561/2298/423 1564/2299/1174 1563/2296/1176
f 1556/2292/1170 1557/2300/1171 1564/2290/1174
f 1565/506/140 1564/506/1174 1557/506/1171
f 1566/506/140 1563/506/1176 1564/506/1174
f 1564/506/1174 1565/506/140 1566/506/140
f 1563/506/1176 1566/506/140 1567/506/140
f 1567/506/140 1569/506/1155 1563/506/1176
f 1569/506/1155 1567/506/140 1568/506/140
f 1562/2301/1175 1563/2302/1176 1569/2303/1155
f 1569/2303/1155 1570/2304/1177 1562/2301/1175
f 1570/2305/1177 1569/2306/1155 1571/2307/1178
f 1568/506/140 1571/506/1178 1569/506/1155
f 1572/2308/1179 1571/2309/1178 1574/2310/1180
f 1571/2307/1178 1572/2311/1179 1570/2305/1177
f 1571/506/1178 1568/506/140 1573/506/140
f 1573/506/140 1574/506/1180 1571/506/1178
f 1574/2310/1180 1575/2312/1181 1572/2308/1179
f 1574/506/1180 1573/506/140 1577/506/140
f 1575/2313/1181 1574/2314/1180 1576/2315/1152
f 1577/506/140 1576/506/1152 1574/506/1180
f 1576/506/1152 1577/506/140 1578/506/140
f 1579/506/1182 1578/506/140 1580/506/140
f 1578/506/140 1579/506/1182 1576/506/1152
f 1580/506/140 1581/506/1150 1579/506/1182
f 1581/506/1150 1580/506/140 1582/506/140
f 1582/506/140 1584/506/1151 1581/506/1150
f 1584/506/1151 1582/506/140 1583/506/140
f 1581/2316/1150 1584/2317/1151 1551/2318/1165
f 1551/2268/1165 1584/2319/1151 1550/2266/1140
f 1583/506/140 1550/506/1140 1584/506/1151
f 1550/506/1140 1583/506/140 1585/506/140
f 1585/506/140 1554/506/1141 1550/506/1140
f 1554/506/1141 1585/506/140 1586/506/140
f 1557/506/1171 1586/506/140 1565/506/140
f 1586/506/140 1557/506/1171 1554/506/1141
f 1587/2320/1183 1579/2321/1182 1581/2322/1150
f 1581/2322/1150 1588/2323/1184 1587/2320/1183
f 1551/2318/1165 1588/2324/1184 1581/2316/1150
f 1589/2325/1185 1587/2326/1183 1588/2327/1184
f 1588/2327/1184 1590/2328/1186 1589/2325/1185
f 1590/2329/1186 1588/2330/1184 1551/2331/1165
f 1551/2331/1165 1552/2332/1166 1590/2329/1186
f 1587/2333/1183 1589/2334/1185 1591/2335/1187
f 1593/2336/1188 1591/2337/1187 1592/2338/1189
f 1591/2335/1187 1593/2339/1188 1587/2333/1183
f 1593/2340/1188 1576/2341/1152 1579/2342/1182
f 1579/2342/1182 1587/2343/1183 1593/2340/1188
f 1576/2315/1152 1593/2344/1188 1575/2313/1181
f 1592/2338/1189 1575/2345/1181 1593/2336/1188
f 1575/2346/1181 1592/2347/1189 1594/2348/1190
f 1594/2348/1190 1572/2349/1179 1575/2346/1181
f 1572/2350/1179 1594/2351/1190 1595/2352/1191
f 1595/2352/1191 1570/2353/1177 1572/2350/1179
f 1570/2354/1177 1595/2355/1191 1596/2356/1192
f 1562/2295/1175 1596/2357/1192 1560/2293/1173
f 1596/2356/1192 1562/2358/1175 1570/2354/1177
f 1598/2359/1193 1597/2360/1193 1599/2361/1193
f 1600/2362/1194 1599/2361/1194 1597/2363/1194
f 1597/2363/1194 1601/2364/1194 1600/2362/1194
f 1602/2365/1195 1600/2362/1195 1601/2366/1195
f 1601/2366/1195 1603/2367/1195 1602/2365/1195
f 1600/2362/1196 1602/2365/1196 1604/2368/1196
f 1604/2368/1196 1599/2361/1196 1600/2362/1196
f 1599/2361/1193 1604/2368/1193 1598/2359/1193
f 1606/2369/1197 1605/2370/1197 1607/2371/1197
f 1608/2372/1198 1607/2371/1199 1605/2373/1199
f 1605/2373/1199 1609/2374/1198 1608/2372/1198
f 1610/2375/1200 1608/2372/1200 1609/2376/1200
f 1609/2376/1200 1611/2377/1200 1610/2375/1200
f 1611/2378/1201 1606/2379/1201 1612/2380/1201
f 1612/2380/1201 1610/2375/1201 1611/2378/1201
f 1612/2380/1202 1607/2371/1202 1608/2372/1202
f 1607/2371/1197 1612/2380/1197 1606/2369/1197
f 1608/2372/1202 1610/2375/1202 1612/2380/1202
f 1613/2381/1203 1614/2382/1203 1618/2383/1203
f 1614/2384/1204 1613/2381/1204 1615/2385/1204
f 1616/2386/1205 1615/2385/1205 1613/2381/1205
f 1613/2381/1205 1617/2387/1205 1616/2386/1205
f 1618/2383/1206 1617/2387/1206 1613/2381/1206
f 1617/2387/1207 1618/2388/1207 1619/2389/1207
f 1619/2389/1207 1616/2386/1207 1617/2387/1207
f 1616/2386/1208 1619/2390/1208 1620/2391/1208
f 1620/2391/1209 1615/2385/1209 1616/2386/1209
f 1615/2385/1204 1620/2392/1204 1614/2384/1204
f 1622/2393/1210 1621/2394/1210 1623/2395/1210
f 1624/2396/1211 1623/2395/1211 1621/2397/1211
f 1621/2397/1211 1625/2398/1211 1624/2396/1211
f 1624/2396/1212 1627/2399/1212 1626/2400/1212
f 1626/2400/1212 1623/2395/1212 1624/2396/1212
f 1626/2400/1213 1627/2399/1213 1628/2401/1213
f 1628/2401/1213 1622/2402/1213 1626/2400/1213
f 1623/2395/1210 1626/2400/1210 1622/2393/1210
f 1630/2403/1214 1629/2404/1215 1631/2405/1214
f 1632/2406/1216 1631/2405/1216 1629/2407/1216
f 1629/2407/1216 1633/2408/1216 1632/2406/1216
f 1634/2409/1217 1632/2406/1217 1633/2410/1217
f 1633/2410/1217 1635/2411/1217 1634/2409/1217
f 1635/2412/1218 1630/2413/1218 1636/2414/1218
f 1636/2414/1218 1634/2409/1218 1635/2412/1218
f 1636/2414/1219 1631/2405/1219 1632/2406/1219
f 1631/2405/1214 1636/2414/1214 1630/2403/1214
f 1632/2406/1219 1634/2409/1219 1636/2414/1219
f 1637/2415/1220 1638/2416/1220 1640/2417/1220
f 1638/2418/1221 1637/2419/1221 1639/2420/1221
f 1640/2417/1220 1641/2421/1220 1637/2415/1220
f 1642/2422/1222 1643/2423/1222 1641/2424/1222
f 1641/2424/1222 1640/2425/1222 1642/2422/1222
f 1644/2426/1223 1639/2427/1223 1643/2428/1223
f 1643/2428/1223 1642/2429/1223 1644/2426/1223
f 1639/2420/1221 1644/2430/1221 1638/2418/1221
f 1640/2431/3 1638/2432/3 1644/2433/3
f 1644/2433/3 1642/2434/3 1640/2431/3
f 1646/2435/1224 1645/2436/1224 1647/2437/1225
f 1648/2438/1226 1647/2437/1226 1645/2439/1226
f 1645/2439/1226 1649/2440/1226 1648/2438/1226
f 1650/2441/1227 1648/2438/1227 1649/2442/1227
f 1649/2442/1228 1651/2443/1228 1650/2441/1228
f 1648/2438/1229 1650/2441/1229 1652/2444/1229
f 1652/2444/1230 1647/2437/1230 1648/2438/1230
f 1647/2437/1225 1652/2444/1225 1646/2435/1224
f 1654/2445/1231 1653/2446/1231 1655/2447/1231
f 1656/2448/1232 1655/2447/1232 1653/2449/1232
f 1653/2449/1232 1657/2450/1232 1656/2448/1232
f 1658/2451/1233 1656/2448/1233 1657/2452/1233
f 1657/2452/1233 1659/2453/1233 1658/2451/1233
f 1659/2454/1234 1654/2455/1234 1660/2456/1234
f 1660/2456/1234 1658/2451/1234 1659/2454/1234
f 1660/2456/1235 1655/2447/1235 1656/2448/1236
f 1655/2447/1231 1660/2456/1231 1654/2445/1231
f 1656/2448/1236 1658/2451/1236 1660/2456/1235
f 1661/2457/77 1662/2458/77 1666/2459/77
f 1662/2460/78 1661/2457/78 1663/2461/78
f 1664/2462/454 1663/2461/454 1661/2457/454
f 1661/2457/454 1665/2463/454 1664/2462/454
f 1666/2459/77 1665/2463/77 1661/2457/77
f 1665/2463/79 1666/2464/79 1667/2465/79
f 1664/2462/80 1667/2466/80 1668/2467/80
f 1667/2465/79 1664/2462/79 1665/2463/79
f 1668/2467/80 1663/2461/80 1664/2462/80
f 1663/2461/78 1668/2468/78 1662/2460/78
f 1669/2469/1237 1670/2470/1237 1674/2471/1237
f 1670/2472/1238 1669/2473/1238 1671/2474/1238
f 1672/2475/3 1671/2476/3 1669/2477/3
f 1669/2477/3 1673/2478/3 1672/2475/3
f 1674/2471/1237 1673/2479/1237 1669/2469/1237
f 1673/2480/1239 1674/2481/1239 1675/2482/1239
f 1672/2483/1240 1675/2484/1240 1676/2485/1240
f 1675/2482/1239 1672/2486/1239 1673/2480/1239
f 1676/2485/1240 1671/2487/1240 1672/2483/1240
f 1671/2474/1238 1676/2488/1238 1670/2472/1238
f 1677/2489/1241 1678/2490/1241 1680/2491/1241
f 1678/2490/1242 1677/2489/1242 1679/2492/1242
f 1682/2493/1243 1679/2494/1243 1677/2489/1243
f 1680/2491/1241 1681/2495/1241 1677/2489/1241
f 1677/2489/1243 1681/2495/1243 1682/2493/1243
f 1683/2496/1244 1682/2497/1244 1681/2495/1244
f 1684/2498/1245 1683/2499/1245 1680/2491/1245
f 1681/2495/1244 1680/2491/1244 1683/2496/1244
f 1679/2492/1242 1684/2500/1242 1678/2490/1242
f 1680/2491/1245 1678/2490/1245 1684/2498/1245
f 1685/2501/1246 1686/2502/1246 1688/2503/1246
f 1686/2504/1247 1685/2505/1247 1687/2506/1247
f 1688/2503/1246 1689/2507/1246 1685/2501/1246
f 1690/2508/1248 1691/2509/1248 1689/2510/1248
f 1689/2510/1248 1688/2511/1248 1690/2508/1248
f 1692/2512/1249 1687/2513/1249 1691/2514/1249
f 1691/2514/1249 1690/2515/1249 1692/2512/1249
f 1687/2506/1247 1692/2516/1247 1686/2504/1247
f 1688/2517/1250 1686/2518/1250 1692/2519/1250
f 1692/2519/1250 1690/2520/1250 1688/2517/1250
f 1693/2521/1251 1694/2522/1252 1696/2523/1251
f 1694/2522/1253 1693/2521/1253 1695/2524/1253
f 1696/2523/1254 1697/2525/1254 1693/2521/1254
f 1697/2526/1255 1696/2527/1255 1698/2528/1255
f 1698/2528/1255 1699/2529/1255 1697/2526/1255
f 1700/2530/1256 1695/2524/1256 1699/2529/1256
f 1699/2529/1257 1698/2528/1257 1700/2530/1257
f 1695/2524/1258 1700/2530/1258 1694/2522/1258
f 1696/2523/1259 1694/2522/1260 1700/2531/1261
f 1700/2531/1261 1698/2532/1262 1696/2523/1259
f 1701/2533/1263 1702/2534/1263 1704/2535/1263
f 1702/2536/1264 1701/2537/1264 1703/2538/1264
f 1704/2535/1263 1705/2539/1263 1701/2533/1263
f 1706/2540/1265 1707/2541/1265 1705/2542/1265
f 1705/2542/1265 1704/2543/1265 1706/2540/1265
f 1708/2544/1266 1703/2545/1266 1707/2546/1266
f 1707/2546/1266 1706/2547/1266 1708/2544/1266
f 1703/2538/1264 1708/2548/1264 1702/2536/1264
f 1704/2549/3 1702/2550/3 1708/2551/3
f 1708/2551/3 1706/2552/3 1704/2549/3
f 1710/2553/1267 1709/2554/1267 1711/2555/1267
f 1712/2556/1268 1711/2555/1268 1709/2557/1268
f 1709/2557/1268 1713/2558/1269 1712/2556/1268
f 1714/2559/1270 1712/2556/1270 1713/2560/1270
f 1713/2560/1270 1715/2561/1270 1714/2559/1270
f 1715/2562/1271 1710/2563/1271 1716/2564/1271
f 1716/2564/1271 1714/2559/1271 1715/2562/1271
f 1716/2564/1272 1711/2555/1272 1712/2556/1272
f 1711/2555/1267 1716/2564/1267 1710/2553/1267
f 1712/2556/1272 1714/2559/1272 1716/2564/1272
f 1718/2565/1273 1717/2566/1273 1719/2567/1273
f 1720/2568/1274 1719/2567/1274 1717/2566/1274
f 1717/2566/1274 1721/2569/1274 1720/2568/1274
f 1721/2569/1275 1722/2570/1275 1723/2571/1275
f 1723/2571/1275 1720/2568/1275 1721/2569/1275
f 1720/2568/1276 1723/2572/1276 1724/2573/1276
f 1724/2573/1276 1719/2567/1276 1720/2568/1276
f 1719/2567/1273 1724/2574/1273 1718/2565/1273
f 1726/2575/1277 1725/2576/1277 1727/2577/1277
f 1728/2578/1278 1727/2577/1278 1725/2579/1278
f 1725/2579/1278 1729/2580/1278 1728/2578/1278
f 1730/2581/1279 1728/2578/1279 1729/2582/1279
f 1729/2582/1279 1731/2583/1279 1730/2581/1279
f 1731/2584/1280 1726/2585/1280 1732/2586/1280
f 1732/2586/1280 1730/2581/1280 1731/2584/1280
f 1732/2586/1281 1727/2577/1281 1728/2578/1281
f 1727/2577/1277 1732/2586/1277 1726/2575/1277
f 1728/2578/1281 1730/2581/1281 1732/2586/1281
f 1733/2587/1282 1734/2588/140 1736/2589/140
f 1734/2588/140 1733/2587/1282 1735/2590/1283
f 1735/2590/1283 1733/2587/1282 1738/2591/142
f 1736/2589/140 1737/2592/143 1733/2587/1282
f 1738/2591/142 1733/2587/1282 1737/2592/143
f 1738/2591/142 1739/2593/144 1735/2590/1283
f 1737/2592/143 1740/2594/145 1738/2591/142
f 1741/2595/3 1740/2596/145 1737/2597/143
f 1737/2597/143 1744/2598/1284 1741/2595/3
f 1743/2599/147 1742/2600/148 1741/2595/3
f 1741/2595/3 1744/2598/1284 1743/2599/147
f 1744/2598/1284 1745/2601/140 1746/2602/140
f 1745/2601/140 1744/2598/1284 1737/2597/143
f 1746/2602/140 1743/2599/147 1744/2598/1284
f 1743/2599/147 1746/2602/140 1747/2603/140
f 1748/2604/1285 1747/2603/140 1749/2605/140
f 1747/2603/140 1748/2604/1285 1743/2599/147
f 1749/2605/140 1750/2606/151 1748/2604/1285
f 1750/2606/151 1749/2605/140 1751/2607/140
f 1752/2608/1286 1751/2607/140 1753/2609/140
f 1751/2607/140 1752/2608/1286 1750/2606/151
f 1753/2609/140 1754/2610/155 1752/2608/1286
f 1754/2610/155 1753/2609/140 1755/2611/140
f 1756/2612/1287 1755/2611/140 1757/2613/140
f 1755/2611/140 1756/2612/1287 1754/2610/155
f 1757/2613/140 1758/2614/158 1756/2612/1287
f 1758/2614/158 1757/2613/140 1759/2615/140
f 1759/2615/140 1761/2616/160 1758/2614/158
f 1761/2616/160 1759/2615/140 1760/2617/140
f 1762/2618/161 1761/2616/160 1735/2590/1283
f 1760/2617/140 1735/2590/1283 1761/2616/160
f 1758/2614/158 1761/2616/160 1762/2618/161
f 1762/2618/161 1763/2619/159 1758/2614/158
f 1735/2590/1283 1739/2593/144 1762/2618/161
f 1758/2614/158 1763/2619/159 1764/2620/4
f 1764/2620/4 1756/2612/1287 1758/2614/158
f 1754/2610/155 1756/2612/1287 1764/2620/4
f 1764/2620/4 1765/2621/156 1754/2610/155
f 1754/2610/155 1765/2621/156 1766/2622/153
f 1766/2622/153 1767/2623/152 1750/2606/151
f 1766/2622/153 1752/2608/1286 1754/2610/155
f 1750/2606/151 1752/2608/1286 1766/2622/153
f 1750/2606/151 1767/2623/152 1768/2624/149
f 1768/2624/149 1748/2604/1285 1750/2606/151
f 1743/2599/147 1748/2604/1285 1768/2624/149
f 1768/2624/149 1742/2600/148 1743/2599/147
f 1735/2590/1283 1760/2617/140 1734/2588/140
f 1737/2597/143 1736/2625/140 1745/2601/140
f 1769/2626/1288 1770/2627/1288 1772/2628/1288
f 1770/2627/1289 1769/2626/1289 1771/2629/1289
f 1774/2630/1290 1771/2631/1290 1769/2626/1290
f 1772/2628/1288 1773/2632/1291 1769/2626/1288
f 1769/2626/1290 1773/2632/1292 1774/2630/1290
f 1775/2633/1293 1774/2634/1293 1773/2632/1293
f 1773/2632/1293 1772/2628/1293 1775/2633/1293
f 1776/2635/1294 1775/2636/1294 1772/2628/1294
f 1771/2629/1289 1776/2637/1289 1770/2627/1289
f 1772/2628/1294 1770/2627/1295 1776/2635/1294
f 1777/2638/1296 1778/2639/1296 1782/2640/1296
f 1778/2641/1297 1777/2642/1297 1779/2643/1297
f 1780/2644/1298 1779/2645/1298 1777/2646/1298
f 1777/2646/1298 1781/2647/1298 1780/2644/1298
f 1782/2640/1299 1781/2648/1299 1777/2638/1299
f 1781/2648/1300 1782/2640/1300 1783/2649/1300
f 1783/2649/1301 1784/2650/1301 1781/2648/1301
f 1784/2651/1302 1783/2652/1302 1785/2653/1302
f 1785/2653/1302 1786/2654/1302 1784/2651/1302
f 1786/2655/1302 1785/2656/1302 1787/2657/1302
f 1787/2657/1302 1788/2658/1302 1786/2655/1302
f 1788/2659/1303 1787/2660/1303 1789/2661/1303
f 1789/2661/1303 1790/2662/1303 1788/2659/1303
f 1790/2663/1304 1789/2664/1304 1791/2665/1304
f 1792/2666/1304 1791/2667/1304 1793/2668/1305
f 1791/2665/1304 1792/2669/1304 1790/2663/1304
f 1793/2668/1305 1794/2670/1306 1792/2666/1304
f 1794/2671/1306 1793/2672/1305 1795/2673/1307
f 1795/2673/1307 1780/2674/1307 1794/2671/1307
f 1780/2674/1308 1795/2673/1308 1796/2675/1308
f 1796/2675/1308 1779/2676/1308 1780/2674/1308
f 1779/2643/1309 1796/2677/1309 1778/2641/1309
f 1792/2678/3 1794/2679/3 1784/2680/3
f 1781/2647/1310 1784/2681/1310 1794/2682/1311
f 1794/2682/1311 1780/2644/1311 1781/2647/1310
f 1790/2683/3 1792/2684/3 1786/2685/3
f 1784/2680/3 1786/2686/3 1792/2678/3
f 1786/2685/3 1788/2687/3 1790/2683/3
f 1797/2688/1312 1798/2689/1312 1802/2690/1312
f 1798/2691/1313 1797/2688/1313 1799/2692/1313
f 1800/2693/1314 1799/2692/1314 1797/2688/1314
f 1797/2688/1314 1801/2694/1314 1800/2693/1314
f 1802/2690/1312 1801/2694/1312 1797/2688/1312
f 1801/2694/1315 1802/2695/1315 1803/2696/1315
f 1800/2693/1316 1803/2697/1316 1804/2698/1316
f 1803/2696/1317 1800/2693/1317 1801/2694/1317
f 1804/2698/1316 1799/2692/1316 1800/2693/1316
f 1799/2692/1318 1804/2699/1318 1798/2691/1318
f 1805/2700/1319 1806/2701/1319 1808/2702/1319
f 1806/2703/1320 1805/2704/1320 1807/2705/1320
f 1808/2702/1319 1809/2706/1319 1805/2700/1319
f 1810/2707/1321 1811/2708/1321 1809/2709/1321
f 1809/2709/1322 1808/2710/1322 1810/2707/1322
f 1812/2711/1323 1807/2712/1323 1811/2713/1323
f 1811/2713/1323 1810/2714/1323 1812/2711/1323
f 1807/2705/1320 1812/2715/1320 1806/2703/1320
f 1808/2716/3 1806/2717/3 1812/2718/3
f 1812/2718/3 1810/2719/3 1808/2716/3
f 1813/2720/1324 1814/2721/1325 1816/2722/1325
f 1814/2721/1326 1813/2720/1327 1815/2723/1326
f 1818/2724/1328 1815/2725/1329 1813/2720/1329
f 1816/2722/1325 1817/2726/1330 1813/2720/1324
f 1813/2720/1329 1817/2726/1329 1818/2724/1328
f 1819/2727/1331 1818/2724/1332 1817/2726/1331
f 1820/2728/1333 1819/2727/1334 1821/2729/1334
f 1817/2726/1331 1821/2729/1332 1819/2727/1331
f 1821/2729/1334 1822/2730/1335 1820/2728/1333
f 1823/2731/1336 1822/2730/1337 1821/2729/1338
f 1821/2729/1338 1824/2732/1339 1823/2731/1336
f 1824/2732/1339 1821/2729/1338 1817/2726/1330
f 1817/2726/1330 1816/2722/1325 1824/2732/1339
f 1824/2732/1340 1816/2722/1340 1826/2733/1340
f 1823/2731/1341 1824/2732/1341 1825/2734/1341
f 1826/2733/1340 1825/2734/1340 1824/2732/1340
f 1827/2735/1342 1826/2733/1342 1816/2722/1343
f 1815/2723/1326 1827/2736/1344 1814/2721/1326
f 1816/2722/1343 1814/2721/1342 1827/2735/1342
f 1825/2734/1341 1828/2737/1341 1823/2731/1341
f 1829/2738/1345 1823/2731/1345 1828/2737/1345
f 1828/2737/1345 1830/2739/1345 1829/2738/1345
f 1830/2740/1346 1831/2741/1346 1832/2742/1346
f 1832/2742/1346 1833/2743/1346 1830/2740/1346
f 1829/2744/1347 1830/2740/1347 1833/2743/1347
f 1833/2743/1348 1832/2742/1348 1835/2745/1348
f 1833/2743/1347 1834/2746/1347 1829/2744/1347
f 1835/2745/1348 1834/2746/1349 1833/2743/1348
f 1835/2745/1350 1832/2742/1350 1822/2730/1337
f 1822/2730/1337 1823/2731/1336 1835/2745/1350
f 1835/2745/1351 1823/2731/1352 1829/2744/1352
f 1829/2744/1352 1834/2746/1352 1835/2745/1351
f 1822/2730/1335 1832/2742/1353 1831/2747/1354
f 1831/2747/1354 1820/2728/1333 1822/2730/1335
f 1836/2748/1355 1837/2749/1355 1839/2750/1355
f 1837/2749/1356 1836/2748/1356 1838/2751/1356
f 1841/2752/1357 1838/2753/1357 1836/2748/1357
f 1839/2750/1355 1840/2754/1355 1836/2748/1355
f 1836/2748/1357 1840/2754/1357 1841/2752/1357
f 1842/2755/1358 1841/2752/1358 1840/2754/1358
f 1840/2754/1358 1843/2756/1358 1842/2755/1358
f 1844/2757/1359 1842/2755/1360 1843/2756/1359
f 1845/2758/1359 1844/2757/1359 1846/2759/1359
f 1843/2756/1359 1846/2759/1359 1844/2757/1359
f 1848/2760/1355 1846/2759/1355 1847/2761/1355
f 1847/2761/1355 1846/2759/1355 1843/2756/1355
f 1846/2759/1359 1848/2760/1359 1845/2758/1359
f 1849/2762/1361 1845/2763/1361 1848/2760/1361
f 1848/2760/1361 1850/2764/1361 1849/2762/1361
f 1847/2761/1355 1850/2764/1355 1848/2760/1355
f 1851/2765/1362 1849/2766/1362 1850/2764/1362
f 1850/2764/1362 1847/2761/1362 1851/2765/1362
f 1852/2767/1363 1851/2765/1363 1847/2761/1363
f 1847/2761/1363 1853/2768/1363 1852/2767/1363
f 1854/2769/1364 1852/2767/1364 1853/2768/1364
f 1853/2768/1364 1839/2750/1364 1854/2769/1364
f 1855/2770/1362 1854/2769/1362 1839/2750/1362
f 1838/2751/1356 1855/2771/1356 1837/2749/1356
f 1839/2750/1362 1837/2749/1362 1855/2770/1362
f 1843/2756/1355 1853/2768/1355 1847/2761/1355
f 1853/2768/1355 1843/2756/1355 1840/2754/1355
f 1840/2754/1355 1839/2750/1355 1853/2768/1355
f 1856/2772/1 1857/2773/1 1861/2774/1
f 1857/2773/2 1856/2775/2 1858/2776/2
f 1859/2777/3 1858/2776/3 1856/2775/3
f 1856/2775/3 1860/2778/3 1859/2777/3
f 1861/2774/1 1860/2779/1 1856/2772/1
f 1862/2780/4 1863/2781/4 1861/2774/4
f 1861/2774/4 1857/2773/4 1862/2780/4
f 1860/2778/5 1861/2774/5 1863/2781/5
f 1859/2777/6 1863/2781/6 1862/2780/6
f 1863/2781/5 1859/2777/5 1860/2778/5
f 1862/2780/6 1858/2776/6 1859/2777/6
f 1858/2776/2 1862/2780/2 1857/2773/2
f 1865/2782/1365 1864/2783/1365 1866/2784/1365
f 1867/2785/1366 1866/2784/1366 1864/2786/1366
f 1864/2786/1366 1868/2787/1366 1867/2785/1366
f 1869/2788/1367 1867/2785/1367 1868/2789/1367
f 1868/2789/1367 1870/2790/1367 1869/2788/1367
f 1870/2791/1368 1865/2792/1368 1871/2793/1368
f 1871/2793/1368 1869/2788/1368 1870/2791/1368
f 1871/2793/1369 1866/2784/1369 1867/2785/1369
f 1866/2784/1365 1871/2793/1365 1865/2782/1365
f 1867/2785/1369 1869/2788/1369 1871/2793/1369
f 1872/2794/1370 1873/2795/1370 1875/2796/1370
f 1872/2797/1371 1874/2798/1371 1873/2795/1371
f 1875/2796/1370 1876/2799/1370 1872/2794/1370
f 1876/2800/1372 1875/2796/1372 1877/2801/1372
f 1877/2801/1372 1878/2802/1372 1876/2800/1372
f 1877/2801/1373 1873/2795/1373 1879/2803/1373
f 1877/2801/1373 1875/2796/1373 1873/2795/1373
f 1879/2803/1373 1880/2804/1373 1877/2801/1373
f 1879/2803/1374 1881/2805/1374 1880/2804/1374
f 1874/2798/1375 1881/2805/1376 1879/2803/1377
f 1879/2803/1377 1873/2795/1375 1874/2798/1375
f 1882/2806/1378 1883/2807/1378 1885/2808/1378
f 1883/2809/1379 1882/2810/1379 1884/2811/1379
f 1885/2808/1378 1886/2812/1378 1882/2806/1378
f 1888/2813/1380 1887/2814/1380 1886/2815/1380
f 1886/2815/1380 1885/2816/1380 1888/2813/1380
f 1887/2817/1381 1888/2818/1381 1889/2819/1381
f 1889/2820/3 1888/2821/3 1885/2822/3
f 1889/2819/1381 1884/2823/1381 1887/2817/1381
f 1884/2811/1379 1889/2824/1379 1883/2809/1379
f 1885/2822/3 1883/2825/3 1889/2820/3
f 1894/2826/1382 1890/2827/1382 1891/2828/1382
f 1891/2828/1383 1890/2827/1383 1892/2829/1383
f 1892/2829/1384 1890/2827/1385 1893/2830/1385
f 1895/2831/1386 1893/2830/1386 1890/2827/1386
f 1890/2827/1387 1894/2832/1388 1895/2831/1388
f 1893/2830/1389 1895/2833/1389 1896/2834/1389
f 1892/2829/1390 1898/2835/1390 1896/2836/1390
f 1896/2836/1390 1897/2837/1390 1892/2829/1390
f 1893/2830/1391 1896/2834/1391 1898/2835/1391
f 1893/2830/1385 1898/2835/1392 1892/2829/1384
f 1892/2829/1383 1897/2838/1383 1891/2828/1383
f 1900/2839/1393 1899/2840/1393 1901/2841/1393
f 1902/2842/1394 1901/2841/1394 1899/2843/1394
f 1899/2843/1394 1903/2844/1394 1902/2842/1394
f 1903/2845/1395 1905/2846/1395 1904/2847/1395
f 1904/2847/1395 1902/2842/1395 1903/2845/1395
f 1902/2842/1396 1904/2847/1396 1906/2848/1396
f 1906/2848/1396 1901/2841/1396 1902/2842/1396
f 1901/2841/1393 1906/2848/1397 1900/2839/1393
f 1908/2849/1398 1907/2850/1398 1909/2851/1398
f 1910/2852/1399 1909/2851/1399 1907/2853/1399
f 1907/2853/1399 1911/2854/1399 1910/2852/1399
f 1911/2855/1400 1913/2856/1400 1912/2857/1400
f 1912/2857/1400 1910/2852/1400 1911/2855/1400
f 1914/2858/1401 1912/2857/1401 1913/2859/1401
f 1913/2859/1401 1908/2860/1401 1914/2858/1401
f 1914/2858/1402 1909/2851/1402 1910/2852/1402
f 1909/2851/1398 1914/2858/1398 1908/2849/1398
f 1910/2852/1402 1912/2857/1402 1914/2858/1402
f 1918/2861/1403 1915/2862/1403 1916/2863/1403
f 1916/2863/1404 1915/2862/1404 1917/2864/1404
f 1920/2865/1405 1917/2866/1405 1915/2862/1405
f 1919/2867/1406 1915/2862/1406 1918/2861/1406
f 1915/2862/1405 1919/2867/1405 1920/2865/1405
f 1920/2868/1407 1919/2867/1407 1921/2869/1407
f 1921/2869/1407 1919/2867/1407 1918/2861/1407
f 1918/2861/1407 1922/2870/1407 1921/2869/1407
f 1921/2871/1408 1922/2870/1408 1923/2872/1408
f 1924/2873/1408 1921/2871/1408 1923/2872/1408
f 1916/2863/1404 1917/2864/1404 1924/2874/1404
f 1924/2874/1404 1925/2875/1404 1916/2863/1404
f 1923/2872/1408 1925/2875/1408 1924/2873/1408
f 1925/2875/1409 1923/2872/1409 1916/2863/1409
f 1918/2861/1403 1916/2863/1403 1923/2872/1403
f 1923/2872/1403 1922/2870/1403 1918/2861/1403
f 1926/2876/1410 1927/2877/1410 1929/2878/1410
f 1927/2877/1411 1926/2876/1411 1928/2879/1411
f 1931/2880/1412 1928/2881/1412 1926/2876/1412
f 1929/2878/1410 1930/2882/1410 1926/2876/1410
f 1926/2876/1412 1930/2882/1412 1931/2880/1412
f 1932/2883/1413 1931/2884/1413 1930/2882/1413
f 1933/2885/1414 1932/2886/1414 1929/2878/1414
f 1930/2882/1413 1929/2878/1413 1932/2883/1413
f 1928/2879/1411 1933/2887/1411 1927/2877/1411
f 1929/2878/1414 1927/2877/1414 1933/2885/1414
f 1934/2888/1415 1935/2889/1415 1939/2890/1415
f 1935/2891/1416 1934/2888/1416 1936/2892/1416
f 1937/2893/1417 1936/2892/1417 1934/2888/1417
f 1934/2888/1417 1938/2894/1417 1937/2893/1417
f 1939/2890/1418 1938/2894/1418 1934/2888/1418
f 1938/2894/1419 1939/2895/1419 1940/2896/1419
f 1940/2896/1419 1937/2893/1419 1938/2894/1419
f 1937/2893/1420 1940/2897/1420 1941/2898/1420
f 1941/2898/1421 1936/2892/1421 1937/2893/1421
f 1936/2892/1416 1941/2899/1416 1935/2891/1416
f 1942/2900/1422 1943/2901/1422 1945/2902/1422
f 1943/2903/1423 1942/2904/1423 1944/2905/1423
f 1945/2902/1422 1946/2906/1422 1942/2900/1422
f 1947/2907/963 1948/2908/963 1946/2909/963
f 1946/2909/963 1945/2910/963 1947/2907/963
f 1948/2911/1424 1947/2912/1424 1949/2913/1424
f 1949/2913/1424 1944/2914/1424 1948/2911/1424
f 1944/2905/1423 1949/2915/1423 1943/2903/1423
f 1945/2916/3 1943/2917/3 1949/2918/3
f 1949/2918/3 1947/2919/3 1945/2916/3
f 1950/2920/1139 1951/2921/1140 1955/2922/1141
f 1951/2921/1140 1950/2920/1139 1952/2923/161
f 1956/2924/1425 1952/2923/161 1950/2920/1139
f 1950/2920/1139 1953/2925/1143 1956/2924/1425
f 1953/2925/1143 1950/2920/1139 1954/2926/142
f 1955/2922/1141 1954/2926/142 1950/2920/1139
f 1957/2927/1144 1956/2928/1425 1959/2929/249
f 1952/2923/161 1956/2924/1425 1957/2930/1144
f 1958/2931/1426 1959/2929/249 1956/2928/1425
f 1956/2928/1425 1953/2932/1143 1958/2931/1426
f 1959/2929/249 1962/2933/249 1957/2927/1144
f 1959/2929/249 1958/2931/1426 1961/2934/1427
f 1962/2933/249 1959/2929/249 1960/2935/249
f 1961/2934/1427 1960/2935/249 1959/2929/249
f 1965/2936/1428 1957/2927/1144 1962/2933/249
f 1962/2933/249 1963/2937/1429 1965/2936/1428
f 1963/2937/1429 1962/2933/249 1964/2938/249
f 1960/2935/249 1964/2938/249 1962/2933/249
f 1967/2939/4 1965/2940/1428 1963/2941/1429
f 1966/2942/159 1957/2930/1144 1965/2940/1428
f 1965/2940/1428 1967/2939/4 1966/2942/159
f 1969/2943/1150 1966/2942/159 1967/2939/4
f 1963/2941/1429 1968/2944/156 1967/2939/4
f 1970/2945/1182 1967/2939/4 1968/2944/156
f 1967/2939/4 1970/2945/1182 1969/2943/1150
f 1970/2945/1182 1971/2946/140 1973/2947/140
f 1971/2946/140 1970/2945/1182 1972/2948/1152
f 1968/2944/156 1972/2948/1152 1970/2945/1182
f 1973/2947/140 1969/2943/1150 1970/2945/1182
f 1969/2943/1150 1973/2947/140 1974/2949/140
f 1976/2950/1430 1974/2949/140 1975/2951/140
f 1974/2949/140 1976/2950/1430 1969/2943/1150
f 1969/2943/1150 1976/2950/1430 1952/2923/161
f 1952/2923/161 1976/2950/1430 1951/2921/1140
f 1975/2951/140 1951/2921/1140 1976/2950/1430
f 1951/2921/1140 1975/2951/140 1977/2952/140
f 1955/2922/1141 1977/2952/140 1978/2953/140
f 1977/2952/140 1955/2922/1141 1951/2921/1140
f 1980/2954/1431 1978/2953/140 1979/2955/140
f 1978/2953/140 1980/2954/1431 1955/2922/1141
f 1981/2956/145 1980/2954/1431 1982/2957/1162
f 1980/2954/1431 1981/2956/145 1954/2926/142
f 1954/2926/142 1955/2922/1141 1980/2954/1431
f 1979/2955/140 1982/2957/1162 1980/2954/1431
f 1982/2957/1162 1983/2958/3 1981/2956/145
f 1983/2959/3 1982/2960/1162 1984/2961/1156
f 1985/2962/140 1984/2961/1156 1982/2960/1162
f 1982/2960/1162 1979/2963/140 1985/2962/140
f 1984/2961/1156 1985/2962/140 1986/2964/140
f 1986/2964/140 1988/2965/1155 1984/2961/1156
f 1988/2965/1155 1986/2964/140 1987/2966/140
f 1989/2967/148 1984/2961/1156 1988/2965/1155
f 1988/2965/1155 1990/2968/149 1989/2967/148
f 1990/2968/149 1988/2965/1155 1991/2969/1432
f 1987/2966/140 1991/2969/1432 1988/2965/1155
f 1992/2970/1433 1991/2969/1432 1994/2971/1180
f 1991/2969/1432 1992/2970/1433 1990/2968/149
f 1991/2969/1432 1987/2966/140 1993/2972/140
f 1993/2972/140 1994/2971/1180 1991/2969/1432
f 1994/2971/1180 1993/2972/140 1996/2973/140
f 1994/2971/1180 1995/2974/153 1992/2970/1433
f 1995/2974/153 1994/2971/1180 1972/2948/1152
f 1996/2973/140 1972/2948/1152 1994/2971/1180
f 1972/2948/1152 1996/2973/140 1971/2946/140
f 1972/2948/1152 1968/2944/156 1995/2974/153
f 1998/2975/1434 1995/2974/153 1968/2944/156
f 1995/2974/153 1998/2975/1434 1997/2976/1159
f 1997/2976/1159 1992/2970/1433 1995/2974/153
f 1968/2944/156 1963/2941/1429 1998/2975/1434
f 1999/2977/1435 1997/2978/1159 1998/2979/1434
f 1998/2979/1434 1964/2938/249 1999/2977/1435
f 1964/2938/249 1998/2979/1434 1963/2937/1429
f 2000/2980/1157 1999/2977/1435 1964/2938/249
f 1990/2968/149 1999/2981/1435 2000/2982/1157
f 1992/2970/1433 1997/2976/1159 1999/2981/1435
f 1999/2981/1435 1990/2968/149 1992/2970/1433
f 1989/2967/148 2000/2982/1157 2001/2983/1436
f 2000/2982/1157 1989/2967/148 1990/2968/149
f 2001/2984/1436 2000/2980/1157 1960/2935/249
f 1964/2938/249 1960/2935/249 2000/2980/1157
f 2001/2983/1436 1983/2959/3 1989/2967/148
f 1983/2958/3 2001/2984/1436 1961/2934/1427
f 1960/2935/249 1961/2934/1427 2001/2984/1436
f 1984/2961/1156 1989/2967/148 1983/2959/3
f 1961/2934/1427 1981/2956/145 1983/2958/3
f 1958/2985/1426 1954/2926/142 1981/2956/145
f 1981/2956/145 1961/2934/1427 1958/2985/1426
f 1952/2923/161 1966/2942/159 1969/2943/1150
f 1957/2930/1144 1966/2942/159 1952/2923/161
f 1954/2926/142 1958/2985/1426 1953/2925/1143
f 2003/2986/1437 2002/2987/1437 2004/2988/1437
f 2004/2988/1438 2002/2987/1438 2005/2989/1438
f 2005/2989/1438 2006/2990/1438 2004/2988/1438
f 2006/2991/1439 2007/2992/1439 2008/2993/1439
f 2008/2993/1439 2004/2988/1439 2006/2991/1439
f 2004/2988/1437 2008/2993/1437 2003/2986/1437
f 2003/2986/1440 2008/2993/1440 2007/2994/1440
f 2007/2994/1440 2009/2995/1440 2003/2986/1440
f 2010/2996/77 2011/2997/77 2015/2998/77
f 2011/2999/78 2010/2996/78 2012/3000/78
f 2013/3001/454 2012/3000/454 2010/2996/9
f 2010/2996/9 2014/3002/9 2013/3001/454
f 2015/2998/77 2014/3002/77 2010/2996/77
f 2014/3002/79 2015/3003/79 2016/3004/79
f 2016/3004/1081 2013/3001/1081 2014/3002/1081
f 2013/3001/80 2016/3005/80 2017/3006/80
f 2017/3006/80 2012/3000/80 2013/3001/80
f 2012/3000/78 2017/3007/78 2011/2999/78
f 2018/3008/1441 2019/3009/1441 2021/3010/1441
f 2019/3009/1442 2018/3008/1442 2020/3011/1442
f 2023/3012/1443 2020/3013/1443 2018/3008/1443
f 2021/3010/1441 2022/3014/1441 2018/3008/1441
f 2018/3008/1443 2022/3014/1443 2023/3012/1443
f 2024/3015/1444 2023/3016/1444 2022/3014/1444
f 2022/3014/1444 2021/3010/1444 2024/3015/1444
f 2025/3017/1445 2024/3018/1445 2021/3010/1445
f 2020/3011/1442 2025/3019/1442 2019/3009/1442
f 2021/3010/1445 2019/3009/1445 2025/3017/1445
f 2026/3020/1446 2027/3021/1446 2029/3022/1446
f 2027/3021/1447 2026/3023/1447 2028/3024/1447
f 2029/3022/1446 2030/3025/1446 2026/3020/1446
f 2030/3026/1448 2029/3022/1448 2031/3027/1449
f 2031/3027/1449 2032/3028/1448 2030/3026/1448
f 2030/3026/1450 2032/3028/1450 2033/3029/1450
f 2033/3029/1451 2032/3028/1451 2034/3030/1451
f 2034/3030/1451 2035/3031/1451 2033/3029/1451
f 2028/3024/1447 2035/3031/1447 2027/3021/1447
f 2029/3022/1452 2027/3021/1452 2035/3031/1452
f 2029/3022/1452 2035/3031/1452 2034/3030/1453
f 2034/3030/1453 2031/3027/1452 2029/3022/1452
f 2034/3030/1454 2032/3028/1454 2031/3027/1454
f 2036/3032/1455 2037/3033/1455 2039/3034/1456
f 2037/3033/1457 2036/3032/1457 2038/3035/1458
f 2041/3036/1459 2038/3037/1459 2036/3032/1459
f 2039/3034/1456 2040/3038/1455 2036/3032/1455
f 2036/3032/1459 2040/3038/1459 2041/3036/1459
f 2042/3039/1460 2041/3040/1460 2040/3038/1460
f 2043/3041/1461 2042/3042/1461 2039/3034/1461
f 2040/3038/1460 2039/3034/1460 2042/3039/1460
f 2039/3034/1461 2037/3033/1461 2043/3041/1461
f 2038/3035/1458 2043/3043/1457 2037/3033/1457
f 2044/3044/1462 2045/3045/1462 2047/3046/1462
f 2045/3047/1463 2044/3048/1463 2046/3049/1463
f 2047/3046/1462 2048/3050/1462 2044/3044/1462
f 2049/3051/1464 2050/3052/1464 2048/3053/1464
f 2048/3053/1464 2047/3054/1464 2049/3051/1464
f 2051/3055/1465 2046/3056/1465 2050/3057/1465
f 2050/3057/1465 2049/3058/1465 2051/3055/1465
f 2047/3059/3 2045/3060/3 2051/3061/3
f 2046/3049/1463 2051/3062/1463 2045/3047/1463
f 2051/3061/3 2049/3063/3 2047/3059/3
f 2052/3064/1466 2053/3065/1466 2055/3066/1466
f 2053/3065/1467 2052/3064/1468 2054/3067/1467
f 2057/3068/1469 2054/3069/1470 2052/3064/1470
f 2055/3066/1466 2056/3070/1466 2052/3064/1466
f 2052/3064/1470 2056/3070/1469 2057/3068/1469
f 2058/3071/1471 2057/3072/1471 2056/3070/1471
f 2059/3073/1472 2058/3074/1472 2055/3066/1472
f 2056/3070/1471 2055/3066/1471 2058/3071/1471
f 2054/3067/1467 2059/3075/1467 2053/3065/1467
f 2055/3066/1472 2053/3065/1473 2059/3073/1472
f 2060/3076/1474 2061/3077/1474 2063/3078/1474
f 2061/3079/1475 2060/3080/1475 2062/3081/1475
f 2063/3078/1474 2064/3082/1474 2060/3076/1474
f 2065/3083/1476 2066/3084/1476 2064/3085/1476
f 2064/3085/1477 2063/3086/1477 2065/3083/1477
f 2067/3087/1478 2062/3088/1478 2066/3089/1478
f 2066/3089/1478 2065/3090/1478 2067/3087/1478
f 2062/3081/1475 2067/3091/1475 2061/3079/1475
f 2063/3092/3 2061/3093/3 2067/3094/3
f 2067/3094/3 2065/3095/3 2063/3092/3
f 2069/3096/1479 2068/3097/1479 2070/3098/1479
f 2071/3099/1480 2070/3098/1480 2068/3100/1480
f 2068/3100/1480 2072/3101/1481 2071/3099/1480
f 2073/3102/1482 2071/3099/1482 2072/3103/1482
f 2072/3103/1482 2074/3104/1482 2073/3102/1482
f 2074/3105/1483 2069/3106/1483 2075/3107/1483
f 2075/3107/1483 2073/3102/1484 2074/3105/1483
f 2075/3107/1485 2070/3098/1485 2071/3099/1485
f 2070/3098/1479 2075/3107/1479 2069/3096/1479
f 2071/3099/1485 2073/3102/1485 2075/3107/1485
f 2076/3108/1486 2077/3109/1486 2079/3110/1486
f 2077/3109/1487 2076/3108/1488 2078/3111/1487
f 2081/3112/1489 2078/3113/1489 2076/3108/1489
f 2079/3110/1486 2080/3114/1486 2076/3108/1486
f 2076/3108/1489 2080/3114/1489 2081/3112/1489
f 2082/3115/1490 2081/3116/1490 2080/3114/1490
f 2083/3117/1491 2082/3118/1492 2079/3110/1492
f 2080/3114/1490 2079/3110/1490 2082/3115/1490
f 2078/3111/1487 2083/3119/1487 2077/3109/1487
f 2079/3110/1492 2077/3109/1491 2083/3117/1491
f 2085/3120/1493 2084/3121/1494 2086/3122/1495
f 2087/3123/1496 2086/3122/1496 2084/3121/1496
f 2084/3121/1496 2088/3124/1497 2087/3123/1496
f 2088/3124/8 2089/3125/8 2090/3126/8
f 2090/3126/8 2087/3123/8 2088/3124/8
f 2087/3123/11 2090/3127/11 2091/3128/11
f 2091/3128/11 2086/3122/11 2087/3123/11
f 2086/3122/1495 2091/3129/1494 2085/3120/1493
f 2092/3130/1498 2093/3131/1498 2095/3132/1498
f 2093/3131/1499 2092/3130/1499 2094/3133/1499
f 2097/3134/1500 2094/3135/1500 2092/3130/1500
f 2095/3132/1498 2096/3136/1498 2092/3130/1498
f 2092/3130/1500 2096/3136/1500 2097/3134/1500
f 2098/3137/1501 2097/3138/1501 2096/3136/1501
f 2099/3139/1502 2098/3140/1502 2095/3132/1502
f 2096/3136/1501 2095/3132/1501 2098/3137/1501
f 2094/3133/1499 2099/3141/1499 2093/3131/1499
f 2095/3132/1502 2093/3131/1502 2099/3139/1502
f 2100/3142/455 2101/3143/455 2105/3144/455
f 2101/3145/1503 2100/3146/1503 2102/3147/1503
f 2103/3148/1504 2102/3149/1504 2100/3150/1504
f 2100/3150/1504 2104/3151/1504 2103/3148/1504
f 2105/3144/455 2104/3152/455 2100/3142/455
f 2104/3153/1505 2105/3154/1505 2106/3155/1505
f 2103/3156/1506 2106/3157/1506 2107/3158/1506
f 2106/3155/1505 2103/3159/1505 2104/3153/1505
f 2107/3158/1506 2102/3160/1506 2103/3156/1506
f 2102/3147/1503 2107/3161/1503 2101/3145/1503
f 2108/3162/1507 2109/3163/1507 2113/3164/1507
f 2109/3165/1508 2108/3162/1508 2110/3166/1508
f 2111/3167/1509 2110/3166/1509 2108/3162/1509
f 2108/3162/1509 2112/3168/1509 2111/3167/1509
f 2113/3164/1507 2112/3168/1507 2108/3162/1507
f 2112/3168/1510 2113/3169/1510 2114/3170/1510
f 2111/3167/1511 2114/3171/1511 2115/3172/1511
f 2114/3170/1512 2111/3167/1512 2112/3168/1512
f 2115/3172/1511 2110/3166/1511 2111/3167/1511
f 2110/3166/1508 2115/3173/1508 2109/3165/1508
f 2116/3174/1513 2117/3175/1513 2119/3176/1513
f 2117/3175/1514 2116/3174/1514 2118/3177/1514
f 2121/3178/1515 2118/3179/1515 2116/3174/1515
f 2119/3176/1513 2120/3180/1513 2116/3174/1513
f 2116/3174/1515 2120/3180/1515 2121/3178/1515
f 2122/3181/1516 2121/3182/1516 2120/3180/1516
f 2120/3180/1516 2119/3176/1516 2122/3181/1516
f 2123/3183/1517 2122/3184/1517 2119/3176/1517
f 2118/3177/1514 2123/3185/1514 2117/3175/1514
f 2119/3176/1517 2117/3175/1517 2123/3183/1517
f 2125/3186/1518 2124/3187/1518 2126/3188/1518
f 2127/3189/1519 2126/3188/1519 2124/3190/1519
f 2124/3190/1519 2128/3191/1519 2127/3189/1519
f 2129/3192/1520 2127/3189/1520 2128/3193/1520
f 2128/3193/1520 2130/3194/1520 2129/3192/1520
f 2130/3195/1521 2125/3196/1521 2131/3197/1521
f 2131/3197/1521 2129/3192/1521 2130/3195/1521
f 2131/3197/1522 2126/3188/1522 2127/3189/1522
f 2126/3188/1518 2131/3197/1518 2125/3186/1518
f 2127/3189/1522 2129/3192/1522 2131/3197/1522
f 2135/3198/1523 2132/3199/1523 2133/3200/1523
f 2133/3201/1524 2132/3202/1525 2134/3203/1524
f 2134/3204/1526 2132/3205/1526 2135/3206/1526
f 2133/3200/1523 2136/3207/1523 2135/3198/1523
f 2135/3206/1526 2137/3208/1527 2134/3204/1526
f 2137/3209/1528 2135/3210/1528 2138/3211/1528
f 2140/3212/1529 2138/3213/1529 2139/3214/1529
f 2138/3211/1530 2140/3215/1530 2137/3209/1530
f 2139/3214/1529 2141/3216/1529 2140/3212/1529
f 2137/3217/1531 2140/3212/1531 2141/3216/1531
f 2139/3214/1529 2142/3218/1529 2141/3216/1529
f 2141/3219/1532 2142/3220/1532 2144/3221/1533
f 2141/3216/1531 2143/3222/1531 2137/3217/1531
f 2144/3221/1533 2143/3223/1532 2141/3219/1532
f 2144/3221/1534 2134/3203/1534 2137/3224/1534
f 2133/3201/1524 2134/3203/1524 2144/3221/1524
f 2133/3201/1524 2144/3221/1524 2142/3220/1525
f 2137/3224/1534 2143/3225/1535 2144/3221/1534
f 2142/3220/1525 2145/3226/1536 2133/3201/1524
f 2139/3214/1529 2145/3227/1529 2142/3218/1529
f 2136/3228/1537 2133/3229/1537 2145/3230/1537
f 2145/3230/1538 2139/3231/1538 2136/3228/1538
f 2146/3232/932 2147/3233/932 2149/3234/932
f 2147/3233/927 2146/3235/927 2148/3236/927
f 2149/3234/932 2150/3237/932 2146/3232/932
f 2150/3238/930 2149/3234/930 2152/3239/930
f 2152/3239/930 2151/3240/930 2150/3238/930
f 2151/3241/929 2152/3239/929 2153/3242/929
f 2153/3242/933 2152/3239/933 2149/3234/933
f 2153/3242/929 2148/3243/929 2151/3241/929
f 2148/3236/927 2153/3242/927 2147/3233/927
f 2149/3234/933 2147/3233/933 2153/3242/933
f 2158/3244/1539 2154/3245/1539 2155/3246/1539
f 2155/3246/1540 2154/3245/1540 2156/3247/1540
f 2156/3247/1541 2154/3245/1542 2157/3248/1542
f 2159/3249/1543 2157/3248/1543 2154/3245/1543
f 2154/3245/1543 2158/3250/1543 2159/3249/1544
f 2157/3248/1545 2159/3251/1545 2160/3252/1545
f 2157/3248/1546 2160/3252/1546 2161/3253/1546
f 2156/3247/1547 2161/3253/1547 2160/3254/1547
f 2160/3254/1547 2162/3255/1547 2156/3247/1547
f 2156/3247/1540 2162/3256/1540 2155/3246/1540
f 2157/3248/1542 2161/3253/1541 2156/3247/1541
f 2163/3257/1548 2164/3258/1548 2168/3259/1548
f 2164/3260/1549 2163/3257/1549 2165/3261/1549
f 2166/3262/1550 2165/3261/1550 2163/3257/1550
f 2163/3257/1550 2167/3263/1550 2166/3262/1550
f 2168/3259/1548 2167/3263/1548 2163/3257/1548
f 2167/3263/1551 2168/3264/1551 2169/3265/1551
f 2166/3262/1552 2169/3266/1552 2170/3267/1552
f 2169/3265/1553 2166/3262/1553 2167/3263/1553
f 2170/3267/1552 2165/3261/1552 2166/3262/1552
f 2165/3261/1549 2170/3268/1549 2164/3260/1549
f 2172/3269/1554 2171/3270/1554 2173/3271/1554
f 2174/3272/1555 2173/3271/1555 2171/3273/1555
f 2171/3273/1555 2175/3274/1555 2174/3272/1555
f 2175/3275/1556 2177/3276/1556 2176/3277/1556
f 2176/3277/1556 2174/3272/1556 2175/3275/1556
f 2178/3278/1557 2176/3277/1557 2177/3279/1557
f 2177/3279/1557 2172/3280/1557 2178/3278/1557
f 2178/3278/1558 2173/3271/1558 2174/3272/1558
f 2173/3271/1554 2178/3278/1554 2172/3269/1554
f 2174/3272/1558 2176/3277/1558 2178/3278/1558
f 2179/3281/1559 2180/3282/1559 2182/3283/1559
f 2180/3284/1560 2179/3285/1560 2181/3286/1560
f 2182/3283/1559 2183/3287/1559 2179/3281/1559
f 2183/3288/1561 2182/3289/1561 2185/3290/1561
f 2185/3290/1561 2184/3291/1561 2183/3288/1561
f 2184/3292/1562 2185/3293/1562 2186/3294/1562
f 2186/3295/3 2185/3296/3 2182/3297/3
f 2186/3294/1562 2181/3298/1562 2184/3292/1562
f 2181/3286/1560 2186/3299/1560 2180/3284/1560
f 2182/3297/3 2180/3300/3 2186/3295/3
f 2187/3301/1563 2188/3302/1563 2190/3303/1564
f 2188/3302/1565 2187/3301/1565 2189/3304/1565
f 2192/3305/1566 2189/3306/1566 2187/3301/1566
f 2190/3303/1564 2191/3307/1564 2187/3301/1563
f 2187/3301/1566 2191/3307/1566 2192/3305/1566
f 2193/3308/1567 2192/3309/1567 2191/3307/1567
f 2191/3307/1567 2190/3303/1567 2193/3308/1567
f 2194/3310/1568 2193/3311/1568 2190/3303/1568
f 2189/3304/1565 2194/3312/1565 2188/3302/1565
f 2190/3303/1568 2188/3302/1568 2194/3310/1568
f 2196/3313/1569 2195/3314/1569 2197/3315/1569
f 2198/3316/1570 2197/3315/1570 2195/3317/1570
f 2195/3317/1570 2199/3318/1570 2198/3316/1570
f 2200/3319/1571 2198/3316/1572 2199/3320/1571
f 2199/3320/1571 2201/3321/1571 2200/3319/1571
f 2201/3322/1573 2196/3323/1573 2202/3324/1573
f 2202/3324/1573 2200/3319/1573 2201/3322/1573
f 2202/3324/1574 2197/3315/1574 2198/3316/1574
f 2197/3315/1569 2202/3324/1569 2196/3313/1569
f 2198/3316/1574 2200/3319/1574 2202/3324/1574
f 2203/3325/1575 2204/3326/1575 2206/3327/1575
f 2204/3326/1576 2203/3328/1576 2205/3329/1576
f 2206/3327/1575 2207/3330/1575 2203/3325/1575
f 2208/3331/1577 2209/3332/1577 2207/3333/1577
f 2207/3333/1577 2206/3327/1577 2208/3331/1577
f 2210/3334/1578 2205/3335/1578 2209/3336/1578
f 2209/3336/1578 2208/3331/1578 2210/3334/1578
f 2205/3329/1576 2210/3334/1576 2204/3326/1576
f 2206/3327/1579 2204/3326/1579 2210/3334/1579
f 2210/3334/1579 2208/3331/1579 2206/3327/1579
f 2211/3337/1580 2212/3338/1580 2216/3339/1580
f 2212/3340/1581 2211/3341/1581 2213/3342/1581
f 2214/3343/1582 2213/3344/1582 2211/3345/1582
f 2211/3345/1582 2215/3346/1582 2214/3343/1582
f 2216/3339/1580 2215/3347/1580 2211/3337/1580
f 2215/3348/1583 2216/3349/1583 2217/3350/1583
f 2217/3350/1583 2214/3351/1583 2215/3348/1583
f 2214/3352/1584 2217/3353/1584 2218/3354/1584
f 2218/3354/1584 2213/3355/1584 2214/3352/1584
f 2213/3342/1585 2218/3356/1585 2212/3340/1585
f 2219/3357/1586 2220/3358/1587 2222/3359/1588
f 2220/3358/1587 2219/3357/1586 2221/3360/1589
f 2221/3360/1589 2219/3357/1586 2224/3361/1590
f 2222/3359/1588 2223/3362/1591 2219/3357/1586
f 2224/3361/1590 2219/3357/1586 2223/3362/1591
f 2224/3361/1590 2225/3363/1592 2221/3360/1589
f 2223/3362/1591 2226/3364/1593 2224/3361/1590
f 2227/3365/1594 2226/3366/1593 2223/3367/1591
f 2227/3365/1594 2229/3368/1595 2228/3369/1596
f 2228/3369/1596 2230/3370/1597 2227/3365/1594
f 2223/3367/1591 2229/3368/1595 2227/3365/1594
f 2231/3371/1598 2230/3370/1597 2228/3369/1596
f 2228/3369/1596 2234/3372/1599 2231/3371/1598
f 2231/3371/1598 2234/3372/1599 2232/3373/1600
f 2232/3373/1600 2233/3374/1601 2231/3371/1598
f 2235/3375/1602 2232/3373/1600 2234/3372/1599
f 2234/3372/1599 2236/3376/1603 2235/3375/1602
f 2236/3376/1603 2234/3372/1599 2228/3369/1596
f 2228/3369/1596 2237/3377/1604 2236/3376/1603
f 2237/3377/1604 2228/3369/1596 2229/3368/1595
f 2229/3368/1595 2238/3378/1605 2237/3377/1604
f 2238/3378/1605 2229/3368/1595 2223/3367/1591
f 2223/3367/1591 2222/3379/1588 2238/3378/1605
f 2232/3373/1600 2235/3375/1602 2239/3380/1605
f 2239/3380/1605 2241/3381/1606 2232/3373/1600
f 2241/3381/1606 2239/3380/1605 2240/3382/1588
f 2232/3373/1600 2241/3381/1606 2243/3383/1607
f 2240/3382/1588 2242/3384/1608 2241/3381/1606
f 2243/3383/1607 2241/3381/1606 2242/3384/1608
f 2243/3383/1607 2233/3374/1601 2232/3373/1600
f 2242/3384/1608 2244/3385/1609 2243/3383/1607
f 2245/3386/1610 2244/3385/1609 2242/3384/1608
f 2242/3384/1608 2247/3387/1611 2245/3386/1610
f 2245/3386/1610 2247/3387/1611 2246/3388/1612
f 2246/3388/1612 2248/3389/1613 2245/3386/1610
f 2249/3390/1614 2248/3389/1613 2246/3388/1612
f 2221/3360/1589 2225/3363/1592 2249/3390/1614
f 2249/3390/1614 2250/3391/1615 2221/3360/1589
f 2246/3388/1612 2250/3391/1615 2249/3390/1614
f 2250/3391/1615 2251/3392/1603 2252/3393/1602
f 2251/3392/1603 2250/3391/1615 2246/3388/1612
f 2252/3393/1602 2221/3360/1589 2250/3391/1615
f 2221/3360/1589 2252/3393/1602 2220/3358/1587
f 2246/3388/1612 2253/3394/1605 2251/3392/1603
f 2247/3387/1611 2254/3395/1616 2253/3394/1605
f 2253/3394/1605 2246/3388/1612 2247/3387/1611
f 2242/3384/1608 2240/3382/1588 2254/3395/1616
f 2254/3395/1616 2247/3387/1611 2242/3384/1608
f 2255/3396/1617 2256/3397/1617 2260/3398/1617
f 2256/3399/1618 2255/3396/1618 2257/3400/1618
f 2258/3401/1619 2257/3400/1619 2255/3396/1619
f 2255/3396/1619 2259/3402/1619 2258/3401/1619
f 2260/3398/1620 2259/3402/1620 2255/3396/1620
f 2259/3402/1621 2260/3403/1621 2261/3404/1621
f 2258/3401/1622 2261/3405/1622 2262/3406/1622
f 2261/3404/1621 2258/3401/1621 2259/3402/1621
f 2262/3406/1623 2257/3400/1623 2258/3401/1623
f 2257/3400/1624 2262/3407/1624 2256/3399/1624
f 2264/3408/1625 2263/3409/1625 2265/3410/1625
f 2265/3410/1625 2266/3411/1625 2264/3408/1625
f 2266/3411/202 2265/3412/202 2267/3413/202
f 2267/3413/202 2268/3414/202 2266/3411/202
f 2268/3414/1626 2267/3415/1626 2269/3416/1626
f 2269/3416/1626 2270/3417/1626 2268/3414/1626
f 2266/3411/1627 2268/3414/1627 2270/3417/1627
f 2270/3417/1627 2264/3408/1627 2266/3411/1627
f 2271/3418/1628 2272/3419/1629 2274/3420/1629
f 2272/3419/1630 2271/3418/1630 2273/3421/1630
f 2274/3420/1631 2275/3422/1631 2271/3418/1631
f 2275/3423/1632 2274/3424/1632 2276/3425/1632
f 2276/3425/1632 2277/3426/1632 2275/3423/1632
f 2278/3427/1633 2273/3421/1633 2277/3426/1633
f 2277/3426/1634 2276/3425/1634 2278/3427/1634
f 2273/3421/1635 2278/3427/1635 2272/3419/1635
f 2274/3420/1636 2272/3419/1637 2278/3428/1636
f 2278/3428/1636 2276/3429/1636 2274/3420/1636
